timestamp,demand_mw,supply_mw,source_file
2025-02-04 00:00:00,69451.391667,108623.0,KPX_public_sukub_csv
2025-02-04 01:00:00,66992.1,107754.083333,KPX_public_sukub_csv
2025-02-04 02:00:00,65598.941667,107864.166667,KPX_public_sukub_csv
2025-02-04 03:00:00,64913.933333,107839.75,KPX_public_sukub_csv
2025-02-04 04:00:00,65260.166667,107865.583333,KPX_public_sukub_csv
2025-02-04 05:00:00,66983.683333,107878.083333,KPX_public_sukub_csv
2025-02-04 06:00:00,71105.641667,107955.75,KPX_public_sukub_csv
2025-02-04 07:00:00,77689.916667,108577.75,KPX_public_sukub_csv
2025-02-04 08:00:00,85198.925,108943.583333,KPX_public_sukub_csv
2025-02-04 09:00:00,86472.375,109781.333333,KPX_public_sukub_csv
2025-02-04 10:00:00,84338.991667,110496.416667,KPX_public_sukub_csv
2025-02-04 11:00:00,81470.858333,111099.083333,KPX_public_sukub_csv
2025-02-04 12:00:00,76933.933333,111169.333333,KPX_public_sukub_csv
2025-02-04 13:00:00,79251.6,111345.916667,KPX_public_sukub_csv
2025-02-04 14:00:00,80614.708333,111395.75,KPX_public_sukub_csv
2025-02-04 15:00:00,82152.183333,110993.75,KPX_public_sukub_csv
2025-02-04 16:00:00,84691.145455,110059.727273,KPX_public_sukub_csv
2025-02-04 17:00:00,85749.891667,109798.75,KPX_public_sukub_csv
2025-02-04 18:00:00,85098.833333,109911.75,KPX_public_sukub_csv
2025-02-04 19:00:00,83257.491667,109886.666667,KPX_public_sukub_csv
2025-02-04 20:00:00,79818.991667,109472.25,KPX_public_sukub_csv
2025-02-04 21:00:00,76700.875,109232.333333,KPX_public_sukub_csv
2025-02-04 22:00:00,75359.208333,108877.083333,KPX_public_sukub_csv
2025-02-04 23:00:00,74586.033333,108777.25,KPX_public_sukub_csv
2025-02-05 00:00:00,71082.55,107860.75,KPX_public_sukub_csv
2025-02-05 01:00:00,68434.083333,107683.0,KPX_public_sukub_csv
2025-02-05 02:00:00,66916.025,106864.833333,KPX_public_sukub_csv
2025-02-05 03:00:00,66048.508333,106827.333333,KPX_public_sukub_csv
2025-02-05 04:00:00,66283.183333,106777.083333,KPX_public_sukub_csv
2025-02-05 05:00:00,67806.833333,106723.416667,KPX_public_sukub_csv
2025-02-05 06:00:00,71795.908333,107023.166667,KPX_public_sukub_csv
2025-02-05 07:00:00,78271.733333,107765.333333,KPX_public_sukub_csv
2025-02-05 08:00:00,85895.883333,107737.75,KPX_public_sukub_csv
2025-02-05 09:00:00,87120.318182,108274.090909,KPX_public_sukub_csv
2025-02-05 10:00:00,84899.7,109275.454545,KPX_public_sukub_csv
2025-02-05 11:00:00,81915.775,109475.583333,KPX_public_sukub_csv
2025-02-05 12:00:00,77528.633333,109578.333333,KPX_public_sukub_csv
2025-02-05 13:00:00,79961.258333,109622.0,KPX_public_sukub_csv
2025-02-05 14:00:00,80850.516667,109526.083333,KPX_public_sukub_csv
2025-02-05 15:00:00,81703.233333,109322.666667,KPX_public_sukub_csv
2025-02-05 16:00:00,84175.108333,108457.333333,KPX_public_sukub_csv
2025-02-05 17:00:00,85221.716667,108160.083333,KPX_public_sukub_csv
2025-02-05 18:00:00,84832.658333,108124.333333,KPX_public_sukub_csv
2025-02-05 19:00:00,83368.25,108114.0,KPX_public_sukub_csv
2025-02-05 20:00:00,80209.666667,108102.833333,KPX_public_sukub_csv
2025-02-05 21:00:00,77156.775,108063.083333,KPX_public_sukub_csv
2025-02-05 22:00:00,76260.791667,108915.333333,KPX_public_sukub_csv
2025-02-05 23:00:00,75566.972727,108507.363636,KPX_public_sukub_csv
2025-02-06 00:00:00,71616.575,108639.5,KPX_public_sukub_csv
2025-02-06 01:00:00,69145.916667,108620.5,KPX_public_sukub_csv
2025-02-06 02:00:00,67592.05,108679.416667,KPX_public_sukub_csv
2025-02-06 03:00:00,66835.916667,108207.666667,KPX_public_sukub_csv
2025-02-06 04:00:00,67130.958333,108192.666667,KPX_public_sukub_csv
2025-02-06 05:00:00,68755.458333,108192.5,KPX_public_sukub_csv
2025-02-06 06:00:00,72492.55,108306.25,KPX_public_sukub_csv
2025-02-06 07:00:00,78863.133333,108924.333333,KPX_public_sukub_csv
2025-02-06 08:00:00,86079.733333,109066.25,KPX_public_sukub_csv
2025-02-06 09:00:00,86096.0,110072.666667,KPX_public_sukub_csv
2025-02-06 10:00:00,83400.675,111155.916667,KPX_public_sukub_csv
2025-02-06 11:00:00,80641.225,111701.083333,KPX_public_sukub_csv
2025-02-06 12:00:00,75907.508333,111710.833333,KPX_public_sukub_csv
2025-02-06 13:00:00,78486.55,111345.416667,KPX_public_sukub_csv
2025-02-06 14:00:00,80245.616667,111102.0,KPX_public_sukub_csv
2025-02-06 15:00:00,81944.966667,110302.833333,KPX_public_sukub_csv
2025-02-06 16:00:00,84401.075,109267.333333,KPX_public_sukub_csv
2025-02-06 17:00:00,84723.975,109175.25,KPX_public_sukub_csv
2025-02-06 18:00:00,83722.758333,108899.583333,KPX_public_sukub_csv
2025-02-06 19:00:00,82153.008333,108893.0,KPX_public_sukub_csv
2025-02-06 20:00:00,78886.116667,108358.916667,KPX_public_sukub_csv
2025-02-06 21:00:00,76069.266667,107929.5,KPX_public_sukub_csv
2025-02-06 22:00:00,75294.233333,108022.583333,KPX_public_sukub_csv
2025-02-06 23:00:00,74435.7,107915.833333,KPX_public_sukub_csv
2025-02-07 00:00:00,71001.433333,107765.583333,KPX_public_sukub_csv
2025-02-07 01:00:00,68166.55,107472.416667,KPX_public_sukub_csv
2025-02-07 02:00:00,66553.691667,106754.333333,KPX_public_sukub_csv
2025-02-07 03:00:00,65507.5,106698.666667,KPX_public_sukub_csv
2025-02-07 04:00:00,65750.1,106896.333333,KPX_public_sukub_csv
2025-02-07 05:00:00,67342.1,106980.75,KPX_public_sukub_csv
2025-02-07 06:00:00,70810.325,107014.25,KPX_public_sukub_csv
2025-02-07 07:00:00,76543.833333,107048.166667,KPX_public_sukub_csv
2025-02-07 08:00:00,85141.145455,107308.090909,KPX_public_sukub_csv
2025-02-07 09:00:00,89209.991667,107731.333333,KPX_public_sukub_csv
2025-02-07 10:00:00,90616.736364,108494.181818,KPX_public_sukub_csv
2025-02-07 11:00:00,89826.291667,108996.5,KPX_public_sukub_csv
2025-02-07 12:00:00,85824.066667,109205.333333,KPX_public_sukub_csv
2025-02-07 13:00:00,87470.616667,109449.916667,KPX_public_sukub_csv
2025-02-07 14:00:00,87482.725,109614.833333,KPX_public_sukub_csv
2025-02-07 15:00:00,87493.175,109410.0,KPX_public_sukub_csv
2025-02-07 16:00:00,87674.066667,109197.25,KPX_public_sukub_csv
2025-02-07 17:00:00,86691.183333,109650.416667,KPX_public_sukub_csv
2025-02-07 18:00:00,85262.591667,109503.75,KPX_public_sukub_csv
2025-02-07 19:00:00,83328.341667,109479.416667,KPX_public_sukub_csv
2025-02-07 20:00:00,80249.483333,109297.0,KPX_public_sukub_csv
2025-02-07 21:00:00,77441.566667,108751.5,KPX_public_sukub_csv
2025-02-07 22:00:00,76284.341667,108578.25,KPX_public_sukub_csv
2025-02-07 23:00:00,75762.654545,108299.818182,KPX_public_sukub_csv
2025-02-08 00:00:00,72228.116667,105713.166667,KPX_public_sukub_csv
2025-02-08 01:00:00,69694.2,105528.166667,KPX_public_sukub_csv
2025-02-08 02:00:00,67764.583333,104634.583333,KPX_public_sukub_csv
2025-02-08 03:00:00,66542.125,104509.916667,KPX_public_sukub_csv
2025-02-08 04:00:00,66316.15,104598.75,KPX_public_sukub_csv
2025-02-08 05:00:00,66881.541667,104731.166667,KPX_public_sukub_csv
2025-02-08 06:00:00,68187.533333,104879.5,KPX_public_sukub_csv
2025-02-08 07:00:00,70252.766667,104554.166667,KPX_public_sukub_csv
2025-02-08 08:00:00,71784.066667,104037.833333,KPX_public_sukub_csv
2025-02-08 09:00:00,71746.675,104676.416667,KPX_public_sukub_csv
2025-02-08 10:00:00,70958.75,105342.416667,KPX_public_sukub_csv
2025-02-08 11:00:00,68814.058333,105688.083333,KPX_public_sukub_csv
2025-02-08 12:00:00,65315.116667,105518.666667,KPX_public_sukub_csv
2025-02-08 13:00:00,64244.316667,105694.0,KPX_public_sukub_csv
2025-02-08 14:00:00,63617.683333,105539.583333,KPX_public_sukub_csv
2025-02-08 15:00:00,64384.333333,104681.166667,KPX_public_sukub_csv
2025-02-08 16:00:00,67646.375,104187.333333,KPX_public_sukub_csv
2025-02-08 17:00:00,71068.066667,103519.25,KPX_public_sukub_csv
2025-02-08 18:00:00,73286.258333,103118.166667,KPX_public_sukub_csv
2025-02-08 19:00:00,73013.966667,103132.5,KPX_public_sukub_csv
2025-02-08 20:00:00,71774.718182,103124.272727,KPX_public_sukub_csv
2025-02-08 21:00:00,70058.058333,103016.916667,KPX_public_sukub_csv
2025-02-08 22:00:00,70252.575,103036.166667,KPX_public_sukub_csv
2025-02-08 23:00:00,70236.0,103027.454545,KPX_public_sukub_csv
2025-02-09 00:00:00,67219.408333,102952.666667,KPX_public_sukub_csv
2025-02-09 01:00:00,64620.958333,102829.75,KPX_public_sukub_csv
2025-02-09 02:00:00,62753.316667,102150.333333,KPX_public_sukub_csv
2025-02-09 03:00:00,61693.141667,101591.333333,KPX_public_sukub_csv
2025-02-09 04:00:00,61506.308333,101617.5,KPX_public_sukub_csv
2025-02-09 05:00:00,62121.691667,101721.5,KPX_public_sukub_csv
2025-02-09 06:00:00,63138.975,101690.916667,KPX_public_sukub_csv
2025-02-09 07:00:00,64107.366667,101666.666667,KPX_public_sukub_csv
2025-02-09 08:00:00,63490.591667,101246.0,KPX_public_sukub_csv
2025-02-09 09:00:00,60020.233333,102172.333333,KPX_public_sukub_csv
2025-02-09 10:00:00,58126.008333,102824.0,KPX_public_sukub_csv
2025-02-09 11:00:00,56284.2,103205.833333,KPX_public_sukub_csv
2025-02-09 12:00:00,54392.65,103718.5,KPX_public_sukub_csv
2025-02-09 13:00:00,54407.591667,102872.083333,KPX_public_sukub_csv
2025-02-09 14:00:00,55046.775,102826.25,KPX_public_sukub_csv
2025-02-09 15:00:00,57711.966667,103109.083333,KPX_public_sukub_csv
2025-02-09 16:00:00,62156.275,102400.166667,KPX_public_sukub_csv
2025-02-09 17:00:00,67048.166667,103326.75,KPX_public_sukub_csv
2025-02-09 18:00:00,70224.65,103548.833333,KPX_public_sukub_csv
2025-02-09 19:00:00,70269.991667,103708.0,KPX_public_sukub_csv
2025-02-09 20:00:00,69338.391667,103192.0,KPX_public_sukub_csv
2025-02-09 21:00:00,67732.591667,102804.0,KPX_public_sukub_csv
2025-02-09 22:00:00,67156.733333,102316.583333,KPX_public_sukub_csv
2025-02-09 23:00:00,66843.516667,102019.166667,KPX_public_sukub_csv
2025-02-10 00:00:00,64198.95,105900.75,KPX_public_sukub_csv
2025-02-10 01:00:00,62030.625,106357.75,KPX_public_sukub_csv
2025-02-10 02:00:00,60690.616667,105998.583333,KPX_public_sukub_csv
2025-02-10 03:00:00,60355.358333,105741.083333,KPX_public_sukub_csv
2025-02-10 04:00:00,60932.258333,105708.75,KPX_public_sukub_csv
2025-02-10 05:00:00,63288.933333,105775.416667,KPX_public_sukub_csv
2025-02-10 06:00:00,68146.775,105641.666667,KPX_public_sukub_csv
2025-02-10 07:00:00,75581.408333,106610.666667,KPX_public_sukub_csv
2025-02-10 08:00:00,83409.525,106438.25,KPX_public_sukub_csv
2025-02-10 09:00:00,84812.341667,107614.75,KPX_public_sukub_csv
2025-02-10 10:00:00,83194.8,108595.583333,KPX_public_sukub_csv
2025-02-10 11:00:00,80132.375,109523.0,KPX_public_sukub_csv
2025-02-10 12:00:00,75683.408333,110217.666667,KPX_public_sukub_csv
2025-02-10 13:00:00,78142.491667,110114.833333,KPX_public_sukub_csv
2025-02-10 14:00:00,79020.775,109994.25,KPX_public_sukub_csv
2025-02-10 15:00:00,79552.575,109563.833333,KPX_public_sukub_csv
2025-02-10 16:00:00,81482.6,108482.416667,KPX_public_sukub_csv
2025-02-10 17:00:00,82700.858333,107946.75,KPX_public_sukub_csv
2025-02-10 18:00:00,82738.583333,107946.416667,KPX_public_sukub_csv
2025-02-10 19:00:00,81280.541667,107762.5,KPX_public_sukub_csv
2025-02-10 20:00:00,78194.908333,107319.666667,KPX_public_sukub_csv
2025-02-10 21:00:00,75343.741667,107025.75,KPX_public_sukub_csv
2025-02-10 22:00:00,74433.45,106865.666667,KPX_public_sukub_csv
2025-02-10 23:00:00,73626.341667,106941.333333,KPX_public_sukub_csv
2025-02-11 00:00:00,70055.416667,106985.916667,KPX_public_sukub_csv
2025-02-11 01:00:00,67769.236364,106982.181818,KPX_public_sukub_csv
2025-02-11 02:00:00,66175.141667,106314.0,KPX_public_sukub_csv
2025-02-11 03:00:00,65289.658333,106012.25,KPX_public_sukub_csv
2025-02-11 04:00:00,65627.366667,106011.916667,KPX_public_sukub_csv
2025-02-11 05:00:00,67344.608333,105940.25,KPX_public_sukub_csv
2025-02-11 06:00:00,71174.958333,106717.416667,KPX_public_sukub_csv
2025-02-11 07:00:00,77220.5,106667.833333,KPX_public_sukub_csv
2025-02-11 08:00:00,83189.283333,107552.666667,KPX_public_sukub_csv
2025-02-11 09:00:00,81744.958333,108872.333333,KPX_public_sukub_csv
2025-02-11 10:00:00,77800.75,108533.416667,KPX_public_sukub_csv
2025-02-11 11:00:00,73605.05,108769.0,KPX_public_sukub_csv
2025-02-11 12:00:00,68203.841667,107839.416667,KPX_public_sukub_csv
2025-02-11 13:00:00,70079.033333,107998.666667,KPX_public_sukub_csv
2025-02-11 14:00:00,71346.741667,108154.666667,KPX_public_sukub_csv
2025-02-11 15:00:00,73047.583333,107178.333333,KPX_public_sukub_csv
2025-02-11 16:00:00,76229.9,106437.333333,KPX_public_sukub_csv
2025-02-11 17:00:00,78575.941667,104357.166667,KPX_public_sukub_csv
2025-02-11 18:00:00,79331.225,104522.75,KPX_public_sukub_csv
2025-02-11 19:00:00,78203.341667,104798.75,KPX_public_sukub_csv
2025-02-11 20:00:00,75376.341667,104712.5,KPX_public_sukub_csv
2025-02-11 21:00:00,72675.833333,104460.5,KPX_public_sukub_csv
2025-02-11 22:00:00,72050.291667,104485.0,KPX_public_sukub_csv
2025-02-11 23:00:00,71003.408333,104705.916667,KPX_public_sukub_csv
2025-02-12 00:00:00,66975.758333,103711.25,KPX_public_sukub_csv
2025-02-12 01:00:00,64094.236364,103316.636364,KPX_public_sukub_csv
2025-02-12 02:00:00,62641.575,103526.333333,KPX_public_sukub_csv
2025-02-12 03:00:00,61835.025,103625.75,KPX_public_sukub_csv
2025-02-12 04:00:00,62289.9,103641.833333,KPX_public_sukub_csv
2025-02-12 05:00:00,64238.716667,103669.916667,KPX_public_sukub_csv
2025-02-12 06:00:00,68250.9,103303.75,KPX_public_sukub_csv
2025-02-12 07:00:00,74140.966667,104809.583333,KPX_public_sukub_csv
2025-02-12 08:00:00,82461.45,104361.833333,KPX_public_sukub_csv
2025-02-12 09:00:00,87660.558333,105176.5,KPX_public_sukub_csv
2025-02-12 10:00:00,89302.341667,106707.416667,KPX_public_sukub_csv
2025-02-12 11:00:00,88822.55,107258.666667,KPX_public_sukub_csv
2025-02-12 12:00:00,84912.008333,106133.25,KPX_public_sukub_csv
2025-02-12 13:00:00,86803.525,105541.916667,KPX_public_sukub_csv
2025-02-12 14:00:00,86507.833333,106052.583333,KPX_public_sukub_csv
2025-02-12 15:00:00,85250.433333,105744.916667,KPX_public_sukub_csv
2025-02-12 16:00:00,84699.5,105860.333333,KPX_public_sukub_csv
2025-02-12 17:00:00,82323.833333,106436.166667,KPX_public_sukub_csv
2025-02-12 18:00:00,80603.45,106771.833333,KPX_public_sukub_csv
2025-02-12 19:00:00,79131.95,106431.083333,KPX_public_sukub_csv
2025-02-12 20:00:00,76200.925,106458.583333,KPX_public_sukub_csv
2025-02-12 21:00:00,73833.925,106603.666667,KPX_public_sukub_csv
2025-02-12 22:00:00,73209.925,106713.166667,KPX_public_sukub_csv
2025-02-12 23:00:00,72405.175,106945.083333,KPX_public_sukub_csv
2025-02-13 00:00:00,68843.883333,105909.166667,KPX_public_sukub_csv
2025-02-13 01:00:00,66448.225,105607.416667,KPX_public_sukub_csv
2025-02-13 02:00:00,64970.383333,105705.583333,KPX_public_sukub_csv
2025-02-13 03:00:00,64156.65,105827.75,KPX_public_sukub_csv
2025-02-13 04:00:00,64527.958333,105911.166667,KPX_public_sukub_csv
2025-02-13 05:00:00,66371.291667,105864.583333,KPX_public_sukub_csv
2025-02-13 06:00:00,70237.866667,106201.333333,KPX_public_sukub_csv
2025-02-13 07:00:00,76355.583333,106483.166667,KPX_public_sukub_csv
2025-02-13 08:00:00,81224.908333,107700.5,KPX_public_sukub_csv
2025-02-13 09:00:00,79362.316667,108747.083333,KPX_public_sukub_csv
2025-02-13 10:00:00,75248.775,108661.916667,KPX_public_sukub_csv
2025-02-13 11:00:00,71045.05,109545.333333,KPX_public_sukub_csv
2025-02-13 12:00:00,65914.883333,108448.5,KPX_public_sukub_csv
2025-02-13 13:00:00,68012.683333,107439.0,KPX_public_sukub_csv
2025-02-13 14:00:00,69537.816667,107476.666667,KPX_public_sukub_csv
2025-02-13 15:00:00,71396.1,107081.916667,KPX_public_sukub_csv
2025-02-13 16:00:00,75102.85,105869.666667,KPX_public_sukub_csv
2025-02-13 17:00:00,77896.525,104986.25,KPX_public_sukub_csv
2025-02-13 18:00:00,79081.733333,104520.0,KPX_public_sukub_csv
2025-02-13 19:00:00,78357.558333,104665.0,KPX_public_sukub_csv
2025-02-13 20:00:00,75586.141667,104432.5,KPX_public_sukub_csv
2025-02-13 21:00:00,72952.758333,104065.333333,KPX_public_sukub_csv
2025-02-13 22:00:00,72363.283333,103868.333333,KPX_public_sukub_csv
2025-02-13 23:00:00,71679.4,103845.636364,KPX_public_sukub_csv
2025-02-14 00:00:00,67930.066667,107611.833333,KPX_public_sukub_csv
2025-02-14 01:00:00,65199.158333,107886.916667,KPX_public_sukub_csv
2025-02-14 02:00:00,63510.733333,107836.333333,KPX_public_sukub_csv
2025-02-14 03:00:00,62776.616667,107212.583333,KPX_public_sukub_csv
2025-02-14 04:00:00,63333.183333,107256.916667,KPX_public_sukub_csv
2025-02-14 05:00:00,65008.041667,107271.416667,KPX_public_sukub_csv
2025-02-14 06:00:00,68678.633333,107172.0,KPX_public_sukub_csv
2025-02-14 07:00:00,74315.783333,106996.0,KPX_public_sukub_csv
2025-02-14 08:00:00,78626.808333,107766.5,KPX_public_sukub_csv
2025-02-14 09:00:00,76413.4,109150.583333,KPX_public_sukub_csv
2025-02-14 10:00:00,72242.766667,109375.333333,KPX_public_sukub_csv
2025-02-14 11:00:00,68039.958333,108814.333333,KPX_public_sukub_csv
2025-02-14 12:00:00,63178.991667,107065.75,KPX_public_sukub_csv
2025-02-14 13:00:00,65288.6,106179.333333,KPX_public_sukub_csv
2025-02-14 14:00:00,66724.583333,105766.25,KPX_public_sukub_csv
2025-02-14 15:00:00,68761.083333,105001.25,KPX_public_sukub_csv
2025-02-14 16:00:00,71700.083333,104421.333333,KPX_public_sukub_csv
2025-02-14 17:00:00,73667.616667,104060.0,KPX_public_sukub_csv
2025-02-14 18:00:00,74604.958333,104170.75,KPX_public_sukub_csv
2025-02-14 19:00:00,74141.441667,104352.416667,KPX_public_sukub_csv
2025-02-14 20:00:00,72110.175,104158.25,KPX_public_sukub_csv
2025-02-14 21:00:00,70137.8,103842.583333,KPX_public_sukub_csv
2025-02-14 22:00:00,70222.041667,103119.083333,KPX_public_sukub_csv
2025-02-14 23:00:00,69869.236364,102245.272727,KPX_public_sukub_csv
2025-02-15 00:00:00,66197.516667,103906.5,KPX_public_sukub_csv
2025-02-15 01:00:00,63618.716667,104071.916667,KPX_public_sukub_csv
2025-02-15 02:00:00,61753.283333,103829.0,KPX_public_sukub_csv
2025-02-15 03:00:00,61196.7,103382.583333,KPX_public_sukub_csv
2025-02-15 04:00:00,61080.058333,103503.916667,KPX_public_sukub_csv
2025-02-15 05:00:00,61829.55,103503.416667,KPX_public_sukub_csv
2025-02-15 06:00:00,63259.291667,103222.916667,KPX_public_sukub_csv
2025-02-15 07:00:00,64807.875,103169.416667,KPX_public_sukub_csv
2025-02-15 08:00:00,65383.4,102270.666667,KPX_public_sukub_csv
2025-02-15 09:00:00,64944.191667,102541.75,KPX_public_sukub_csv
2025-02-15 10:00:00,64456.558333,101921.0,KPX_public_sukub_csv
2025-02-15 11:00:00,63615.991667,101348.666667,KPX_public_sukub_csv
2025-02-15 12:00:00,61919.241667,100279.0,KPX_public_sukub_csv
2025-02-15 13:00:00,62939.541667,98765.766667,KPX_public_sukub_csv
2025-02-15 14:00:00,62430.041667,98462.525,KPX_public_sukub_csv
2025-02-15 15:00:00,61620.333333,98468.741667,KPX_public_sukub_csv
2025-02-15 16:00:00,62112.408333,98833.3,KPX_public_sukub_csv
2025-02-15 17:00:00,64306.408333,98923.808333,KPX_public_sukub_csv
2025-02-15 18:00:00,66223.291667,98695.683333,KPX_public_sukub_csv
2025-02-15 19:00:00,66116.433333,98863.025,KPX_public_sukub_csv
2025-02-15 20:00:00,65122.283333,98958.15,KPX_public_sukub_csv
2025-02-15 21:00:00,64014.0,99086.633333,KPX_public_sukub_csv
2025-02-15 22:00:00,64941.183333,99132.75,KPX_public_sukub_csv
2025-02-15 23:00:00,65041.066667,99108.758333,KPX_public_sukub_csv
2025-02-16 00:00:00,61647.808333,99455.383333,KPX_public_sukub_csv
2025-02-16 01:00:00,59141.816667,99570.166667,KPX_public_sukub_csv
2025-02-16 02:00:00,57623.016667,99572.7,KPX_public_sukub_csv
2025-02-16 03:00:00,56783.775,99314.458333,KPX_public_sukub_csv
2025-02-16 04:00:00,57028.658333,99496.425,KPX_public_sukub_csv
2025-02-16 05:00:00,57698.966667,99656.608333,KPX_public_sukub_csv
2025-02-16 06:00:00,58828.166667,99591.133333,KPX_public_sukub_csv
2025-02-16 07:00:00,59430.125,99470.083333,KPX_public_sukub_csv
2025-02-16 08:00:00,57718.883333,98618.75,KPX_public_sukub_csv
2025-02-16 09:00:00,54343.266667,99619.433333,KPX_public_sukub_csv
2025-02-16 10:00:00,52731.383333,100438.416667,KPX_public_sukub_csv
2025-02-16 11:00:00,50897.616667,101003.666667,KPX_public_sukub_csv
2025-02-16 12:00:00,48790.608333,101359.75,KPX_public_sukub_csv
2025-02-16 13:00:00,49046.783333,101400.333333,KPX_public_sukub_csv
2025-02-16 14:00:00,50668.608333,102040.666667,KPX_public_sukub_csv
2025-02-16 15:00:00,53419.091667,101243.666667,KPX_public_sukub_csv
2025-02-16 16:00:00,57125.608333,100519.166667,KPX_public_sukub_csv
2025-02-16 17:00:00,61006.375,100980.0,KPX_public_sukub_csv
2025-02-16 18:00:00,64084.141667,101129.416667,KPX_public_sukub_csv
2025-02-16 19:00:00,64420.216667,101341.416667,KPX_public_sukub_csv
2025-02-16 20:00:00,64096.166667,101179.916667,KPX_public_sukub_csv
2025-02-16 21:00:00,62889.1,100915.416667,KPX_public_sukub_csv
2025-02-16 22:00:00,62355.891667,100370.833333,KPX_public_sukub_csv
2025-02-16 23:00:00,61979.333333,100651.75,KPX_public_sukub_csv
2025-02-17 00:00:00,59241.466667,102069.416667,KPX_public_sukub_csv
2025-02-17 01:00:00,57011.625,102979.75,KPX_public_sukub_csv
2025-02-17 02:00:00,56003.025,102762.0,KPX_public_sukub_csv
2025-02-17 03:00:00,55603.666667,103079.333333,KPX_public_sukub_csv
2025-02-17 04:00:00,56562.3,102479.416667,KPX_public_sukub_csv
2025-02-17 05:00:00,59019.125,102103.083333,KPX_public_sukub_csv
2025-02-17 06:00:00,63718.45,102154.833333,KPX_public_sukub_csv
2025-02-17 07:00:00,70612.541667,102452.333333,KPX_public_sukub_csv
2025-02-17 08:00:00,76187.991667,103953.75,KPX_public_sukub_csv
2025-02-17 09:00:00,74889.875,105685.333333,KPX_public_sukub_csv
2025-02-17 10:00:00,71493.35,107118.916667,KPX_public_sukub_csv
2025-02-17 11:00:00,68109.65,107501.0,KPX_public_sukub_csv
2025-02-17 12:00:00,63687.4,107713.166667,KPX_public_sukub_csv
2025-02-17 13:00:00,66216.341667,107954.0,KPX_public_sukub_csv
2025-02-17 14:00:00,67980.1,108511.666667,KPX_public_sukub_csv
2025-02-17 15:00:00,70178.991667,107958.833333,KPX_public_sukub_csv
2025-02-17 16:00:00,73887.541667,106413.75,KPX_public_sukub_csv
2025-02-17 17:00:00,76806.25,105519.666667,KPX_public_sukub_csv
2025-02-17 18:00:00,78141.458333,104998.416667,KPX_public_sukub_csv
2025-02-17 19:00:00,77166.591667,104992.583333,KPX_public_sukub_csv
2025-02-17 20:00:00,74367.716667,104819.666667,KPX_public_sukub_csv
2025-02-17 21:00:00,71801.7,104426.166667,KPX_public_sukub_csv
2025-02-17 22:00:00,71441.133333,104161.833333,KPX_public_sukub_csv
2025-02-17 23:00:00,70830.518182,104020.727273,KPX_public_sukub_csv
2025-02-18 00:00:00,66953.891667,104128.916667,KPX_public_sukub_csv
2025-02-18 01:00:00,64469.05,104253.916667,KPX_public_sukub_csv
2025-02-18 02:00:00,62957.083333,104069.666667,KPX_public_sukub_csv
2025-02-18 03:00:00,62505.075,103462.5,KPX_public_sukub_csv
2025-02-18 04:00:00,62768.5,103586.75,KPX_public_sukub_csv
2025-02-18 05:00:00,64721.983333,103800.25,KPX_public_sukub_csv
2025-02-18 06:00:00,68754.733333,104184.5,KPX_public_sukub_csv
2025-02-18 07:00:00,74613.116667,104863.75,KPX_public_sukub_csv
2025-02-18 08:00:00,78870.883333,104990.333333,KPX_public_sukub_csv
2025-02-18 09:00:00,76936.558333,106558.166667,KPX_public_sukub_csv
2025-02-18 10:00:00,73200.283333,107435.0,KPX_public_sukub_csv
2025-02-18 11:00:00,69541.658333,107605.333333,KPX_public_sukub_csv
2025-02-18 12:00:00,64822.25,106762.75,KPX_public_sukub_csv
2025-02-18 13:00:00,67636.566667,106848.666667,KPX_public_sukub_csv
2025-02-18 14:00:00,69722.018182,106705.454545,KPX_public_sukub_csv
2025-02-18 15:00:00,71792.408333,105906.25,KPX_public_sukub_csv
2025-02-18 16:00:00,74973.35,104417.25,KPX_public_sukub_csv
2025-02-18 17:00:00,77992.75,103491.5,KPX_public_sukub_csv
2025-02-18 18:00:00,79063.316667,102742.916667,KPX_public_sukub_csv
2025-02-18 19:00:00,78549.325,102743.083333,KPX_public_sukub_csv
2025-02-18 20:00:00,75759.183333,102556.0,KPX_public_sukub_csv
2025-02-18 21:00:00,73098.208333,102171.5,KPX_public_sukub_csv
2025-02-18 22:00:00,72763.491667,101909.916667,KPX_public_sukub_csv
2025-02-18 23:00:00,72023.125,101821.666667,KPX_public_sukub_csv
2025-02-19 00:00:00,68370.208333,100584.666667,KPX_public_sukub_csv
2025-02-19 01:00:00,65804.033333,100400.666667,KPX_public_sukub_csv
2025-02-19 02:00:00,64341.916667,100347.0,KPX_public_sukub_csv
2025-02-19 03:00:00,63551.366667,100343.75,KPX_public_sukub_csv
2025-02-19 04:00:00,64199.908333,100434.666667,KPX_public_sukub_csv
2025-02-19 05:00:00,65896.441667,100420.25,KPX_public_sukub_csv
2025-02-19 06:00:00,69837.025,102042.916667,KPX_public_sukub_csv
2025-02-19 07:00:00,75132.666667,102765.666667,KPX_public_sukub_csv
2025-02-19 08:00:00,79497.408333,102544.75,KPX_public_sukub_csv
2025-02-19 09:00:00,78283.790909,102955.272727,KPX_public_sukub_csv
2025-02-19 10:00:00,74752.616667,104475.416667,KPX_public_sukub_csv
2025-02-19 11:00:00,70875.383333,105278.333333,KPX_public_sukub_csv
2025-02-19 12:00:00,65617.741667,105823.333333,KPX_public_sukub_csv
2025-02-19 13:00:00,67926.841667,106103.5,KPX_public_sukub_csv
2025-02-19 14:00:00,69664.375,105358.333333,KPX_public_sukub_csv
2025-02-19 15:00:00,71701.708333,104291.666667,KPX_public_sukub_csv
2025-02-19 16:00:00,75124.05,103154.166667,KPX_public_sukub_csv
2025-02-19 17:00:00,77865.941667,103154.0,KPX_public_sukub_csv
2025-02-19 18:00:00,78904.883333,103386.0,KPX_public_sukub_csv
2025-02-19 19:00:00,78564.216667,103611.75,KPX_public_sukub_csv
2025-02-19 20:00:00,76162.958333,103545.0,KPX_public_sukub_csv
2025-02-19 21:00:00,73491.6,103189.333333,KPX_public_sukub_csv
2025-02-19 22:00:00,72968.941667,103315.666667,KPX_public_sukub_csv
2025-02-19 23:00:00,72319.066667,103277.083333,KPX_public_sukub_csv
2025-02-20 00:00:00,68665.475,102904.916667,KPX_public_sukub_csv
2025-02-20 01:00:00,66081.65,102695.166667,KPX_public_sukub_csv
2025-02-20 02:00:00,64618.633333,102608.833333,KPX_public_sukub_csv
2025-02-20 03:00:00,63786.041667,102592.583333,KPX_public_sukub_csv
2025-02-20 04:00:00,64253.966667,102697.666667,KPX_public_sukub_csv
2025-02-20 05:00:00,65940.1,102715.166667,KPX_public_sukub_csv
2025-02-20 06:00:00,69758.625,103158.5,KPX_public_sukub_csv
2025-02-20 07:00:00,75541.416667,104058.666667,KPX_public_sukub_csv
2025-02-20 08:00:00,79791.733333,104403.0,KPX_public_sukub_csv
2025-02-20 09:00:00,77841.441667,105988.583333,KPX_public_sukub_csv
2025-02-20 10:00:00,74091.216667,107205.25,KPX_public_sukub_csv
2025-02-20 11:00:00,70491.125,108063.916667,KPX_public_sukub_csv
2025-02-20 12:00:00,65935.916667,108107.583333,KPX_public_sukub_csv
2025-02-20 13:00:00,67846.5,108030.416667,KPX_public_sukub_csv
2025-02-20 14:00:00,69591.74,108806.9,KPX_public_sukub_csv
2025-02-20 15:00:00,71136.941667,108121.916667,KPX_public_sukub_csv
2025-02-20 16:00:00,74811.033333,106691.25,KPX_public_sukub_csv
2025-02-20 17:00:00,77927.725,105568.333333,KPX_public_sukub_csv
2025-02-20 18:00:00,79463.066667,104463.916667,KPX_public_sukub_csv
2025-02-20 19:00:00,78859.433333,104334.083333,KPX_public_sukub_csv
2025-02-20 20:00:00,76113.658333,104371.666667,KPX_public_sukub_csv
2025-02-20 21:00:00,73515.316667,104069.666667,KPX_public_sukub_csv
2025-02-20 22:00:00,72883.275,103741.75,KPX_public_sukub_csv
2025-02-20 23:00:00,72213.0,103680.909091,KPX_public_sukub_csv
2025-02-21 00:00:00,68311.716667,103476.333333,KPX_public_sukub_csv
2025-02-21 01:00:00,65620.9,103580.833333,KPX_public_sukub_csv
2025-02-21 02:00:00,64022.333333,103833.25,KPX_public_sukub_csv
2025-02-21 03:00:00,63302.825,103662.083333,KPX_public_sukub_csv
2025-02-21 04:00:00,63731.091667,103529.083333,KPX_public_sukub_csv
2025-02-21 05:00:00,65280.175,103603.416667,KPX_public_sukub_csv
2025-02-21 06:00:00,68957.691667,103824.25,KPX_public_sukub_csv
2025-02-21 07:00:00,74455.258333,104671.666667,KPX_public_sukub_csv
2025-02-21 08:00:00,79888.008333,104681.666667,KPX_public_sukub_csv
2025-02-21 09:00:00,78808.341667,105916.916667,KPX_public_sukub_csv
2025-02-21 10:00:00,74195.583333,107225.833333,KPX_public_sukub_csv
2025-02-21 11:00:00,70024.808333,108305.166667,KPX_public_sukub_csv
2025-02-21 12:00:00,65121.233333,108167.166667,KPX_public_sukub_csv
2025-02-21 13:00:00,67110.808333,108492.916667,KPX_public_sukub_csv
2025-02-21 14:00:00,68177.316667,109105.916667,KPX_public_sukub_csv
2025-02-21 15:00:00,69883.008333,107842.0,KPX_public_sukub_csv
2025-02-21 16:00:00,73177.108333,106273.75,KPX_public_sukub_csv
2025-02-21 17:00:00,75847.075,105169.333333,KPX_public_sukub_csv
2025-02-21 18:00:00,76900.033333,104406.333333,KPX_public_sukub_csv
2025-02-21 19:00:00,76446.141667,104288.75,KPX_public_sukub_csv
2025-02-21 20:00:00,74302.916667,104179.75,KPX_public_sukub_csv
2025-02-21 21:00:00,72010.566667,103820.416667,KPX_public_sukub_csv
2025-02-21 22:00:00,71682.25,103653.0,KPX_public_sukub_csv
2025-02-21 23:00:00,71466.727273,103573.363636,KPX_public_sukub_csv
2025-02-22 00:00:00,67612.691667,102158.333333,KPX_public_sukub_csv
2025-02-22 01:00:00,65024.683333,102018.666667,KPX_public_sukub_csv
2025-02-22 02:00:00,63312.258333,102432.0,KPX_public_sukub_csv
2025-02-22 03:00:00,62221.991667,101806.166667,KPX_public_sukub_csv
2025-02-22 04:00:00,62256.65,101668.583333,KPX_public_sukub_csv
2025-02-22 05:00:00,62895.541667,101840.5,KPX_public_sukub_csv
2025-02-22 06:00:00,64403.041667,101847.083333,KPX_public_sukub_csv
2025-02-22 07:00:00,65691.05,101800.25,KPX_public_sukub_csv
2025-02-22 08:00:00,65765.516667,102071.75,KPX_public_sukub_csv
2025-02-22 09:00:00,63003.158333,103425.75,KPX_public_sukub_csv
2025-02-22 10:00:00,58733.458333,104895.666667,KPX_public_sukub_csv
2025-02-22 11:00:00,54905.908333,105178.5,KPX_public_sukub_csv
2025-02-22 12:00:00,51525.158333,104176.666667,KPX_public_sukub_csv
2025-02-22 13:00:00,52053.166667,104227.0,KPX_public_sukub_csv
2025-02-22 14:00:00,52607.116667,103858.416667,KPX_public_sukub_csv
2025-02-22 15:00:00,55122.958333,103153.75,KPX_public_sukub_csv
2025-02-22 16:00:00,59248.308333,101789.833333,KPX_public_sukub_csv
2025-02-22 17:00:00,64181.241667,101009.0,KPX_public_sukub_csv
2025-02-22 18:00:00,67517.058333,100296.166667,KPX_public_sukub_csv
2025-02-22 19:00:00,68031.183333,100292.333333,KPX_public_sukub_csv
2025-02-22 20:00:00,67086.25,100264.75,KPX_public_sukub_csv
2025-02-22 21:00:00,65863.408333,100215.766667,KPX_public_sukub_csv
2025-02-22 22:00:00,66261.241667,99925.183333,KPX_public_sukub_csv
2025-02-22 23:00:00,66276.733333,99961.158333,KPX_public_sukub_csv
2025-02-23 00:00:00,63079.583333,98665.35,KPX_public_sukub_csv
2025-02-23 01:00:00,60510.258333,98634.591667,KPX_public_sukub_csv
2025-02-23 02:00:00,58744.683333,98683.308333,KPX_public_sukub_csv
2025-02-23 03:00:00,57972.408333,98745.166667,KPX_public_sukub_csv
2025-02-23 04:00:00,58123.075,98780.5,KPX_public_sukub_csv
2025-02-23 05:00:00,58847.15,98753.683333,KPX_public_sukub_csv
2025-02-23 06:00:00,60056.341667,98623.116667,KPX_public_sukub_csv
2025-02-23 07:00:00,60573.891667,98637.333333,KPX_public_sukub_csv
2025-02-23 08:00:00,58235.291667,98729.75,KPX_public_sukub_csv
2025-02-23 09:00:00,53835.533333,100418.275,KPX_public_sukub_csv
2025-02-23 10:00:00,52028.875,101680.666667,KPX_public_sukub_csv
2025-02-23 11:00:00,51016.6,101985.25,KPX_public_sukub_csv
2025-02-23 12:00:00,50643.658333,102334.583333,KPX_public_sukub_csv
2025-02-23 13:00:00,51700.575,102357.083333,KPX_public_sukub_csv
2025-02-23 14:00:00,52970.663636,103743.363636,KPX_public_sukub_csv
2025-02-23 15:00:00,55509.9,102984.416667,KPX_public_sukub_csv
2025-02-23 16:00:00,59516.433333,102060.166667,KPX_public_sukub_csv
2025-02-23 17:00:00,64311.45,102297.833333,KPX_public_sukub_csv
2025-02-23 18:00:00,67775.475,101827.25,KPX_public_sukub_csv
2025-02-23 19:00:00,68339.583333,101819.166667,KPX_public_sukub_csv
2025-02-23 20:00:00,67513.733333,101672.583333,KPX_public_sukub_csv
2025-02-23 21:00:00,65846.4,101426.083333,KPX_public_sukub_csv
2025-02-23 22:00:00,65154.933333,101220.25,KPX_public_sukub_csv
2025-02-23 23:00:00,64740.727273,100402.818182,KPX_public_sukub_csv
2025-02-24 00:00:00,61905.983333,100045.1,KPX_public_sukub_csv
2025-02-24 01:00:00,59649.341667,99986.125,KPX_public_sukub_csv
2025-02-24 02:00:00,58372.375,100973.6,KPX_public_sukub_csv
2025-02-24 03:00:00,57860.2,101174.333333,KPX_public_sukub_csv
2025-02-24 04:00:00,58461.625,101182.333333,KPX_public_sukub_csv
2025-02-24 05:00:00,60758.666667,101175.833333,KPX_public_sukub_csv
2025-02-24 06:00:00,65519.425,101206.083333,KPX_public_sukub_csv
2025-02-24 07:00:00,72640.983333,101315.0,KPX_public_sukub_csv
2025-02-24 08:00:00,78132.275,101016.75,KPX_public_sukub_csv
2025-02-24 09:00:00,77010.266667,102037.666667,KPX_public_sukub_csv
2025-02-24 10:00:00,74238.3,102406.583333,KPX_public_sukub_csv
2025-02-24 11:00:00,70759.063636,102930.727273,KPX_public_sukub_csv
2025-02-24 12:00:00,65744.816667,103354.666667,KPX_public_sukub_csv
2025-02-24 13:00:00,67692.966667,103803.166667,KPX_public_sukub_csv
2025-02-24 14:00:00,69177.183333,103618.75,KPX_public_sukub_csv
2025-02-24 15:00:00,70762.933333,102887.5,KPX_public_sukub_csv
2025-02-24 16:00:00,73998.558333,101410.916667,KPX_public_sukub_csv
2025-02-24 17:00:00,76946.933333,100371.5,KPX_public_sukub_csv
2025-02-24 18:00:00,78316.716667,100331.75,KPX_public_sukub_csv
2025-02-24 19:00:00,77648.591667,100909.0,KPX_public_sukub_csv
2025-02-24 20:00:00,74977.583333,100698.0,KPX_public_sukub_csv
2025-02-24 21:00:00,72157.016667,100329.666667,KPX_public_sukub_csv
2025-02-24 22:00:00,71641.383333,100186.0,KPX_public_sukub_csv
2025-02-24 23:00:00,70800.1,100167.333333,KPX_public_sukub_csv
2025-02-25 00:00:00,67194.966667,100629.666667,KPX_public_sukub_csv
2025-02-25 01:00:00,64755.266667,100635.0,KPX_public_sukub_csv
2025-02-25 02:00:00,63343.083333,100976.5,KPX_public_sukub_csv
2025-02-25 03:00:00,62768.491667,101125.416667,KPX_public_sukub_csv
2025-02-25 04:00:00,63119.283333,100988.5,KPX_public_sukub_csv
2025-02-25 05:00:00,65133.941667,100800.916667,KPX_public_sukub_csv
2025-02-25 06:00:00,69054.809091,100641.090909,KPX_public_sukub_csv
2025-02-25 07:00:00,73954.441667,101610.583333,KPX_public_sukub_csv
2025-02-25 08:00:00,77491.083333,102139.666667,KPX_public_sukub_csv
2025-02-25 09:00:00,75628.175,103466.916667,KPX_public_sukub_csv
2025-02-25 10:00:00,72447.916667,104258.333333,KPX_public_sukub_csv
2025-02-25 11:00:00,69410.366667,104509.083333,KPX_public_sukub_csv
2025-02-25 12:00:00,66259.441667,104789.583333,KPX_public_sukub_csv
2025-02-25 13:00:00,70074.9,103793.333333,KPX_public_sukub_csv
2025-02-25 14:00:00,72041.883333,103286.0,KPX_public_sukub_csv
2025-02-25 15:00:00,73927.941667,102686.416667,KPX_public_sukub_csv
2025-02-25 16:00:00,75842.991667,102198.75,KPX_public_sukub_csv
2025-02-25 17:00:00,76418.108333,102148.75,KPX_public_sukub_csv
2025-02-25 18:00:00,76534.733333,102043.333333,KPX_public_sukub_csv
2025-02-25 19:00:00,75703.983333,102017.75,KPX_public_sukub_csv
2025-02-25 20:00:00,72979.675,101801.0,KPX_public_sukub_csv
2025-02-25 21:00:00,70119.875,101340.416667,KPX_public_sukub_csv
2025-02-25 22:00:00,70011.225,100585.25,KPX_public_sukub_csv
2025-02-25 23:00:00,69201.5,100581.5,KPX_public_sukub_csv
2025-02-26 00:00:00,65603.283333,100317.25,KPX_public_sukub_csv
2025-02-26 01:00:00,62866.041667,100339.833333,KPX_public_sukub_csv
2025-02-26 02:00:00,61357.758333,99506.758333,KPX_public_sukub_csv
2025-02-26 03:00:00,60683.083333,99562.708333,KPX_public_sukub_csv
2025-02-26 04:00:00,60984.216667,99584.666667,KPX_public_sukub_csv
2025-02-26 05:00:00,62676.425,99588.366667,KPX_public_sukub_csv
2025-02-26 06:00:00,66562.758333,99476.033333,KPX_public_sukub_csv
2025-02-26 07:00:00,71436.908333,99947.241667,KPX_public_sukub_csv
2025-02-26 08:00:00,75785.891667,100038.341667,KPX_public_sukub_csv
2025-02-26 09:00:00,74005.608333,101401.333333,KPX_public_sukub_csv
2025-02-26 10:00:00,69945.533333,102739.166667,KPX_public_sukub_csv
2025-02-26 11:00:00,65546.558333,102906.666667,KPX_public_sukub_csv
2025-02-26 12:00:00,60512.491667,102050.583333,KPX_public_sukub_csv
2025-02-26 13:00:00,62596.358333,103246.5,KPX_public_sukub_csv
2025-02-26 14:00:00,63965.775,104406.333333,KPX_public_sukub_csv
2025-02-26 15:00:00,65502.325,103713.0,KPX_public_sukub_csv
2025-02-26 16:00:00,68534.6,103140.5,KPX_public_sukub_csv
2025-02-26 17:00:00,71502.725,102060.583333,KPX_public_sukub_csv
2025-02-26 18:00:00,73750.975,101072.0,KPX_public_sukub_csv
2025-02-26 19:00:00,74104.608333,101065.583333,KPX_public_sukub_csv
2025-02-26 20:00:00,72193.9,101419.083333,KPX_public_sukub_csv
2025-02-26 21:00:00,70154.058333,101233.166667,KPX_public_sukub_csv
2025-02-26 22:00:00,69985.45,100049.133333,KPX_public_sukub_csv
2025-02-26 23:00:00,69327.109091,100016.218182,KPX_public_sukub_csv
2025-02-27 00:00:00,65309.325,101276.708333,KPX_public_sukub_csv
2025-02-27 01:00:00,62799.175,101401.333333,KPX_public_sukub_csv
2025-02-27 02:00:00,61530.291667,101519.166667,KPX_public_sukub_csv
2025-02-27 03:00:00,60774.941667,101482.75,KPX_public_sukub_csv
2025-02-27 04:00:00,61408.183333,101445.916667,KPX_public_sukub_csv
2025-02-27 05:00:00,63307.283333,101379.583333,KPX_public_sukub_csv
2025-02-27 06:00:00,67234.358333,101299.583333,KPX_public_sukub_csv
2025-02-27 07:00:00,72263.133333,101984.0,KPX_public_sukub_csv
2025-02-27 08:00:00,75813.133333,102140.916667,KPX_public_sukub_csv
2025-02-27 09:00:00,73863.675,102970.5,KPX_public_sukub_csv
2025-02-27 10:00:00,69685.675,104193.916667,KPX_public_sukub_csv
2025-02-27 11:00:00,65482.041667,104021.416667,KPX_public_sukub_csv
2025-02-27 12:00:00,60749.1,103711.0,KPX_public_sukub_csv
2025-02-27 13:00:00,63005.366667,103659.416667,KPX_public_sukub_csv
2025-02-27 14:00:00,64490.033333,103507.583333,KPX_public_sukub_csv
2025-02-27 15:00:00,65622.166667,102369.833333,KPX_public_sukub_csv
2025-02-27 16:00:00,69005.2,102009.416667,KPX_public_sukub_csv
2025-02-27 17:00:00,71163.391667,102194.75,KPX_public_sukub_csv
2025-02-27 18:00:00,72637.633333,102098.916667,KPX_public_sukub_csv
2025-02-27 19:00:00,72738.541667,102229.75,KPX_public_sukub_csv
2025-02-27 20:00:00,70627.991667,102165.75,KPX_public_sukub_csv
2025-02-27 21:00:00,68400.65,102009.75,KPX_public_sukub_csv
2025-02-27 22:00:00,67889.283333,101092.0,KPX_public_sukub_csv
2025-02-27 23:00:00,66998.545455,101038.181818,KPX_public_sukub_csv
2025-02-28 00:00:00,63239.933333,100562.916667,KPX_public_sukub_csv
2025-02-28 01:00:00,60576.408333,100397.916667,KPX_public_sukub_csv
2025-02-28 02:00:00,58973.341667,100449.5,KPX_public_sukub_csv
2025-02-28 03:00:00,58340.6,100601.833333,KPX_public_sukub_csv
2025-02-28 04:00:00,58656.816667,100615.583333,KPX_public_sukub_csv
2025-02-28 05:00:00,60288.55,100566.916667,KPX_public_sukub_csv
2025-02-28 06:00:00,63670.075,100425.416667,KPX_public_sukub_csv
2025-02-28 07:00:00,68407.766667,100509.166667,KPX_public_sukub_csv
2025-02-28 08:00:00,73208.591667,101301.416667,KPX_public_sukub_csv
2025-02-28 09:00:00,73506.733333,102104.916667,KPX_public_sukub_csv
2025-02-28 10:00:00,71113.266667,102826.666667,KPX_public_sukub_csv
2025-02-28 11:00:00,67869.308333,103434.0,KPX_public_sukub_csv
2025-02-28 12:00:00,62929.416667,103050.5,KPX_public_sukub_csv
2025-02-28 13:00:00,63109.808333,103106.416667,KPX_public_sukub_csv
2025-02-28 14:00:00,62177.95,103154.333333,KPX_public_sukub_csv
2025-02-28 15:00:00,61916.525,103188.0,KPX_public_sukub_csv
2025-02-28 16:00:00,64468.066667,102256.0,KPX_public_sukub_csv
2025-02-28 17:00:00,66753.366667,101018.916667,KPX_public_sukub_csv
2025-02-28 18:00:00,68803.391667,100795.333333,KPX_public_sukub_csv
2025-02-28 19:00:00,69177.075,100824.0,KPX_public_sukub_csv
2025-02-28 20:00:00,67750.225,100968.75,KPX_public_sukub_csv
2025-02-28 21:00:00,66097.266667,100836.666667,KPX_public_sukub_csv
2025-02-28 22:00:00,66095.325,100806.333333,KPX_public_sukub_csv
2025-02-28 23:00:00,65777.333333,100000.866667,KPX_public_sukub_csv
2025-03-01 00:00:00,62270.483333,97447.25,KPX_public_sukub_csv
2025-03-01 01:00:00,59736.645455,97199.163636,KPX_public_sukub_csv
2025-03-01 02:00:00,58073.425,97603.675,KPX_public_sukub_csv
2025-03-01 03:00:00,57159.2,97470.7,KPX_public_sukub_csv
2025-03-01 04:00:00,57095.45,96917.575,KPX_public_sukub_csv
2025-03-01 05:00:00,57997.966667,97115.2,KPX_public_sukub_csv
2025-03-01 06:00:00,59190.625,97808.608333,KPX_public_sukub_csv
2025-03-01 07:00:00,59744.008333,97593.716667,KPX_public_sukub_csv
2025-03-01 08:00:00,59562.791667,97161.633333,KPX_public_sukub_csv
2025-03-01 09:00:00,59396.991667,97660.716667,KPX_public_sukub_csv
2025-03-01 10:00:00,59721.291667,97167.675,KPX_public_sukub_csv
2025-03-01 11:00:00,58730.166667,96826.766667,KPX_public_sukub_csv
2025-03-01 12:00:00,58028.291667,96036.641667,KPX_public_sukub_csv
2025-03-01 13:00:00,59695.825,95721.625,KPX_public_sukub_csv
2025-03-01 14:00:00,60985.25,95327.683333,KPX_public_sukub_csv
2025-03-01 15:00:00,60840.141667,95225.725,KPX_public_sukub_csv
2025-03-01 16:00:00,60863.458333,95307.45,KPX_public_sukub_csv
2025-03-01 17:00:00,61501.733333,95983.516667,KPX_public_sukub_csv
2025-03-01 18:00:00,62978.7,95793.966667,KPX_public_sukub_csv
2025-03-01 19:00:00,63291.475,95681.783333,KPX_public_sukub_csv
2025-03-01 20:00:00,62377.3,96014.25,KPX_public_sukub_csv
2025-03-01 21:00:00,61289.291667,95960.358333,KPX_public_sukub_csv
2025-03-01 22:00:00,60834.425,96022.425,KPX_public_sukub_csv
2025-03-01 23:00:00,60279.483333,96088.791667,KPX_public_sukub_csv
2025-03-02 00:00:00,57130.1,96193.183333,KPX_public_sukub_csv
2025-03-02 01:00:00,54579.0,96188.8,KPX_public_sukub_csv
2025-03-02 02:00:00,52861.4,96190.9,KPX_public_sukub_csv
2025-03-02 03:00:00,52130.95,96206.616667,KPX_public_sukub_csv
2025-03-02 04:00:00,52140.708333,96190.116667,KPX_public_sukub_csv
2025-03-02 05:00:00,52841.266667,96223.025,KPX_public_sukub_csv
2025-03-02 06:00:00,53963.358333,96209.641667,KPX_public_sukub_csv
2025-03-02 07:00:00,54787.725,96186.275,KPX_public_sukub_csv
2025-03-02 08:00:00,55547.208333,95608.658333,KPX_public_sukub_csv
2025-03-02 09:00:00,55282.666667,96033.466667,KPX_public_sukub_csv
2025-03-02 10:00:00,54491.491667,96477.608333,KPX_public_sukub_csv
2025-03-02 11:00:00,52939.108333,96806.733333,KPX_public_sukub_csv
2025-03-02 12:00:00,52085.525,97117.941667,KPX_public_sukub_csv
2025-03-02 13:00:00,53026.391667,96993.791667,KPX_public_sukub_csv
2025-03-02 14:00:00,54842.533333,96566.816667,KPX_public_sukub_csv
2025-03-02 15:00:00,56488.558333,95858.825,KPX_public_sukub_csv
2025-03-02 16:00:00,58155.5,95614.416667,KPX_public_sukub_csv
2025-03-02 17:00:00,60029.35,96271.058333,KPX_public_sukub_csv
2025-03-02 18:00:00,61691.458333,96627.641667,KPX_public_sukub_csv
2025-03-02 19:00:00,61992.775,96545.283333,KPX_public_sukub_csv
2025-03-02 20:00:00,61221.616667,96578.633333,KPX_public_sukub_csv
2025-03-02 21:00:00,60362.425,96698.233333,KPX_public_sukub_csv
2025-03-02 22:00:00,59864.633333,96856.65,KPX_public_sukub_csv
2025-03-02 23:00:00,59539.291667,96856.808333,KPX_public_sukub_csv
2025-03-03 00:00:00,56811.916667,94858.941667,KPX_public_sukub_csv
2025-03-03 01:00:00,54572.625,94662.933333,KPX_public_sukub_csv
2025-03-03 02:00:00,53427.291667,94614.591667,KPX_public_sukub_csv
2025-03-03 03:00:00,52903.125,94677.358333,KPX_public_sukub_csv
2025-03-03 04:00:00,53301.1,95146.85,KPX_public_sukub_csv
2025-03-03 05:00:00,54661.566667,95261.358333,KPX_public_sukub_csv
2025-03-03 06:00:00,56743.4,95351.783333,KPX_public_sukub_csv
2025-03-03 07:00:00,59741.908333,95300.408333,KPX_public_sukub_csv
2025-03-03 08:00:00,63478.2,95214.533333,KPX_public_sukub_csv
2025-03-03 09:00:00,64420.9,95265.358333,KPX_public_sukub_csv
2025-03-03 10:00:00,63991.033333,95608.125,KPX_public_sukub_csv
2025-03-03 11:00:00,61995.291667,96115.433333,KPX_public_sukub_csv
2025-03-03 12:00:00,59102.1,96494.763636,KPX_public_sukub_csv
2025-03-03 13:00:00,60172.9,96317.091667,KPX_public_sukub_csv
2025-03-03 14:00:00,60878.275,95945.666667,KPX_public_sukub_csv
2025-03-03 15:00:00,61890.725,95887.866667,KPX_public_sukub_csv
2025-03-03 16:00:00,63449.583333,96135.3,KPX_public_sukub_csv
2025-03-03 17:00:00,65218.591667,96863.158333,KPX_public_sukub_csv
2025-03-03 18:00:00,67662.283333,97298.033333,KPX_public_sukub_csv
2025-03-03 19:00:00,67707.516667,97172.45,KPX_public_sukub_csv
2025-03-03 20:00:00,66683.05,97235.691667,KPX_public_sukub_csv
2025-03-03 21:00:00,65098.225,97092.9,KPX_public_sukub_csv
2025-03-03 22:00:00,64272.325,96941.008333,KPX_public_sukub_csv
2025-03-03 23:00:00,63572.3,96780.472727,KPX_public_sukub_csv
2025-03-04 00:00:00,60247.333333,94780.841667,KPX_public_sukub_csv
2025-03-04 01:00:00,57959.425,94647.183333,KPX_public_sukub_csv
2025-03-04 02:00:00,56499.058333,95418.358333,KPX_public_sukub_csv
2025-03-04 03:00:00,56025.658333,95974.9,KPX_public_sukub_csv
2025-03-04 04:00:00,56743.841667,95969.275,KPX_public_sukub_csv
2025-03-04 05:00:00,58837.491667,95767.758333,KPX_public_sukub_csv
2025-03-04 06:00:00,63036.55,95751.683333,KPX_public_sukub_csv
2025-03-04 07:00:00,70385.866667,96061.933333,KPX_public_sukub_csv
2025-03-04 08:00:00,79311.55,95655.908333,KPX_public_sukub_csv
2025-03-04 09:00:00,83960.116667,96480.525,KPX_public_sukub_csv
2025-03-04 10:00:00,85089.525,97290.05,KPX_public_sukub_csv
2025-03-04 11:00:00,84233.916667,96680.666667,KPX_public_sukub_csv
2025-03-04 12:00:00,80925.725,96095.783333,KPX_public_sukub_csv
2025-03-04 13:00:00,82094.908333,96046.941667,KPX_public_sukub_csv
2025-03-04 14:00:00,79949.05,97560.891667,KPX_public_sukub_csv
2025-03-04 15:00:00,77138.3,97869.766667,KPX_public_sukub_csv
2025-03-04 16:00:00,77334.533333,97529.075,KPX_public_sukub_csv
2025-03-04 17:00:00,77445.325,98052.658333,KPX_public_sukub_csv
2025-03-04 18:00:00,77907.925,98805.066667,KPX_public_sukub_csv
2025-03-04 19:00:00,76258.716667,98954.216667,KPX_public_sukub_csv
2025-03-04 20:00:00,73035.108333,100012.816667,KPX_public_sukub_csv
2025-03-04 21:00:00,70313.716667,99850.583333,KPX_public_sukub_csv
2025-03-04 22:00:00,69478.116667,99681.691667,KPX_public_sukub_csv
2025-03-04 23:00:00,68388.233333,99645.258333,KPX_public_sukub_csv
2025-03-05 00:00:00,64485.366667,100192.583333,KPX_public_sukub_csv
2025-03-05 01:00:00,61953.275,100527.166667,KPX_public_sukub_csv
2025-03-05 02:00:00,60403.166667,100038.808333,KPX_public_sukub_csv
2025-03-05 03:00:00,59608.3,99604.625,KPX_public_sukub_csv
2025-03-05 04:00:00,60022.908333,99984.9,KPX_public_sukub_csv
2025-03-05 05:00:00,61810.791667,99798.383333,KPX_public_sukub_csv
2025-03-05 06:00:00,65330.108333,100250.2,KPX_public_sukub_csv
2025-03-05 07:00:00,71353.208333,100422.583333,KPX_public_sukub_csv
2025-03-05 08:00:00,77856.858333,100250.1,KPX_public_sukub_csv
2025-03-05 09:00:00,80547.416667,100877.416667,KPX_public_sukub_csv
2025-03-05 10:00:00,79867.108333,101193.75,KPX_public_sukub_csv
2025-03-05 11:00:00,77074.083333,101368.0,KPX_public_sukub_csv
2025-03-05 12:00:00,73126.258333,101322.166667,KPX_public_sukub_csv
2025-03-05 13:00:00,74804.466667,101219.833333,KPX_public_sukub_csv
2025-03-05 14:00:00,75624.625,100983.75,KPX_public_sukub_csv
2025-03-05 15:00:00,75841.4,100318.666667,KPX_public_sukub_csv
2025-03-05 16:00:00,76494.141667,99664.6,KPX_public_sukub_csv
2025-03-05 17:00:00,75481.591667,100485.641667,KPX_public_sukub_csv
2025-03-05 18:00:00,75360.358333,100963.166667,KPX_public_sukub_csv
2025-03-05 19:00:00,74351.933333,101049.75,KPX_public_sukub_csv
2025-03-05 20:00:00,71728.525,101046.75,KPX_public_sukub_csv
2025-03-05 21:00:00,69256.808333,100216.416667,KPX_public_sukub_csv
2025-03-05 22:00:00,68690.791667,100105.75,KPX_public_sukub_csv
2025-03-05 23:00:00,67811.918182,100142.818182,KPX_public_sukub_csv
2025-03-06 00:00:00,63977.5,99410.691667,KPX_public_sukub_csv
2025-03-06 01:00:00,61520.233333,99378.35,KPX_public_sukub_csv
2025-03-06 02:00:00,60258.95,100125.675,KPX_public_sukub_csv
2025-03-06 03:00:00,59596.508333,100919.083333,KPX_public_sukub_csv
2025-03-06 04:00:00,59976.766667,100953.5,KPX_public_sukub_csv
2025-03-06 05:00:00,61863.233333,100983.666667,KPX_public_sukub_csv
2025-03-06 06:00:00,65852.008333,101152.833333,KPX_public_sukub_csv
2025-03-06 07:00:00,71174.05,101999.583333,KPX_public_sukub_csv
2025-03-06 08:00:00,75036.358333,102163.166667,KPX_public_sukub_csv
2025-03-06 09:00:00,73360.275,103652.5,KPX_public_sukub_csv
2025-03-06 10:00:00,69827.991667,104645.333333,KPX_public_sukub_csv
2025-03-06 11:00:00,66411.625,102385.5,KPX_public_sukub_csv
2025-03-06 12:00:00,63436.833333,102151.5,KPX_public_sukub_csv
2025-03-06 13:00:00,65677.509091,101732.909091,KPX_public_sukub_csv
2025-03-06 14:00:00,66287.583333,101320.583333,KPX_public_sukub_csv
2025-03-06 15:00:00,67386.566667,100877.583333,KPX_public_sukub_csv
2025-03-06 16:00:00,70194.291667,101031.5,KPX_public_sukub_csv
2025-03-06 17:00:00,72261.3,100618.916667,KPX_public_sukub_csv
2025-03-06 18:00:00,74609.5,99902.991667,KPX_public_sukub_csv
2025-03-06 19:00:00,74166.7,99948.583333,KPX_public_sukub_csv
2025-03-06 20:00:00,72082.691667,99878.166667,KPX_public_sukub_csv
2025-03-06 21:00:00,69629.391667,98918.816667,KPX_public_sukub_csv
2025-03-06 22:00:00,69185.283333,98373.708333,KPX_public_sukub_csv
2025-03-06 23:00:00,68431.618182,98225.545455,KPX_public_sukub_csv
2025-03-07 00:00:00,64603.416667,97993.35,KPX_public_sukub_csv
2025-03-07 01:00:00,61835.141667,98171.75,KPX_public_sukub_csv
2025-03-07 02:00:00,60466.891667,98216.508333,KPX_public_sukub_csv
2025-03-07 03:00:00,60034.375,98238.633333,KPX_public_sukub_csv
2025-03-07 04:00:00,60663.025,98256.925,KPX_public_sukub_csv
2025-03-07 05:00:00,62562.941667,98332.558333,KPX_public_sukub_csv
2025-03-07 06:00:00,66396.725,98290.166667,KPX_public_sukub_csv
2025-03-07 07:00:00,71500.533333,99083.841667,KPX_public_sukub_csv
2025-03-07 08:00:00,74165.475,99561.808333,KPX_public_sukub_csv
2025-03-07 09:00:00,72390.741667,101221.666667,KPX_public_sukub_csv
2025-03-07 10:00:00,68816.391667,101928.666667,KPX_public_sukub_csv
2025-03-07 11:00:00,64811.05,101451.833333,KPX_public_sukub_csv
2025-03-07 12:00:00,60850.558333,100015.675,KPX_public_sukub_csv
2025-03-07 13:00:00,62615.508333,99996.425,KPX_public_sukub_csv
2025-03-07 14:00:00,64373.783333,99621.9,KPX_public_sukub_csv
2025-03-07 15:00:00,66459.133333,97581.366667,KPX_public_sukub_csv
2025-03-07 16:00:00,69769.908333,96536.808333,KPX_public_sukub_csv
2025-03-07 17:00:00,71196.975,96964.208333,KPX_public_sukub_csv
2025-03-07 18:00:00,72605.541667,97231.483333,KPX_public_sukub_csv
2025-03-07 19:00:00,71889.027273,97326.981818,KPX_public_sukub_csv
2025-03-07 20:00:00,69923.091667,97292.208333,KPX_public_sukub_csv
2025-03-07 21:00:00,67798.575,95980.066667,KPX_public_sukub_csv
2025-03-07 22:00:00,67443.683333,95520.55,KPX_public_sukub_csv
2025-03-07 23:00:00,66699.445455,94550.754545,KPX_public_sukub_csv
2025-03-08 00:00:00,62859.533333,91096.783333,KPX_public_sukub_csv
2025-03-08 01:00:00,60303.858333,90858.05,KPX_public_sukub_csv
2025-03-08 02:00:00,58595.75,90288.491667,KPX_public_sukub_csv
2025-03-08 03:00:00,57869.125,90097.35,KPX_public_sukub_csv
2025-03-08 04:00:00,57854.966667,90138.666667,KPX_public_sukub_csv
2025-03-08 05:00:00,58606.191667,90857.991667,KPX_public_sukub_csv
2025-03-08 06:00:00,60119.783333,91085.658333,KPX_public_sukub_csv
2025-03-08 07:00:00,60973.883333,90864.075,KPX_public_sukub_csv
2025-03-08 08:00:00,60515.383333,90644.633333,KPX_public_sukub_csv
2025-03-08 09:00:00,59712.125,91190.8,KPX_public_sukub_csv
2025-03-08 10:00:00,58587.863636,91382.072727,KPX_public_sukub_csv
2025-03-08 11:00:00,56617.391667,91007.191667,KPX_public_sukub_csv
2025-03-08 12:00:00,53748.616667,92071.783333,KPX_public_sukub_csv
2025-03-08 13:00:00,52643.383333,92783.991667,KPX_public_sukub_csv
2025-03-08 14:00:00,52996.433333,92946.75,KPX_public_sukub_csv
2025-03-08 15:00:00,54036.075,92544.258333,KPX_public_sukub_csv
2025-03-08 16:00:00,56307.966667,92035.441667,KPX_public_sukub_csv
2025-03-08 17:00:00,59387.525,91603.708333,KPX_public_sukub_csv
2025-03-08 18:00:00,62835.291667,90822.141667,KPX_public_sukub_csv
2025-03-08 19:00:00,63866.016667,90662.475,KPX_public_sukub_csv
2025-03-08 20:00:00,62930.083333,89965.1,KPX_public_sukub_csv
2025-03-08 21:00:00,62008.783333,90444.941667,KPX_public_sukub_csv
2025-03-08 22:00:00,62432.883333,90663.316667,KPX_public_sukub_csv
2025-03-08 23:00:00,62135.15,90726.091667,KPX_public_sukub_csv
2025-03-09 00:00:00,58962.008333,90367.866667,KPX_public_sukub_csv
2025-03-09 01:00:00,56428.608333,90352.925,KPX_public_sukub_csv
2025-03-09 02:00:00,54860.341667,90063.816667,KPX_public_sukub_csv
2025-03-09 03:00:00,54138.533333,89897.875,KPX_public_sukub_csv
2025-03-09 04:00:00,54342.891667,89943.4,KPX_public_sukub_csv
2025-03-09 05:00:00,55224.85,89851.05,KPX_public_sukub_csv
2025-03-09 06:00:00,56365.341667,88876.25,KPX_public_sukub_csv
2025-03-09 07:00:00,56083.616667,89036.05,KPX_public_sukub_csv
2025-03-09 08:00:00,52886.475,89396.525,KPX_public_sukub_csv
2025-03-09 09:00:00,48766.0,91007.741667,KPX_public_sukub_csv
2025-03-09 10:00:00,46384.741667,91948.141667,KPX_public_sukub_csv
2025-03-09 11:00:00,43801.266667,91206.266667,KPX_public_sukub_csv
2025-03-09 12:00:00,42368.65,91065.258333,KPX_public_sukub_csv
2025-03-09 13:00:00,42499.858333,91142.533333,KPX_public_sukub_csv
2025-03-09 14:00:00,43777.7,91060.175,KPX_public_sukub_csv
2025-03-09 15:00:00,46273.833333,92547.125,KPX_public_sukub_csv
2025-03-09 16:00:00,51056.191667,92386.591667,KPX_public_sukub_csv
2025-03-09 17:00:00,56411.491667,91591.4,KPX_public_sukub_csv
2025-03-09 18:00:00,60929.891667,91700.283333,KPX_public_sukub_csv
2025-03-09 19:00:00,62379.241667,91831.916667,KPX_public_sukub_csv
2025-03-09 20:00:00,62282.208333,91278.183333,KPX_public_sukub_csv
2025-03-09 21:00:00,61193.916667,91423.633333,KPX_public_sukub_csv
2025-03-09 22:00:00,60676.55,91681.641667,KPX_public_sukub_csv
2025-03-09 23:00:00,60016.822222,91609.666667,KPX_public_sukub_csv
2025-03-10 00:00:00,56604.375,94142.916667,KPX_public_sukub_csv
2025-03-10 01:00:00,54387.883333,96496.041667,KPX_public_sukub_csv
2025-03-10 02:00:00,53345.875,96449.533333,KPX_public_sukub_csv
2025-03-10 03:00:00,53151.05,96638.558333,KPX_public_sukub_csv
2025-03-10 04:00:00,54150.825,96886.175,KPX_public_sukub_csv
2025-03-10 05:00:00,56673.966667,97067.125,KPX_public_sukub_csv
2025-03-10 06:00:00,61170.083333,98645.666667,KPX_public_sukub_csv
2025-03-10 07:00:00,67457.475,99727.7,KPX_public_sukub_csv
2025-03-10 08:00:00,71543.125,100656.833333,KPX_public_sukub_csv
2025-03-10 09:00:00,70541.833333,101402.166667,KPX_public_sukub_csv
2025-03-10 10:00:00,67726.375,101330.666667,KPX_public_sukub_csv
2025-03-10 11:00:00,64171.133333,101326.5,KPX_public_sukub_csv
2025-03-10 12:00:00,60450.091667,100748.916667,KPX_public_sukub_csv
2025-03-10 13:00:00,63576.925,100146.333333,KPX_public_sukub_csv
2025-03-10 14:00:00,64496.541667,100262.416667,KPX_public_sukub_csv
2025-03-10 15:00:00,65120.6,100110.066667,KPX_public_sukub_csv
2025-03-10 16:00:00,67867.008333,99529.041667,KPX_public_sukub_csv
2025-03-10 17:00:00,69913.008333,99983.783333,KPX_public_sukub_csv
2025-03-10 18:00:00,72242.791667,99534.141667,KPX_public_sukub_csv
2025-03-10 19:00:00,71890.225,99144.133333,KPX_public_sukub_csv
2025-03-10 20:00:00,69929.741667,98609.425,KPX_public_sukub_csv
2025-03-10 21:00:00,67763.716667,97698.208333,KPX_public_sukub_csv
2025-03-10 22:00:00,67260.008333,97557.616667,KPX_public_sukub_csv
2025-03-10 23:00:00,66330.481818,97632.109091,KPX_public_sukub_csv
2025-03-11 00:00:00,62266.158333,97987.416667,KPX_public_sukub_csv
2025-03-11 01:00:00,59903.283333,98212.058333,KPX_public_sukub_csv
2025-03-11 02:00:00,58755.075,97284.875,KPX_public_sukub_csv
2025-03-11 03:00:00,58195.233333,96987.491667,KPX_public_sukub_csv
2025-03-11 04:00:00,58933.158333,96958.225,KPX_public_sukub_csv
2025-03-11 05:00:00,60999.383333,97595.041667,KPX_public_sukub_csv
2025-03-11 06:00:00,64739.858333,95912.058333,KPX_public_sukub_csv
2025-03-11 07:00:00,69376.491667,95690.0,KPX_public_sukub_csv
2025-03-11 08:00:00,71447.275,96699.291667,KPX_public_sukub_csv
2025-03-11 09:00:00,69027.85,98066.966667,KPX_public_sukub_csv
2025-03-11 10:00:00,64869.675,98181.741667,KPX_public_sukub_csv
2025-03-11 11:00:00,60350.483333,98504.308333,KPX_public_sukub_csv
2025-03-11 12:00:00,55482.475,97643.083333,KPX_public_sukub_csv
2025-03-11 13:00:00,57100.308333,97812.025,KPX_public_sukub_csv
2025-03-11 14:00:00,58839.008333,97987.408333,KPX_public_sukub_csv
2025-03-11 15:00:00,60818.283333,96833.425,KPX_public_sukub_csv
2025-03-11 16:00:00,64872.75,95249.85,KPX_public_sukub_csv
2025-03-11 17:00:00,68134.566667,94694.366667,KPX_public_sukub_csv
2025-03-11 18:00:00,71150.7,94690.325,KPX_public_sukub_csv
2025-03-11 19:00:00,71370.15,95512.775,KPX_public_sukub_csv
2025-03-11 20:00:00,69196.733333,95321.908333,KPX_public_sukub_csv
2025-03-11 21:00:00,67212.858333,96779.733333,KPX_public_sukub_csv
2025-03-11 22:00:00,66610.266667,96818.141667,KPX_public_sukub_csv
2025-03-11 23:00:00,65218.741667,96727.9,KPX_public_sukub_csv
2025-03-12 00:00:00,60986.136364,90813.309091,KPX_public_sukub_csv
2025-03-12 01:00:00,58714.775,90897.45,KPX_public_sukub_csv
2025-03-12 02:00:00,57801.35,91952.283333,KPX_public_sukub_csv
2025-03-12 03:00:00,57343.283333,92817.758333,KPX_public_sukub_csv
2025-03-12 04:00:00,57822.091667,93305.25,KPX_public_sukub_csv
2025-03-12 05:00:00,59689.791667,93414.108333,KPX_public_sukub_csv
2025-03-12 06:00:00,63328.725,93814.233333,KPX_public_sukub_csv
2025-03-12 07:00:00,67865.991667,93646.016667,KPX_public_sukub_csv
2025-03-12 08:00:00,71388.358333,93414.7,KPX_public_sukub_csv
2025-03-12 09:00:00,71926.966667,93225.533333,KPX_public_sukub_csv
2025-03-12 10:00:00,70963.591667,93463.008333,KPX_public_sukub_csv
2025-03-12 11:00:00,68367.058333,93196.85,KPX_public_sukub_csv
2025-03-12 12:00:00,63484.683333,93248.483333,KPX_public_sukub_csv
2025-03-12 13:00:00,63987.5,92933.716667,KPX_public_sukub_csv
2025-03-12 14:00:00,63811.291667,92813.758333,KPX_public_sukub_csv
2025-03-12 15:00:00,64777.466667,92525.266667,KPX_public_sukub_csv
2025-03-12 16:00:00,67862.333333,91790.166667,KPX_public_sukub_csv
2025-03-12 17:00:00,69654.3,92418.05,KPX_public_sukub_csv
2025-03-12 18:00:00,71088.525,93043.941667,KPX_public_sukub_csv
2025-03-12 19:00:00,70833.816667,93225.475,KPX_public_sukub_csv
2025-03-12 20:00:00,68866.375,92526.058333,KPX_public_sukub_csv
2025-03-12 21:00:00,66693.033333,92272.675,KPX_public_sukub_csv
2025-03-12 22:00:00,66421.883333,92236.666667,KPX_public_sukub_csv
2025-03-12 23:00:00,65405.216667,92417.775,KPX_public_sukub_csv
2025-03-13 00:00:00,61627.591667,95409.441667,KPX_public_sukub_csv
2025-03-13 01:00:00,59294.25,95935.15,KPX_public_sukub_csv
2025-03-13 02:00:00,58051.683333,95301.166667,KPX_public_sukub_csv
2025-03-13 03:00:00,57475.341667,94885.766667,KPX_public_sukub_csv
2025-03-13 04:00:00,58110.608333,94624.483333,KPX_public_sukub_csv
2025-03-13 05:00:00,60007.341667,94016.783333,KPX_public_sukub_csv
2025-03-13 06:00:00,63560.425,94315.6,KPX_public_sukub_csv
2025-03-13 07:00:00,68476.958333,94284.975,KPX_public_sukub_csv
2025-03-13 08:00:00,71838.075,94731.166667,KPX_public_sukub_csv
2025-03-13 09:00:00,70433.483333,96199.1,KPX_public_sukub_csv
2025-03-13 10:00:00,67600.25,96595.05,KPX_public_sukub_csv
2025-03-13 11:00:00,63547.525,96150.833333,KPX_public_sukub_csv
2025-03-13 12:00:00,58181.333333,95965.333333,KPX_public_sukub_csv
2025-03-13 13:00:00,58329.758333,96307.416667,KPX_public_sukub_csv
2025-03-13 14:00:00,59117.016667,96691.15,KPX_public_sukub_csv
2025-03-13 15:00:00,60421.291667,96729.358333,KPX_public_sukub_csv
2025-03-13 16:00:00,64084.141667,95560.008333,KPX_public_sukub_csv
2025-03-13 17:00:00,67461.025,94671.266667,KPX_public_sukub_csv
2025-03-13 18:00:00,70682.425,94853.9,KPX_public_sukub_csv
2025-03-13 19:00:00,71139.341667,95181.55,KPX_public_sukub_csv
2025-03-13 20:00:00,69435.408333,94426.6,KPX_public_sukub_csv
2025-03-13 21:00:00,67419.0,94115.591667,KPX_public_sukub_csv
2025-03-13 22:00:00,66885.791667,93845.441667,KPX_public_sukub_csv
2025-03-13 23:00:00,65726.518182,93838.909091,KPX_public_sukub_csv
2025-03-14 00:00:00,61804.366667,93684.075,KPX_public_sukub_csv
2025-03-14 01:00:00,59119.008333,93733.783333,KPX_public_sukub_csv
2025-03-14 02:00:00,57747.491667,93581.25,KPX_public_sukub_csv
2025-03-14 03:00:00,57309.133333,93512.591667,KPX_public_sukub_csv
2025-03-14 04:00:00,57865.441667,93801.65,KPX_public_sukub_csv
2025-03-14 05:00:00,59688.783333,94284.133333,KPX_public_sukub_csv
2025-03-14 06:00:00,63326.216667,94333.633333,KPX_public_sukub_csv
2025-03-14 07:00:00,67315.158333,94643.866667,KPX_public_sukub_csv
2025-03-14 08:00:00,68253.783333,95541.258333,KPX_public_sukub_csv
2025-03-14 09:00:00,65334.95,97097.808333,KPX_public_sukub_csv
2025-03-14 10:00:00,61598.383333,97676.45,KPX_public_sukub_csv
2025-03-14 11:00:00,57254.933333,96975.191667,KPX_public_sukub_csv
2025-03-14 12:00:00,53022.3,95967.125,KPX_public_sukub_csv
2025-03-14 13:00:00,54672.475,96096.583333,KPX_public_sukub_csv
2025-03-14 14:00:00,56254.466667,96298.108333,KPX_public_sukub_csv
2025-03-14 15:00:00,58613.85,96125.508333,KPX_public_sukub_csv
2025-03-14 16:00:00,62451.108333,94919.85,KPX_public_sukub_csv
2025-03-14 17:00:00,65173.675,94256.791667,KPX_public_sukub_csv
2025-03-14 18:00:00,67954.208333,93862.091667,KPX_public_sukub_csv
2025-03-14 19:00:00,68390.283333,93883.05,KPX_public_sukub_csv
2025-03-14 20:00:00,66831.175,93750.791667,KPX_public_sukub_csv
2025-03-14 21:00:00,65070.416667,93444.675,KPX_public_sukub_csv
2025-03-14 22:00:00,64811.95,92931.783333,KPX_public_sukub_csv
2025-03-14 23:00:00,63894.916667,90678.466667,KPX_public_sukub_csv
2025-03-15 00:00:00,60287.866667,84480.758333,KPX_public_sukub_csv
2025-03-15 01:00:00,57742.333333,83955.658333,KPX_public_sukub_csv
2025-03-15 02:00:00,56177.808333,83550.275,KPX_public_sukub_csv
2025-03-15 03:00:00,55477.608333,83763.133333,KPX_public_sukub_csv
2025-03-15 04:00:00,55521.533333,83900.1,KPX_public_sukub_csv
2025-03-15 05:00:00,56470.683333,83984.108333,KPX_public_sukub_csv
2025-03-15 06:00:00,57515.225,83933.008333,KPX_public_sukub_csv
2025-03-15 07:00:00,58850.725,83912.441667,KPX_public_sukub_csv
2025-03-15 08:00:00,59377.541667,83674.941667,KPX_public_sukub_csv
2025-03-15 09:00:00,57287.883333,83945.325,KPX_public_sukub_csv
2025-03-15 10:00:00,55795.183333,84571.083333,KPX_public_sukub_csv
2025-03-15 11:00:00,53942.808333,85160.55,KPX_public_sukub_csv
2025-03-15 12:00:00,50525.241667,85583.283333,KPX_public_sukub_csv
2025-03-15 13:00:00,51317.941667,85100.116667,KPX_public_sukub_csv
2025-03-15 14:00:00,52878.591667,84408.575,KPX_public_sukub_csv
2025-03-15 15:00:00,55128.65,83711.0,KPX_public_sukub_csv
2025-03-15 16:00:00,57538.358333,82996.083333,KPX_public_sukub_csv
2025-03-15 17:00:00,59152.416667,83430.975,KPX_public_sukub_csv
2025-03-15 18:00:00,61236.183333,83364.216667,KPX_public_sukub_csv
2025-03-15 19:00:00,62013.416667,83773.725,KPX_public_sukub_csv
2025-03-15 20:00:00,61224.366667,83638.941667,KPX_public_sukub_csv
2025-03-15 21:00:00,60144.427273,83416.190909,KPX_public_sukub_csv
2025-03-15 22:00:00,60556.391667,82913.691667,KPX_public_sukub_csv
2025-03-15 23:00:00,60212.42,82831.47,KPX_public_sukub_csv
2025-03-16 00:00:00,56640.075,82197.116667,KPX_public_sukub_csv
2025-03-16 01:00:00,54193.925,82210.791667,KPX_public_sukub_csv
2025-03-16 02:00:00,52688.608333,82704.066667,KPX_public_sukub_csv
2025-03-16 03:00:00,52074.091667,82910.441667,KPX_public_sukub_csv
2025-03-16 04:00:00,52288.133333,83089.2,KPX_public_sukub_csv
2025-03-16 05:00:00,53142.891667,83232.375,KPX_public_sukub_csv
2025-03-16 06:00:00,54201.575,83210.325,KPX_public_sukub_csv
2025-03-16 07:00:00,54713.433333,83344.958333,KPX_public_sukub_csv
2025-03-16 08:00:00,54662.55,83161.975,KPX_public_sukub_csv
2025-03-16 09:00:00,55415.175,83774.333333,KPX_public_sukub_csv
2025-03-16 10:00:00,56418.275,84098.383333,KPX_public_sukub_csv
2025-03-16 11:00:00,56003.208333,84229.325,KPX_public_sukub_csv
2025-03-16 12:00:00,55109.891667,84564.8,KPX_public_sukub_csv
2025-03-16 13:00:00,53459.2,85259.05,KPX_public_sukub_csv
2025-03-16 14:00:00,51455.758333,86909.283333,KPX_public_sukub_csv
2025-03-16 15:00:00,51240.333333,89458.125,KPX_public_sukub_csv
2025-03-16 16:00:00,53935.65,88783.908333,KPX_public_sukub_csv
2025-03-16 17:00:00,58614.383333,88947.0,KPX_public_sukub_csv
2025-03-16 18:00:00,62937.7,88252.808333,KPX_public_sukub_csv
2025-03-16 19:00:00,64478.4,87994.575,KPX_public_sukub_csv
2025-03-16 20:00:00,64031.545455,88021.809091,KPX_public_sukub_csv
2025-03-16 21:00:00,62741.2,88041.691667,KPX_public_sukub_csv
2025-03-16 22:00:00,61736.933333,88426.475,KPX_public_sukub_csv
2025-03-16 23:00:00,61162.954545,88330.218182,KPX_public_sukub_csv
2025-03-17 00:00:00,58139.083333,92106.833333,KPX_public_sukub_csv
2025-03-17 01:00:00,55887.025,94544.608333,KPX_public_sukub_csv
2025-03-17 02:00:00,54604.741667,95161.7,KPX_public_sukub_csv
2025-03-17 03:00:00,54245.791667,95276.425,KPX_public_sukub_csv
2025-03-17 04:00:00,55060.233333,95291.425,KPX_public_sukub_csv
2025-03-17 05:00:00,57434.225,95318.375,KPX_public_sukub_csv
2025-03-17 06:00:00,62156.409091,95444.581818,KPX_public_sukub_csv
2025-03-17 07:00:00,67868.033333,95677.0,KPX_public_sukub_csv
2025-03-17 08:00:00,71420.85,95985.133333,KPX_public_sukub_csv
2025-03-17 09:00:00,70418.433333,97378.883333,KPX_public_sukub_csv
2025-03-17 10:00:00,67303.0,96995.625,KPX_public_sukub_csv
2025-03-17 11:00:00,63479.616667,97704.158333,KPX_public_sukub_csv
2025-03-17 12:00:00,59691.508333,97745.4,KPX_public_sukub_csv
2025-03-17 13:00:00,61421.6,97392.166667,KPX_public_sukub_csv
2025-03-17 14:00:00,62967.175,97227.708333,KPX_public_sukub_csv
2025-03-17 15:00:00,64723.066667,96322.808333,KPX_public_sukub_csv
2025-03-17 16:00:00,68458.591667,94979.658333,KPX_public_sukub_csv
2025-03-17 17:00:00,71450.825,94899.875,KPX_public_sukub_csv
2025-03-17 18:00:00,74166.775,94166.933333,KPX_public_sukub_csv
2025-03-17 19:00:00,74221.991667,94049.141667,KPX_public_sukub_csv
2025-03-17 20:00:00,71817.966667,94187.491667,KPX_public_sukub_csv
2025-03-17 21:00:00,69542.641667,93408.158333,KPX_public_sukub_csv
2025-03-17 22:00:00,68720.275,92612.1,KPX_public_sukub_csv
2025-03-17 23:00:00,67783.463636,92537.754545,KPX_public_sukub_csv
2025-03-18 00:00:00,63864.066667,91543.466667,KPX_public_sukub_csv
2025-03-18 01:00:00,61474.775,91730.266667,KPX_public_sukub_csv
2025-03-18 02:00:00,60049.066667,90075.233333,KPX_public_sukub_csv
2025-03-18 03:00:00,59299.9,89770.366667,KPX_public_sukub_csv
2025-03-18 04:00:00,59711.8,90709.883333,KPX_public_sukub_csv
2025-03-18 05:00:00,61653.933333,90824.825,KPX_public_sukub_csv
2025-03-18 06:00:00,65414.875,90806.266667,KPX_public_sukub_csv
2025-03-18 07:00:00,71430.15,92324.925,KPX_public_sukub_csv
2025-03-18 08:00:00,77225.025,93095.833333,KPX_public_sukub_csv
2025-03-18 09:00:00,79896.816667,94245.683333,KPX_public_sukub_csv
2025-03-18 10:00:00,79871.866667,93696.1,KPX_public_sukub_csv
2025-03-18 11:00:00,78269.941667,93491.658333,KPX_public_sukub_csv
2025-03-18 12:00:00,74134.591667,93679.575,KPX_public_sukub_csv
2025-03-18 13:00:00,75235.766667,95336.766667,KPX_public_sukub_csv
2025-03-18 14:00:00,74822.866667,94530.483333,KPX_public_sukub_csv
2025-03-18 15:00:00,74908.875,94037.55,KPX_public_sukub_csv
2025-03-18 16:00:00,75891.566667,94293.233333,KPX_public_sukub_csv
2025-03-18 17:00:00,75864.566667,94776.641667,KPX_public_sukub_csv
2025-03-18 18:00:00,76616.281818,94367.127273,KPX_public_sukub_csv
2025-03-18 19:00:00,76060.5,94397.441667,KPX_public_sukub_csv
2025-03-18 20:00:00,73288.325,94550.458333,KPX_public_sukub_csv
2025-03-18 21:00:00,70747.583333,94231.491667,KPX_public_sukub_csv
2025-03-18 22:00:00,69899.458333,94139.2,KPX_public_sukub_csv
2025-03-18 23:00:00,68647.908333,94160.433333,KPX_public_sukub_csv
2025-03-19 00:00:00,64793.883333,94074.566667,KPX_public_sukub_csv
2025-03-19 01:00:00,62395.983333,92679.958333,KPX_public_sukub_csv
2025-03-19 02:00:00,61074.558333,91533.275,KPX_public_sukub_csv
2025-03-19 03:00:00,60584.983333,91544.816667,KPX_public_sukub_csv
2025-03-19 04:00:00,61101.616667,91593.525,KPX_public_sukub_csv
2025-03-19 05:00:00,63014.441667,91666.083333,KPX_public_sukub_csv
2025-03-19 06:00:00,66892.216667,91570.158333,KPX_public_sukub_csv
2025-03-19 07:00:00,71268.566667,92632.558333,KPX_public_sukub_csv
2025-03-19 08:00:00,73930.533333,93242.008333,KPX_public_sukub_csv
2025-03-19 09:00:00,72744.15,94146.125,KPX_public_sukub_csv
2025-03-19 10:00:00,69796.4,94695.3,KPX_public_sukub_csv
2025-03-19 11:00:00,65856.975,93032.533333,KPX_public_sukub_csv
2025-03-19 12:00:00,60645.308333,93406.558333,KPX_public_sukub_csv
2025-03-19 13:00:00,61582.833333,93841.333333,KPX_public_sukub_csv
2025-03-19 14:00:00,62374.4,93977.3,KPX_public_sukub_csv
2025-03-19 15:00:00,64180.683333,94034.8,KPX_public_sukub_csv
2025-03-19 16:00:00,67823.583333,92729.916667,KPX_public_sukub_csv
2025-03-19 17:00:00,70984.4,92303.116667,KPX_public_sukub_csv
2025-03-19 18:00:00,73850.266667,91658.391667,KPX_public_sukub_csv
2025-03-19 19:00:00,74335.183333,91549.341667,KPX_public_sukub_csv
2025-03-19 20:00:00,72146.733333,91462.058333,KPX_public_sukub_csv
2025-03-19 21:00:00,69993.175,91197.908333,KPX_public_sukub_csv
2025-03-19 22:00:00,69059.966667,90832.541667,KPX_public_sukub_csv
2025-03-19 23:00:00,68066.236364,90351.554545,KPX_public_sukub_csv
2025-03-20 00:00:00,63862.316667,90484.933333,KPX_public_sukub_csv
2025-03-20 01:00:00,61419.566667,90559.116667,KPX_public_sukub_csv
2025-03-20 02:00:00,60092.825,90988.891667,KPX_public_sukub_csv
2025-03-20 03:00:00,59641.308333,91102.916667,KPX_public_sukub_csv
2025-03-20 04:00:00,60099.666667,90489.441667,KPX_public_sukub_csv
2025-03-20 05:00:00,61845.466667,90560.041667,KPX_public_sukub_csv
2025-03-20 06:00:00,65461.383333,90511.291667,KPX_public_sukub_csv
2025-03-20 07:00:00,69531.216667,90921.891667,KPX_public_sukub_csv
2025-03-20 08:00:00,71592.808333,92341.116667,KPX_public_sukub_csv
2025-03-20 09:00:00,70632.833333,93290.233333,KPX_public_sukub_csv
2025-03-20 10:00:00,67856.716667,93243.616667,KPX_public_sukub_csv
2025-03-20 11:00:00,63020.816667,93486.2,KPX_public_sukub_csv
2025-03-20 12:00:00,57475.641667,92868.466667,KPX_public_sukub_csv
2025-03-20 13:00:00,58582.541667,93230.875,KPX_public_sukub_csv
2025-03-20 14:00:00,59967.908333,93139.441667,KPX_public_sukub_csv
2025-03-20 15:00:00,61968.391667,92147.716667,KPX_public_sukub_csv
2025-03-20 16:00:00,65782.183333,90579.275,KPX_public_sukub_csv
2025-03-20 17:00:00,68873.925,89854.066667,KPX_public_sukub_csv
2025-03-20 18:00:00,71571.641667,90014.666667,KPX_public_sukub_csv
2025-03-20 19:00:00,71962.583333,90409.966667,KPX_public_sukub_csv
2025-03-20 20:00:00,69846.008333,90422.25,KPX_public_sukub_csv
2025-03-20 21:00:00,67744.966667,89190.616667,KPX_public_sukub_csv
2025-03-20 22:00:00,67044.25,88770.9,KPX_public_sukub_csv
2025-03-20 23:00:00,65736.425,88795.891667,KPX_public_sukub_csv
2025-03-21 00:00:00,61808.308333,87795.608333,KPX_public_sukub_csv
2025-03-21 01:00:00,59520.75,87762.383333,KPX_public_sukub_csv
2025-03-21 02:00:00,58063.045455,87831.936364,KPX_public_sukub_csv
2025-03-21 03:00:00,57372.183333,87866.191667,KPX_public_sukub_csv
2025-03-21 04:00:00,57980.875,87850.658333,KPX_public_sukub_csv
2025-03-21 05:00:00,59719.958333,88579.558333,KPX_public_sukub_csv
2025-03-21 06:00:00,63017.758333,88652.775,KPX_public_sukub_csv
2025-03-21 07:00:00,66493.708333,89101.875,KPX_public_sukub_csv
2025-03-21 08:00:00,67571.433333,89670.066667,KPX_public_sukub_csv
2025-03-21 09:00:00,65193.566667,91139.375,KPX_public_sukub_csv
2025-03-21 10:00:00,61505.875,91764.3,KPX_public_sukub_csv
2025-03-21 11:00:00,57488.591667,91364.225,KPX_public_sukub_csv
2025-03-21 12:00:00,53402.941667,91592.008333,KPX_public_sukub_csv
2025-03-21 13:00:00,54849.783333,91725.816667,KPX_public_sukub_csv
2025-03-21 14:00:00,56266.508333,91743.866667,KPX_public_sukub_csv
2025-03-21 15:00:00,58369.3,91736.991667,KPX_public_sukub_csv
2025-03-21 16:00:00,61868.241667,90660.95,KPX_public_sukub_csv
2025-03-21 17:00:00,64720.891667,90078.266667,KPX_public_sukub_csv
2025-03-21 18:00:00,67408.508333,89161.533333,KPX_public_sukub_csv
2025-03-21 19:00:00,68218.308333,89234.141667,KPX_public_sukub_csv
2025-03-21 20:00:00,66720.683333,89478.733333,KPX_public_sukub_csv
2025-03-21 21:00:00,65203.458333,89221.658333,KPX_public_sukub_csv
2025-03-21 22:00:00,65003.941667,88825.291667,KPX_public_sukub_csv
2025-03-21 23:00:00,64040.854545,87018.909091,KPX_public_sukub_csv
2025-03-22 00:00:00,59990.708333,83139.516667,KPX_public_sukub_csv
2025-03-22 01:00:00,57599.441667,82792.616667,KPX_public_sukub_csv
2025-03-22 02:00:00,56159.108333,82458.233333,KPX_public_sukub_csv
2025-03-22 03:00:00,55519.366667,82418.133333,KPX_public_sukub_csv
2025-03-22 04:00:00,55681.916667,82524.425,KPX_public_sukub_csv
2025-03-22 05:00:00,56549.025,82718.85,KPX_public_sukub_csv
2025-03-22 06:00:00,57715.85,82909.8,KPX_public_sukub_csv
2025-03-22 07:00:00,57002.791667,83434.083333,KPX_public_sukub_csv
2025-03-22 08:00:00,53699.116667,82010.85,KPX_public_sukub_csv
2025-03-22 09:00:00,50507.0,83512.966667,KPX_public_sukub_csv
2025-03-22 10:00:00,47915.975,83686.566667,KPX_public_sukub_csv
2025-03-22 11:00:00,45502.833333,83592.05,KPX_public_sukub_csv
2025-03-22 12:00:00,43404.775,83626.15,KPX_public_sukub_csv
2025-03-22 13:00:00,44228.091667,83628.916667,KPX_public_sukub_csv
2025-03-22 14:00:00,45260.216667,83950.025,KPX_public_sukub_csv
2025-03-22 15:00:00,47645.516667,82686.45,KPX_public_sukub_csv
2025-03-22 16:00:00,51134.625,80081.991667,KPX_public_sukub_csv
2025-03-22 17:00:00,54886.466667,79280.675,KPX_public_sukub_csv
2025-03-22 18:00:00,58625.941667,78386.125,KPX_public_sukub_csv
2025-03-22 19:00:00,60161.708333,79221.15,KPX_public_sukub_csv
2025-03-22 20:00:00,59647.225,78907.575,KPX_public_sukub_csv
2025-03-22 21:00:00,58776.683333,78817.525,KPX_public_sukub_csv
2025-03-22 22:00:00,59110.291667,78662.433333,KPX_public_sukub_csv
2025-03-22 23:00:00,58245.0,78696.05,KPX_public_sukub_csv
2025-03-23 00:00:00,54911.775,78862.866667,KPX_public_sukub_csv
2025-03-23 01:00:00,52613.033333,78846.391667,KPX_public_sukub_csv
2025-03-23 02:00:00,51475.575,79150.441667,KPX_public_sukub_csv
2025-03-23 03:00:00,50886.466667,79132.275,KPX_public_sukub_csv
2025-03-23 04:00:00,51033.05,79085.591667,KPX_public_sukub_csv
2025-03-23 05:00:00,51962.758333,79093.891667,KPX_public_sukub_csv
2025-03-23 06:00:00,52907.366667,79002.566667,KPX_public_sukub_csv
2025-03-23 07:00:00,51810.7,79429.566667,KPX_public_sukub_csv
2025-03-23 08:00:00,48081.308333,79357.008333,KPX_public_sukub_csv
2025-03-23 09:00:00,44725.318182,80786.790909,KPX_public_sukub_csv
2025-03-23 10:00:00,42637.225,81210.116667,KPX_public_sukub_csv
2025-03-23 11:00:00,41174.3,80557.675,KPX_public_sukub_csv
2025-03-23 12:00:00,41035.2,79794.616667,KPX_public_sukub_csv
2025-03-23 13:00:00,41592.591667,79911.308333,KPX_public_sukub_csv
2025-03-23 14:00:00,43242.1,80452.05,KPX_public_sukub_csv
2025-03-23 15:00:00,46364.841667,80307.191667,KPX_public_sukub_csv
2025-03-23 16:00:00,50553.625,81510.966667,KPX_public_sukub_csv
2025-03-23 17:00:00,54410.591667,80691.55,KPX_public_sukub_csv
2025-03-23 18:00:00,58028.933333,80252.591667,KPX_public_sukub_csv
2025-03-23 19:00:00,59669.883333,80320.991667,KPX_public_sukub_csv
2025-03-23 20:00:00,59302.483333,80371.075,KPX_public_sukub_csv
2025-03-23 21:00:00,58134.033333,80179.083333,KPX_public_sukub_csv
2025-03-23 22:00:00,56934.245455,80235.045455,KPX_public_sukub_csv
2025-03-23 23:00:00,55638.854545,80389.7,KPX_public_sukub_csv
2025-03-24 00:00:00,52428.358333,83790.525,KPX_public_sukub_csv
2025-03-24 01:00:00,50365.6,86177.05,KPX_public_sukub_csv
2025-03-24 02:00:00,49343.975,86522.283333,KPX_public_sukub_csv
2025-03-24 03:00:00,49131.133333,86750.441667,KPX_public_sukub_csv
2025-03-24 04:00:00,49832.533333,86840.025,KPX_public_sukub_csv
2025-03-24 05:00:00,52089.416667,86823.283333,KPX_public_sukub_csv
2025-03-24 06:00:00,55833.425,86799.533333,KPX_public_sukub_csv
2025-03-24 07:00:00,61073.941667,87580.15,KPX_public_sukub_csv
2025-03-24 08:00:00,64652.458333,87589.6,KPX_public_sukub_csv
2025-03-24 09:00:00,63024.908333,88456.208333,KPX_public_sukub_csv
2025-03-24 10:00:00,59302.866667,89187.233333,KPX_public_sukub_csv
2025-03-24 11:00:00,55907.941667,89705.575,KPX_public_sukub_csv
2025-03-24 12:00:00,52334.316667,90037.708333,KPX_public_sukub_csv
2025-03-24 13:00:00,54678.308333,90134.758333,KPX_public_sukub_csv
2025-03-24 14:00:00,57106.216667,89896.341667,KPX_public_sukub_csv
2025-03-24 15:00:00,59751.033333,89202.408333,KPX_public_sukub_csv
2025-03-24 16:00:00,63602.125,87801.358333,KPX_public_sukub_csv
2025-03-24 17:00:00,65532.033333,87287.966667,KPX_public_sukub_csv
2025-03-24 18:00:00,67816.583333,86846.316667,KPX_public_sukub_csv
2025-03-24 19:00:00,68121.575,86983.183333,KPX_public_sukub_csv
2025-03-24 20:00:00,66141.225,86962.808333,KPX_public_sukub_csv
2025-03-24 21:00:00,64211.075,86800.4,KPX_public_sukub_csv
2025-03-24 22:00:00,63589.75,86578.291667,KPX_public_sukub_csv
2025-03-24 23:00:00,62079.009091,86455.636364,KPX_public_sukub_csv
2025-03-25 00:00:00,57826.881818,85032.163636,KPX_public_sukub_csv
2025-03-25 01:00:00,55780.316667,85037.45,KPX_public_sukub_csv
2025-03-25 02:00:00,54852.15,85008.9,KPX_public_sukub_csv
2025-03-25 03:00:00,54360.35,84942.508333,KPX_public_sukub_csv
2025-03-25 04:00:00,54905.225,84951.816667,KPX_public_sukub_csv
2025-03-25 05:00:00,56641.358333,85036.658333,KPX_public_sukub_csv
2025-03-25 06:00:00,59684.366667,84908.0,KPX_public_sukub_csv
2025-03-25 07:00:00,62848.958333,85354.65,KPX_public_sukub_csv
2025-03-25 08:00:00,63777.241667,86352.033333,KPX_public_sukub_csv
2025-03-25 09:00:00,61801.891667,87877.975,KPX_public_sukub_csv
2025-03-25 10:00:00,59620.216667,88165.2,KPX_public_sukub_csv
2025-03-25 11:00:00,56714.775,88242.125,KPX_public_sukub_csv
2025-03-25 12:00:00,53927.166667,88101.875,KPX_public_sukub_csv
2025-03-25 13:00:00,56577.525,88142.758333,KPX_public_sukub_csv
2025-03-25 14:00:00,58725.391667,88054.308333,KPX_public_sukub_csv
2025-03-25 15:00:00,61454.875,89080.716667,KPX_public_sukub_csv
2025-03-25 16:00:00,64203.736364,88017.590909,KPX_public_sukub_csv
2025-03-25 17:00:00,65610.858333,87487.775,KPX_public_sukub_csv
2025-03-25 18:00:00,67975.641667,86360.533333,KPX_public_sukub_csv
2025-03-25 19:00:00,68696.825,85959.283333,KPX_public_sukub_csv
2025-03-25 20:00:00,66897.016667,86182.45,KPX_public_sukub_csv
2025-03-25 21:00:00,64918.833333,86128.425,KPX_public_sukub_csv
2025-03-25 22:00:00,64015.541667,85307.483333,KPX_public_sukub_csv
2025-03-25 23:00:00,62564.636364,84713.781818,KPX_public_sukub_csv
2025-03-26 00:00:00,58256.9,83067.216667,KPX_public_sukub_csv
2025-03-26 01:00:00,56105.458333,82990.416667,KPX_public_sukub_csv
2025-03-26 02:00:00,55104.375,83057.7,KPX_public_sukub_csv
2025-03-26 03:00:00,54492.608333,83045.641667,KPX_public_sukub_csv
2025-03-26 04:00:00,54949.316667,82983.708333,KPX_public_sukub_csv
2025-03-26 05:00:00,56762.458333,82643.783333,KPX_public_sukub_csv
2025-03-26 06:00:00,59748.808333,82291.925,KPX_public_sukub_csv
2025-03-26 07:00:00,62132.241667,83345.483333,KPX_public_sukub_csv
2025-03-26 08:00:00,62180.954545,84494.636364,KPX_public_sukub_csv
2025-03-26 09:00:00,60186.258333,85769.975,KPX_public_sukub_csv
2025-03-26 10:00:00,57281.316667,84739.916667,KPX_public_sukub_csv
2025-03-26 11:00:00,54045.654545,84894.636364,KPX_public_sukub_csv
2025-03-26 12:00:00,51138.0,84883.533333,KPX_public_sukub_csv
2025-03-26 13:00:00,53444.458333,85322.4,KPX_public_sukub_csv
2025-03-26 14:00:00,55767.716667,85223.116667,KPX_public_sukub_csv
2025-03-26 15:00:00,58001.266667,85329.025,KPX_public_sukub_csv
2025-03-26 16:00:00,61590.4,86376.516667,KPX_public_sukub_csv
2025-03-26 17:00:00,64108.625,86242.508333,KPX_public_sukub_csv
2025-03-26 18:00:00,66749.283333,85682.55,KPX_public_sukub_csv
2025-03-26 19:00:00,67256.25,86195.525,KPX_public_sukub_csv
2025-03-26 20:00:00,65673.691667,86554.733333,KPX_public_sukub_csv
2025-03-26 21:00:00,63883.116667,86557.883333,KPX_public_sukub_csv
2025-03-26 22:00:00,63031.9,86285.35,KPX_public_sukub_csv
2025-03-26 23:00:00,61405.125,86221.883333,KPX_public_sukub_csv
2025-03-27 00:00:00,57562.166667,84093.383333,KPX_public_sukub_csv
2025-03-27 01:00:00,55428.983333,83983.908333,KPX_public_sukub_csv
2025-03-27 02:00:00,54354.675,84075.95,KPX_public_sukub_csv
2025-03-27 03:00:00,53747.966667,84488.133333,KPX_public_sukub_csv
2025-03-27 04:00:00,54106.466667,85527.825,KPX_public_sukub_csv
2025-03-27 05:00:00,55800.416667,86998.95,KPX_public_sukub_csv
2025-03-27 06:00:00,58802.266667,86734.208333,KPX_public_sukub_csv
2025-03-27 07:00:00,63312.183333,87229.441667,KPX_public_sukub_csv
2025-03-27 08:00:00,67785.35,87403.683333,KPX_public_sukub_csv
2025-03-27 09:00:00,69219.333333,87469.616667,KPX_public_sukub_csv
2025-03-27 10:00:00,68295.2,87852.858333,KPX_public_sukub_csv
2025-03-27 11:00:00,66523.108333,87587.775,KPX_public_sukub_csv
2025-03-27 12:00:00,63541.158333,87508.358333,KPX_public_sukub_csv
2025-03-27 13:00:00,65687.691667,87339.441667,KPX_public_sukub_csv
2025-03-27 14:00:00,66666.266667,86986.633333,KPX_public_sukub_csv
2025-03-27 15:00:00,66785.341667,87420.891667,KPX_public_sukub_csv
2025-03-27 16:00:00,67910.141667,87155.391667,KPX_public_sukub_csv
2025-03-27 17:00:00,68034.641667,87277.941667,KPX_public_sukub_csv
2025-03-27 18:00:00,68674.225,86761.683333,KPX_public_sukub_csv
2025-03-27 19:00:00,68418.541667,86876.558333,KPX_public_sukub_csv
2025-03-27 20:00:00,66391.475,87214.85,KPX_public_sukub_csv
2025-03-27 21:00:00,64473.833333,87287.683333,KPX_public_sukub_csv
2025-03-27 22:00:00,63813.475,87270.8,KPX_public_sukub_csv
2025-03-27 23:00:00,62411.627273,87196.781818,KPX_public_sukub_csv
2025-03-28 00:00:00,58523.041667,86830.766667,KPX_public_sukub_csv
2025-03-28 01:00:00,56192.216667,86982.908333,KPX_public_sukub_csv
2025-03-28 02:00:00,55076.9,86817.9,KPX_public_sukub_csv
2025-03-28 03:00:00,54559.3,86662.858333,KPX_public_sukub_csv
2025-03-28 04:00:00,55136.458333,86423.308333,KPX_public_sukub_csv
2025-03-28 05:00:00,56988.091667,87382.333333,KPX_public_sukub_csv
2025-03-28 06:00:00,60138.008333,86898.425,KPX_public_sukub_csv
2025-03-28 07:00:00,63930.641667,86629.45,KPX_public_sukub_csv
2025-03-28 08:00:00,66474.8,87855.075,KPX_public_sukub_csv
2025-03-28 09:00:00,65977.141667,89250.308333,KPX_public_sukub_csv
2025-03-28 10:00:00,62874.116667,90371.15,KPX_public_sukub_csv
2025-03-28 11:00:00,58878.958333,90165.958333,KPX_public_sukub_csv
2025-03-28 12:00:00,53767.25,89561.858333,KPX_public_sukub_csv
2025-03-28 13:00:00,55049.958333,89951.575,KPX_public_sukub_csv
2025-03-28 14:00:00,56359.058333,90088.141667,KPX_public_sukub_csv
2025-03-28 15:00:00,58314.116667,90649.341667,KPX_public_sukub_csv
2025-03-28 16:00:00,61872.05,89598.866667,KPX_public_sukub_csv
2025-03-28 17:00:00,64250.325,89381.283333,KPX_public_sukub_csv
2025-03-28 18:00:00,67007.508333,89400.45,KPX_public_sukub_csv
2025-03-28 19:00:00,67851.075,89617.241667,KPX_public_sukub_csv
2025-03-28 20:00:00,66447.958333,89511.808333,KPX_public_sukub_csv
2025-03-28 21:00:00,64774.8,89155.0,KPX_public_sukub_csv
2025-03-28 22:00:00,64443.233333,88932.408333,KPX_public_sukub_csv
2025-03-28 23:00:00,63437.127273,87618.963636,KPX_public_sukub_csv
2025-03-29 00:00:00,59673.6,84878.333333,KPX_public_sukub_csv
2025-03-29 01:00:00,57193.375,84755.166667,KPX_public_sukub_csv
2025-03-29 02:00:00,55798.266667,84910.441667,KPX_public_sukub_csv
2025-03-29 03:00:00,55239.916667,84943.95,KPX_public_sukub_csv
2025-03-29 04:00:00,55423.608333,84920.491667,KPX_public_sukub_csv
2025-03-29 05:00:00,56271.45,84951.241667,KPX_public_sukub_csv
2025-03-29 06:00:00,57280.15,84921.483333,KPX_public_sukub_csv
2025-03-29 07:00:00,56063.416667,85562.875,KPX_public_sukub_csv
2025-03-29 08:00:00,52231.758333,86326.275,KPX_public_sukub_csv
2025-03-29 09:00:00,50360.583333,87685.166667,KPX_public_sukub_csv
2025-03-29 10:00:00,50102.383333,85900.8,KPX_public_sukub_csv
2025-03-29 11:00:00,50857.183333,85379.941667,KPX_public_sukub_csv
2025-03-29 12:00:00,50722.6,85356.366667,KPX_public_sukub_csv
2025-03-29 13:00:00,51399.933333,85614.483333,KPX_public_sukub_csv
2025-03-29 14:00:00,51367.466667,85611.941667,KPX_public_sukub_csv
2025-03-29 15:00:00,51461.890909,85437.254545,KPX_public_sukub_csv
2025-03-29 16:00:00,52997.091667,85345.308333,KPX_public_sukub_csv
2025-03-29 17:00:00,56193.825,85639.433333,KPX_public_sukub_csv
2025-03-29 18:00:00,59896.458333,85272.75,KPX_public_sukub_csv
2025-03-29 19:00:00,62135.25,84779.575,KPX_public_sukub_csv
2025-03-29 20:00:00,61457.05,84377.108333,KPX_public_sukub_csv
2025-03-29 21:00:00,60411.65,83821.425,KPX_public_sukub_csv
2025-03-29 22:00:00,60652.591667,83726.7,KPX_public_sukub_csv
2025-03-29 23:00:00,60017.858333,83704.65,KPX_public_sukub_csv
2025-03-30 00:00:00,56853.95,83538.083333,KPX_public_sukub_csv
2025-03-30 01:00:00,54439.833333,83300.95,KPX_public_sukub_csv
2025-03-30 02:00:00,52965.583333,83354.541667,KPX_public_sukub_csv
2025-03-30 03:00:00,52374.508333,83341.2,KPX_public_sukub_csv
2025-03-30 04:00:00,52735.375,83266.3,KPX_public_sukub_csv
2025-03-30 05:00:00,53634.225,83155.733333,KPX_public_sukub_csv
2025-03-30 06:00:00,54384.541667,82989.866667,KPX_public_sukub_csv
2025-03-30 07:00:00,52555.516667,83187.258333,KPX_public_sukub_csv
2025-03-30 08:00:00,48051.141667,83795.541667,KPX_public_sukub_csv
2025-03-30 09:00:00,44596.916667,85181.208333,KPX_public_sukub_csv
2025-03-30 10:00:00,43218.891667,85395.175,KPX_public_sukub_csv
2025-03-30 11:00:00,42972.891667,84989.825,KPX_public_sukub_csv
2025-03-30 12:00:00,42843.833333,84814.208333,KPX_public_sukub_csv
2025-03-30 13:00:00,43444.625,85293.991667,KPX_public_sukub_csv
2025-03-30 14:00:00,45064.2,85421.516667,KPX_public_sukub_csv
2025-03-30 15:00:00,47511.325,84850.716667,KPX_public_sukub_csv
2025-03-30 16:00:00,51070.7,84771.041667,KPX_public_sukub_csv
2025-03-30 17:00:00,55106.766667,84984.491667,KPX_public_sukub_csv
2025-03-30 18:00:00,59358.025,84760.658333,KPX_public_sukub_csv
2025-03-30 19:00:00,61607.8,85286.95,KPX_public_sukub_csv
2025-03-30 20:00:00,61217.208333,85206.875,KPX_public_sukub_csv
2025-03-30 21:00:00,60131.3,84586.108333,KPX_public_sukub_csv
2025-03-30 22:00:00,59168.25,83987.4,KPX_public_sukub_csv
2025-03-30 23:00:00,58288.645455,83880.690909,KPX_public_sukub_csv
2025-03-31 00:00:00,55296.1,83657.766667,KPX_public_sukub_csv
2025-03-31 01:00:00,53006.733333,84819.958333,KPX_public_sukub_csv
2025-03-31 02:00:00,51891.966667,85385.825,KPX_public_sukub_csv
2025-03-31 03:00:00,51729.591667,86126.075,KPX_public_sukub_csv
2025-03-31 04:00:00,52397.883333,86159.508333,KPX_public_sukub_csv
2025-03-31 05:00:00,54495.516667,86136.258333,KPX_public_sukub_csv
2025-03-31 06:00:00,58318.016667,86123.275,KPX_public_sukub_csv
2025-03-31 07:00:00,62629.716667,87178.641667,KPX_public_sukub_csv
2025-03-31 08:00:00,65000.725,87639.075,KPX_public_sukub_csv
2025-03-31 09:00:00,64037.158333,88794.791667,KPX_public_sukub_csv
2025-03-31 10:00:00,61582.1,89405.641667,KPX_public_sukub_csv
2025-03-31 11:00:00,58023.225,89185.5,KPX_public_sukub_csv
2025-03-31 12:00:00,54125.133333,89796.208333,KPX_public_sukub_csv
2025-03-31 13:00:00,56416.341667,89922.483333,KPX_public_sukub_csv
2025-03-31 14:00:00,58218.583333,89666.141667,KPX_public_sukub_csv
2025-03-31 15:00:00,60484.458333,88581.591667,KPX_public_sukub_csv
2025-03-31 16:00:00,63925.675,88440.133333,KPX_public_sukub_csv
2025-03-31 17:00:00,66098.608333,88735.366667,KPX_public_sukub_csv
2025-03-31 18:00:00,68483.975,88278.233333,KPX_public_sukub_csv
2025-03-31 19:00:00,69161.391667,88086.8,KPX_public_sukub_csv
2025-03-31 20:00:00,67394.325,88006.158333,KPX_public_sukub_csv
2025-03-31 21:00:00,65346.716667,87686.1,KPX_public_sukub_csv
2025-03-31 22:00:00,65070.108333,87448.075,KPX_public_sukub_csv
2025-03-31 23:00:00,63798.116667,87346.591667,KPX_public_sukub_csv
2025-04-01 00:00:00,60017.45,87018.391667,KPX_public_sukub_csv
2025-04-01 01:00:00,57629.75,87021.075,KPX_public_sukub_csv
2025-04-01 02:00:00,56349.75,86226.49,KPX_public_sukub_csv
2025-04-01 03:00:00,55925.891667,86138.691667,KPX_public_sukub_csv
2025-04-01 04:00:00,56350.083333,86210.433333,KPX_public_sukub_csv
2025-04-01 05:00:00,58152.591667,86266.95,KPX_public_sukub_csv
2025-04-01 06:00:00,61024.058333,86187.483333,KPX_public_sukub_csv
2025-04-01 07:00:00,64071.05,86694.533333,KPX_public_sukub_csv
2025-04-01 08:00:00,65238.125,87167.083333,KPX_public_sukub_csv
2025-04-01 09:00:00,62968.75,88585.95,KPX_public_sukub_csv
2025-04-01 10:00:00,59462.525,89322.883333,KPX_public_sukub_csv
2025-04-01 11:00:00,55811.158333,89978.875,KPX_public_sukub_csv
2025-04-01 12:00:00,51836.875,89310.075,KPX_public_sukub_csv
2025-04-01 13:00:00,53694.175,89116.408333,KPX_public_sukub_csv
2025-04-01 14:00:00,55549.325,90138.725,KPX_public_sukub_csv
2025-04-01 15:00:00,58016.441667,89761.65,KPX_public_sukub_csv
2025-04-01 16:00:00,61854.966667,88521.383333,KPX_public_sukub_csv
2025-04-01 17:00:00,64993.816667,88656.075,KPX_public_sukub_csv
2025-04-01 18:00:00,68023.85,87490.433333,KPX_public_sukub_csv
2025-04-01 19:00:00,69244.808333,87465.308333,KPX_public_sukub_csv
2025-04-01 20:00:00,67449.033333,88095.033333,KPX_public_sukub_csv
2025-04-01 21:00:00,65640.5,87955.125,KPX_public_sukub_csv
2025-04-01 22:00:00,64828.716667,86779.691667,KPX_public_sukub_csv
2025-04-01 23:00:00,63654.675,86695.525,KPX_public_sukub_csv
2025-04-02 00:00:00,59941.883333,86543.95,KPX_public_sukub_csv
2025-04-02 01:00:00,57759.208333,86591.375,KPX_public_sukub_csv
2025-04-02 02:00:00,56499.358333,86630.116667,KPX_public_sukub_csv
2025-04-02 03:00:00,56084.741667,86710.341667,KPX_public_sukub_csv
2025-04-02 04:00:00,56451.991667,86888.775,KPX_public_sukub_csv
2025-04-02 05:00:00,57871.566667,86864.275,KPX_public_sukub_csv
2025-04-02 06:00:00,60912.6,86845.816667,KPX_public_sukub_csv
2025-04-02 07:00:00,63214.783333,87378.375,KPX_public_sukub_csv
2025-04-02 08:00:00,63662.666667,88162.741667,KPX_public_sukub_csv
2025-04-02 09:00:00,61820.308333,89544.55,KPX_public_sukub_csv
2025-04-02 10:00:00,58902.3,89934.863636,KPX_public_sukub_csv
2025-04-02 11:00:00,56011.85,90045.783333,KPX_public_sukub_csv
2025-04-02 12:00:00,53901.833333,89883.808333,KPX_public_sukub_csv
2025-04-02 13:00:00,57767.516667,89649.183333,KPX_public_sukub_csv
2025-04-02 14:00:00,61566.45,88743.975,KPX_public_sukub_csv
2025-04-02 15:00:00,65584.566667,87462.783333,KPX_public_sukub_csv
2025-04-02 16:00:00,68567.125,87755.533333,KPX_public_sukub_csv
2025-04-02 17:00:00,68295.25,87897.066667,KPX_public_sukub_csv
2025-04-02 18:00:00,68941.066667,87915.925,KPX_public_sukub_csv
2025-04-02 19:00:00,69069.916667,88664.733333,KPX_public_sukub_csv
2025-04-02 20:00:00,67289.908333,88388.666667,KPX_public_sukub_csv
2025-04-02 21:00:00,65252.083333,87785.558333,KPX_public_sukub_csv
2025-04-02 22:00:00,64614.541667,86390.825,KPX_public_sukub_csv
2025-04-02 23:00:00,63068.309091,85771.445455,KPX_public_sukub_csv
2025-04-03 00:00:00,59296.25,84867.941667,KPX_public_sukub_csv
2025-04-03 01:00:00,56886.8,85044.083333,KPX_public_sukub_csv
2025-04-03 02:00:00,55774.458333,84635.166667,KPX_public_sukub_csv
2025-04-03 03:00:00,55349.583333,84206.008333,KPX_public_sukub_csv
2025-04-03 04:00:00,55954.125,84430.625,KPX_public_sukub_csv
2025-04-03 05:00:00,57612.183333,84588.008333,KPX_public_sukub_csv
2025-04-03 06:00:00,60667.025,84476.7,KPX_public_sukub_csv
2025-04-03 07:00:00,63577.183333,84801.841667,KPX_public_sukub_csv
2025-04-03 08:00:00,65008.625,85116.541667,KPX_public_sukub_csv
2025-04-03 09:00:00,63444.316667,86176.166667,KPX_public_sukub_csv
2025-04-03 10:00:00,60473.708333,86988.191667,KPX_public_sukub_csv
2025-04-03 11:00:00,56771.816667,87557.1,KPX_public_sukub_csv
2025-04-03 12:00:00,52959.908333,87533.391667,KPX_public_sukub_csv
2025-04-03 13:00:00,55081.290909,87409.763636,KPX_public_sukub_csv
2025-04-03 14:00:00,57447.9,87701.408333,KPX_public_sukub_csv
2025-04-03 15:00:00,59315.658333,86884.25,KPX_public_sukub_csv
2025-04-03 16:00:00,62740.008333,86129.05,KPX_public_sukub_csv
2025-04-03 17:00:00,65105.866667,86757.233333,KPX_public_sukub_csv
2025-04-03 18:00:00,67672.716667,85907.991667,KPX_public_sukub_csv
2025-04-03 19:00:00,68733.033333,85894.408333,KPX_public_sukub_csv
2025-04-03 20:00:00,67135.416667,85803.35,KPX_public_sukub_csv
2025-04-03 21:00:00,65076.791667,85128.75,KPX_public_sukub_csv
2025-04-03 22:00:00,64519.775,84643.816667,KPX_public_sukub_csv
2025-04-03 23:00:00,63074.583333,84724.491667,KPX_public_sukub_csv
2025-04-04 00:00:00,59249.483333,85324.558333,KPX_public_sukub_csv
2025-04-04 01:00:00,56893.041667,85497.516667,KPX_public_sukub_csv
2025-04-04 02:00:00,55593.391667,85020.8,KPX_public_sukub_csv
2025-04-04 03:00:00,55198.625,85085.058333,KPX_public_sukub_csv
2025-04-04 04:00:00,55608.425,84960.258333,KPX_public_sukub_csv
2025-04-04 05:00:00,57321.133333,85073.35,KPX_public_sukub_csv
2025-04-04 06:00:00,60167.866667,84919.216667,KPX_public_sukub_csv
2025-04-04 07:00:00,62545.975,85547.875,KPX_public_sukub_csv
2025-04-04 08:00:00,63142.183333,86840.141667,KPX_public_sukub_csv
2025-04-04 09:00:00,61094.791667,88322.291667,KPX_public_sukub_csv
2025-04-04 10:00:00,57986.258333,88947.991667,KPX_public_sukub_csv
2025-04-04 11:00:00,54341.283333,89404.533333,KPX_public_sukub_csv
2025-04-04 12:00:00,51624.408333,87876.566667,KPX_public_sukub_csv
2025-04-04 13:00:00,53866.4,87901.375,KPX_public_sukub_csv
2025-04-04 14:00:00,55274.85,87564.416667,KPX_public_sukub_csv
2025-04-04 15:00:00,57393.583333,86819.516667,KPX_public_sukub_csv
2025-04-04 16:00:00,60488.683333,85084.266667,KPX_public_sukub_csv
2025-04-04 17:00:00,62673.6,84375.158333,KPX_public_sukub_csv
2025-04-04 18:00:00,65282.125,84483.241667,KPX_public_sukub_csv
2025-04-04 19:00:00,66316.816667,85778.341667,KPX_public_sukub_csv
2025-04-04 20:00:00,64971.463636,86402.527273,KPX_public_sukub_csv
2025-04-04 21:00:00,63363.725,85898.725,KPX_public_sukub_csv
2025-04-04 22:00:00,62969.4,85429.616667,KPX_public_sukub_csv
2025-04-04 23:00:00,61601.608333,84995.6,KPX_public_sukub_csv
2025-04-05 00:00:00,58044.166667,82859.991667,KPX_public_sukub_csv
2025-04-05 01:00:00,55312.383333,82737.016667,KPX_public_sukub_csv
2025-04-05 02:00:00,53994.366667,84078.858333,KPX_public_sukub_csv
2025-04-05 03:00:00,53316.883333,84380.383333,KPX_public_sukub_csv
2025-04-05 04:00:00,53401.691667,84424.675,KPX_public_sukub_csv
2025-04-05 05:00:00,54175.975,84491.808333,KPX_public_sukub_csv
2025-04-05 06:00:00,54958.558333,84431.233333,KPX_public_sukub_csv
2025-04-05 07:00:00,55274.55,84732.866667,KPX_public_sukub_csv
2025-04-05 08:00:00,54911.891667,84042.141667,KPX_public_sukub_csv
2025-04-05 09:00:00,55907.516667,84912.683333,KPX_public_sukub_csv
2025-04-05 10:00:00,57627.091667,85057.341667,KPX_public_sukub_csv
2025-04-05 11:00:00,58431.225,84687.766667,KPX_public_sukub_csv
2025-04-05 12:00:00,57984.725,84367.95,KPX_public_sukub_csv
2025-04-05 13:00:00,59104.183333,84339.225,KPX_public_sukub_csv
2025-04-05 14:00:00,58863.275,84258.05,KPX_public_sukub_csv
2025-04-05 15:00:00,58197.475,84215.683333,KPX_public_sukub_csv
2025-04-05 16:00:00,58631.108333,84197.125,KPX_public_sukub_csv
2025-04-05 17:00:00,59038.725,84924.9,KPX_public_sukub_csv
2025-04-05 18:00:00,60083.541667,84735.216667,KPX_public_sukub_csv
2025-04-05 19:00:00,60782.3,84475.108333,KPX_public_sukub_csv
2025-04-05 20:00:00,59936.591667,84558.641667,KPX_public_sukub_csv
2025-04-05 21:00:00,58707.1,84570.433333,KPX_public_sukub_csv
2025-04-05 22:00:00,58671.691667,84681.583333,KPX_public_sukub_csv
2025-04-05 23:00:00,58007.163636,84661.936364,KPX_public_sukub_csv
2025-04-06 00:00:00,54583.016667,84080.908333,KPX_public_sukub_csv
2025-04-06 01:00:00,52154.4,84143.741667,KPX_public_sukub_csv
2025-04-06 02:00:00,50765.091667,83677.275,KPX_public_sukub_csv
2025-04-06 03:00:00,50149.216667,83581.791667,KPX_public_sukub_csv
2025-04-06 04:00:00,50356.583333,83527.075,KPX_public_sukub_csv
2025-04-06 05:00:00,51167.708333,83493.466667,KPX_public_sukub_csv
2025-04-06 06:00:00,51656.583333,83465.416667,KPX_public_sukub_csv
2025-04-06 07:00:00,50099.45,83917.7,KPX_public_sukub_csv
2025-04-06 08:00:00,46642.858333,84419.133333,KPX_public_sukub_csv
2025-04-06 09:00:00,43265.275,86115.35,KPX_public_sukub_csv
2025-04-06 10:00:00,41275.108333,85986.925,KPX_public_sukub_csv
2025-04-06 11:00:00,39621.25,85563.008333,KPX_public_sukub_csv
2025-04-06 12:00:00,39076.05,84973.3,KPX_public_sukub_csv
2025-04-06 13:00:00,39526.125,85135.075,KPX_public_sukub_csv
2025-04-06 14:00:00,40161.475,85842.05,KPX_public_sukub_csv
2025-04-06 15:00:00,41995.1,85740.133333,KPX_public_sukub_csv
2025-04-06 16:00:00,46457.641667,85035.141667,KPX_public_sukub_csv
2025-04-06 17:00:00,51697.358333,84317.508333,KPX_public_sukub_csv
2025-04-06 18:00:00,56351.35,83172.916667,KPX_public_sukub_csv
2025-04-06 19:00:00,58890.666667,82993.608333,KPX_public_sukub_csv
2025-04-06 20:00:00,58729.633333,83722.416667,KPX_public_sukub_csv
2025-04-06 21:00:00,57933.266667,84124.516667,KPX_public_sukub_csv
2025-04-06 22:00:00,57019.058333,83560.85,KPX_public_sukub_csv
2025-04-06 23:00:00,55742.608333,83394.108333,KPX_public_sukub_csv
2025-04-07 00:00:00,52698.25,83257.625,KPX_public_sukub_csv
2025-04-07 01:00:00,50693.241667,83249.408333,KPX_public_sukub_csv
2025-04-07 02:00:00,49683.391667,84017.391667,KPX_public_sukub_csv
2025-04-07 03:00:00,49382.325,83848.916667,KPX_public_sukub_csv
2025-04-07 04:00:00,50235.05,83996.058333,KPX_public_sukub_csv
2025-04-07 05:00:00,52558.341667,84003.575,KPX_public_sukub_csv
2025-04-07 06:00:00,56033.358333,86604.233333,KPX_public_sukub_csv
2025-04-07 07:00:00,58942.5,87626.333333,KPX_public_sukub_csv
2025-04-07 08:00:00,60096.55,88267.158333,KPX_public_sukub_csv
2025-04-07 09:00:00,58766.608333,89530.425,KPX_public_sukub_csv
2025-04-07 10:00:00,56398.416667,89882.25,KPX_public_sukub_csv
2025-04-07 11:00:00,53418.0,89523.033333,KPX_public_sukub_csv
2025-04-07 12:00:00,50107.65,89481.458333,KPX_public_sukub_csv
2025-04-07 13:00:00,52420.158333,89707.033333,KPX_public_sukub_csv
2025-04-07 14:00:00,54557.558333,89617.241667,KPX_public_sukub_csv
2025-04-07 15:00:00,57168.441667,89139.9,KPX_public_sukub_csv
2025-04-07 16:00:00,61071.766667,87796.675,KPX_public_sukub_csv
2025-04-07 17:00:00,63908.491667,87067.591667,KPX_public_sukub_csv
2025-04-07 18:00:00,66570.816667,86813.041667,KPX_public_sukub_csv
2025-04-07 19:00:00,67509.258333,86817.95,KPX_public_sukub_csv
2025-04-07 20:00:00,65698.858333,86773.391667,KPX_public_sukub_csv
2025-04-07 21:00:00,63875.916667,86159.958333,KPX_public_sukub_csv
2025-04-07 22:00:00,62991.258333,85633.016667,KPX_public_sukub_csv
2025-04-07 23:00:00,61238.158333,85593.866667,KPX_public_sukub_csv
2025-04-08 00:00:00,57501.933333,85348.066667,KPX_public_sukub_csv
2025-04-08 01:00:00,55311.591667,85432.966667,KPX_public_sukub_csv
2025-04-08 02:00:00,54073.741667,85613.9,KPX_public_sukub_csv
2025-04-08 03:00:00,53544.041667,85749.816667,KPX_public_sukub_csv
2025-04-08 04:00:00,54008.65,85795.308333,KPX_public_sukub_csv
2025-04-08 05:00:00,55530.958333,85768.208333,KPX_public_sukub_csv
2025-04-08 06:00:00,58231.208333,85790.366667,KPX_public_sukub_csv
2025-04-08 07:00:00,61000.458333,85971.891667,KPX_public_sukub_csv
2025-04-08 08:00:00,62518.966667,86446.591667,KPX_public_sukub_csv
2025-04-08 09:00:00,60651.116667,87416.766667,KPX_public_sukub_csv
2025-04-08 10:00:00,56837.358333,88617.308333,KPX_public_sukub_csv
2025-04-08 11:00:00,53008.158333,88200.258333,KPX_public_sukub_csv
2025-04-08 12:00:00,49472.091667,88379.841667,KPX_public_sukub_csv
2025-04-08 13:00:00,51839.75,88591.825,KPX_public_sukub_csv
2025-04-08 14:00:00,53581.358333,88498.941667,KPX_public_sukub_csv
2025-04-08 15:00:00,56176.166667,87906.991667,KPX_public_sukub_csv
2025-04-08 16:00:00,59964.991667,85776.233333,KPX_public_sukub_csv
2025-04-08 17:00:00,62931.816667,85056.966667,KPX_public_sukub_csv
2025-04-08 18:00:00,66133.508333,84232.625,KPX_public_sukub_csv
2025-04-08 19:00:00,67248.458333,84345.908333,KPX_public_sukub_csv
2025-04-08 20:00:00,65882.466667,84014.191667,KPX_public_sukub_csv
2025-04-08 21:00:00,63983.616667,82787.741667,KPX_public_sukub_csv
2025-04-08 22:00:00,63177.208333,82599.241667,KPX_public_sukub_csv
2025-04-08 23:00:00,61647.845455,82626.236364,KPX_public_sukub_csv
2025-04-09 00:00:00,57671.541667,82343.391667,KPX_public_sukub_csv
2025-04-09 01:00:00,55469.75,82420.525,KPX_public_sukub_csv
2025-04-09 02:00:00,54360.041667,82468.333333,KPX_public_sukub_csv
2025-04-09 03:00:00,54017.875,82490.3,KPX_public_sukub_csv
2025-04-09 04:00:00,54413.591667,82484.016667,KPX_public_sukub_csv
2025-04-09 05:00:00,56246.233333,82532.825,KPX_public_sukub_csv
2025-04-09 06:00:00,58998.525,82623.558333,KPX_public_sukub_csv
2025-04-09 07:00:00,60653.25,83434.7,KPX_public_sukub_csv
2025-04-09 08:00:00,61352.641667,84033.391667,KPX_public_sukub_csv
2025-04-09 09:00:00,61079.966667,84973.616667,KPX_public_sukub_csv
2025-04-09 10:00:00,60598.916667,84432.0,KPX_public_sukub_csv
2025-04-09 11:00:00,58791.908333,84154.083333,KPX_public_sukub_csv
2025-04-09 12:00:00,54998.3,84506.933333,KPX_public_sukub_csv
2025-04-09 13:00:00,57996.408333,85372.025,KPX_public_sukub_csv
2025-04-09 14:00:00,59857.6,84954.466667,KPX_public_sukub_csv
2025-04-09 15:00:00,62437.866667,85247.633333,KPX_public_sukub_csv
2025-04-09 16:00:00,65542.875,84720.15,KPX_public_sukub_csv
2025-04-09 17:00:00,65951.075,85130.266667,KPX_public_sukub_csv
2025-04-09 18:00:00,67017.491667,85075.625,KPX_public_sukub_csv
2025-04-09 19:00:00,67530.016667,85489.666667,KPX_public_sukub_csv
2025-04-09 20:00:00,65957.933333,85540.45,KPX_public_sukub_csv
2025-04-09 21:00:00,63944.241667,84696.358333,KPX_public_sukub_csv
2025-04-09 22:00:00,62987.908333,84278.575,KPX_public_sukub_csv
2025-04-09 23:00:00,61434.1,84233.725,KPX_public_sukub_csv
2025-04-10 00:00:00,57570.675,84052.283333,KPX_public_sukub_csv
2025-04-10 01:00:00,55440.416667,84055.2,KPX_public_sukub_csv
2025-04-10 02:00:00,54206.916667,84219.341667,KPX_public_sukub_csv
2025-04-10 03:00:00,53781.741667,84264.883333,KPX_public_sukub_csv
2025-04-10 04:00:00,54099.05,84242.125,KPX_public_sukub_csv
2025-04-10 05:00:00,55719.616667,84147.575,KPX_public_sukub_csv
2025-04-10 06:00:00,58473.083333,84071.825,KPX_public_sukub_csv
2025-04-10 07:00:00,61000.025,84154.125,KPX_public_sukub_csv
2025-04-10 08:00:00,62716.55,84251.116667,KPX_public_sukub_csv
2025-04-10 09:00:00,61584.533333,84943.625,KPX_public_sukub_csv
2025-04-10 10:00:00,58714.763636,85505.218182,KPX_public_sukub_csv
2025-04-10 11:00:00,55401.016667,84849.0,KPX_public_sukub_csv
2025-04-10 12:00:00,52067.141667,84996.783333,KPX_public_sukub_csv
2025-04-10 13:00:00,54789.866667,85128.266667,KPX_public_sukub_csv
2025-04-10 14:00:00,56209.983333,84877.175,KPX_public_sukub_csv
2025-04-10 15:00:00,57660.158333,85644.208333,KPX_public_sukub_csv
2025-04-10 16:00:00,60567.208333,85328.375,KPX_public_sukub_csv
2025-04-10 17:00:00,63005.316667,84828.791667,KPX_public_sukub_csv
2025-04-10 18:00:00,65888.891667,85718.308333,KPX_public_sukub_csv
2025-04-10 19:00:00,67098.558333,86740.058333,KPX_public_sukub_csv
2025-04-10 20:00:00,65562.225,87028.4,KPX_public_sukub_csv
2025-04-10 21:00:00,63823.833333,86154.191667,KPX_public_sukub_csv
2025-04-10 22:00:00,62988.258333,85608.716667,KPX_public_sukub_csv
2025-04-10 23:00:00,61121.783333,85131.916667,KPX_public_sukub_csv
2025-04-11 00:00:00,57331.358333,83721.966667,KPX_public_sukub_csv
2025-04-11 01:00:00,55308.458333,83713.141667,KPX_public_sukub_csv
2025-04-11 02:00:00,54182.208333,83977.708333,KPX_public_sukub_csv
2025-04-11 03:00:00,53679.441667,83414.616667,KPX_public_sukub_csv
2025-04-11 04:00:00,54121.733333,83708.241667,KPX_public_sukub_csv
2025-04-11 05:00:00,55528.25,83774.091667,KPX_public_sukub_csv
2025-04-11 06:00:00,58011.775,83783.608333,KPX_public_sukub_csv
2025-04-11 07:00:00,59280.125,83948.908333,KPX_public_sukub_csv
2025-04-11 08:00:00,59113.383333,84541.266667,KPX_public_sukub_csv
2025-04-11 09:00:00,56895.35,86371.725,KPX_public_sukub_csv
2025-04-11 10:00:00,54355.7,87171.983333,KPX_public_sukub_csv
2025-04-11 11:00:00,51379.2,83830.258333,KPX_public_sukub_csv
2025-04-11 12:00:00,48413.691667,84180.55,KPX_public_sukub_csv
2025-04-11 13:00:00,50727.25,84871.133333,KPX_public_sukub_csv
2025-04-11 14:00:00,52891.816667,85318.75,KPX_public_sukub_csv
2025-04-11 15:00:00,55185.85,86180.766667,KPX_public_sukub_csv
2025-04-11 16:00:00,58672.191667,84480.125,KPX_public_sukub_csv
2025-04-11 17:00:00,61304.4,83561.066667,KPX_public_sukub_csv
2025-04-11 18:00:00,63941.583333,83104.091667,KPX_public_sukub_csv
2025-04-11 19:00:00,64990.766667,84052.841667,KPX_public_sukub_csv
2025-04-11 20:00:00,63637.8,83660.166667,KPX_public_sukub_csv
2025-04-11 21:00:00,62135.391667,83516.108333,KPX_public_sukub_csv
2025-04-11 22:00:00,61550.775,83354.183333,KPX_public_sukub_csv
2025-04-11 23:00:00,59990.325,83280.15,KPX_public_sukub_csv
2025-04-12 00:00:00,56223.908333,83262.425,KPX_public_sukub_csv
2025-04-12 01:00:00,53906.766667,83346.825,KPX_public_sukub_csv
2025-04-12 02:00:00,52704.658333,83351.45,KPX_public_sukub_csv
2025-04-12 03:00:00,51986.225,83192.883333,KPX_public_sukub_csv
2025-04-12 04:00:00,52045.35,83295.941667,KPX_public_sukub_csv
2025-04-12 05:00:00,52640.441667,83307.25,KPX_public_sukub_csv
2025-04-12 06:00:00,53276.55,83284.9,KPX_public_sukub_csv
2025-04-12 07:00:00,52238.758333,83529.383333,KPX_public_sukub_csv
2025-04-12 08:00:00,50188.283333,83642.908333,KPX_public_sukub_csv
2025-04-12 09:00:00,48903.216667,84064.95,KPX_public_sukub_csv
2025-04-12 10:00:00,49302.7,83867.575,KPX_public_sukub_csv
2025-04-12 11:00:00,50757.958333,82321.941667,KPX_public_sukub_csv
2025-04-12 12:00:00,51262.65,81747.55,KPX_public_sukub_csv
2025-04-12 13:00:00,53505.416667,81360.491667,KPX_public_sukub_csv
2025-04-12 14:00:00,55404.2,81189.733333,KPX_public_sukub_csv
2025-04-12 15:00:00,56146.641667,80851.891667,KPX_public_sukub_csv
2025-04-12 16:00:00,56748.875,81086.433333,KPX_public_sukub_csv
2025-04-12 17:00:00,57324.908333,82278.983333,KPX_public_sukub_csv
2025-04-12 18:00:00,58452.258333,82358.116667,KPX_public_sukub_csv
2025-04-12 19:00:00,58948.716667,82115.575,KPX_public_sukub_csv
2025-04-12 20:00:00,58329.666667,82159.625,KPX_public_sukub_csv
2025-04-12 21:00:00,57274.833333,82117.241667,KPX_public_sukub_csv
2025-04-12 22:00:00,57608.258333,82348.15,KPX_public_sukub_csv
2025-04-12 23:00:00,56968.672727,82434.381818,KPX_public_sukub_csv
2025-04-13 00:00:00,53762.9,82293.091667,KPX_public_sukub_csv
2025-04-13 01:00:00,51764.641667,82271.4,KPX_public_sukub_csv
2025-04-13 02:00:00,50330.625,82484.316667,KPX_public_sukub_csv
2025-04-13 03:00:00,49517.3,83201.75,KPX_public_sukub_csv
2025-04-13 04:00:00,49640.433333,83468.008333,KPX_public_sukub_csv
2025-04-13 05:00:00,50227.133333,82979.583333,KPX_public_sukub_csv
2025-04-13 06:00:00,50848.741667,82912.291667,KPX_public_sukub_csv
2025-04-13 07:00:00,49199.041667,83607.375,KPX_public_sukub_csv
2025-04-13 08:00:00,45737.058333,82507.833333,KPX_public_sukub_csv
2025-04-13 09:00:00,44426.5,83396.958333,KPX_public_sukub_csv
2025-04-13 10:00:00,46396.125,83313.508333,KPX_public_sukub_csv
2025-04-13 11:00:00,45260.316667,83383.1,KPX_public_sukub_csv
2025-04-13 12:00:00,44706.875,83488.491667,KPX_public_sukub_csv
2025-04-13 13:00:00,45036.783333,83626.566667,KPX_public_sukub_csv
2025-04-13 14:00:00,46206.433333,84041.025,KPX_public_sukub_csv
2025-04-13 15:00:00,47619.625,83770.075,KPX_public_sukub_csv
2025-04-13 16:00:00,50939.525,84445.508333,KPX_public_sukub_csv
2025-04-13 17:00:00,54364.625,84543.408333,KPX_public_sukub_csv
2025-04-13 18:00:00,57632.658333,83832.283333,KPX_public_sukub_csv
2025-04-13 19:00:00,59800.683333,83418.85,KPX_public_sukub_csv
2025-04-13 20:00:00,59633.641667,83029.233333,KPX_public_sukub_csv
2025-04-13 21:00:00,58548.641667,83091.966667,KPX_public_sukub_csv
2025-04-13 22:00:00,57282.358333,83082.708333,KPX_public_sukub_csv
2025-04-13 23:00:00,56300.554545,82840.681818,KPX_public_sukub_csv
2025-04-14 00:00:00,53420.025,82891.6,KPX_public_sukub_csv
2025-04-14 01:00:00,51379.525,83106.833333,KPX_public_sukub_csv
2025-04-14 02:00:00,49933.1,84151.358333,KPX_public_sukub_csv
2025-04-14 03:00:00,49748.916667,84451.191667,KPX_public_sukub_csv
2025-04-14 04:00:00,50502.933333,84486.608333,KPX_public_sukub_csv
2025-04-14 05:00:00,52751.616667,84735.216667,KPX_public_sukub_csv
2025-04-14 06:00:00,56372.141667,84990.991667,KPX_public_sukub_csv
2025-04-14 07:00:00,60969.208333,85326.691667,KPX_public_sukub_csv
2025-04-14 08:00:00,64804.866667,86240.491667,KPX_public_sukub_csv
2025-04-14 09:00:00,65983.05,86290.1,KPX_public_sukub_csv
2025-04-14 10:00:00,67072.616667,86017.066667,KPX_public_sukub_csv
2025-04-14 11:00:00,67115.525,83699.433333,KPX_public_sukub_csv
2025-04-14 12:00:00,65807.191667,81575.016667,KPX_public_sukub_csv
2025-04-14 13:00:00,69947.183333,82545.016667,KPX_public_sukub_csv
2025-04-14 14:00:00,71183.408333,84344.333333,KPX_public_sukub_csv
2025-04-14 15:00:00,71192.441667,84419.308333,KPX_public_sukub_csv
2025-04-14 16:00:00,71694.2,84261.425,KPX_public_sukub_csv
2025-04-14 17:00:00,70413.408333,85179.758333,KPX_public_sukub_csv
2025-04-14 18:00:00,70638.208333,86210.683333,KPX_public_sukub_csv
2025-04-14 19:00:00,70196.908333,85881.716667,KPX_public_sukub_csv
2025-04-14 20:00:00,67943.608333,85787.775,KPX_public_sukub_csv
2025-04-14 21:00:00,65711.85,85757.616667,KPX_public_sukub_csv
2025-04-14 22:00:00,65016.383333,85811.691667,KPX_public_sukub_csv
2025-04-14 23:00:00,63580.472727,85589.572727,KPX_public_sukub_csv
2025-04-15 00:00:00,59802.691667,85061.266667,KPX_public_sukub_csv
2025-04-15 01:00:00,57569.8,85116.133333,KPX_public_sukub_csv
2025-04-15 02:00:00,56379.25,84433.858333,KPX_public_sukub_csv
2025-04-15 03:00:00,55952.583333,84507.716667,KPX_public_sukub_csv
2025-04-15 04:00:00,56386.75,84556.283333,KPX_public_sukub_csv
2025-04-15 05:00:00,58038.733333,84561.991667,KPX_public_sukub_csv
2025-04-15 06:00:00,60590.15,84651.766667,KPX_public_sukub_csv
2025-04-15 07:00:00,62414.516667,85460.175,KPX_public_sukub_csv
2025-04-15 08:00:00,63315.975,86535.291667,KPX_public_sukub_csv
2025-04-15 09:00:00,61937.766667,87761.591667,KPX_public_sukub_csv
2025-04-15 10:00:00,59042.116667,88476.1,KPX_public_sukub_csv
2025-04-15 11:00:00,56291.525,85670.416667,KPX_public_sukub_csv
2025-04-15 12:00:00,52773.816667,85527.666667,KPX_public_sukub_csv
2025-04-15 13:00:00,54273.291667,85707.041667,KPX_public_sukub_csv
2025-04-15 14:00:00,55659.191667,85628.325,KPX_public_sukub_csv
2025-04-15 15:00:00,57504.391667,86440.441667,KPX_public_sukub_csv
2025-04-15 16:00:00,60818.3,85310.766667,KPX_public_sukub_csv
2025-04-15 17:00:00,64167.266667,84490.633333,KPX_public_sukub_csv
2025-04-15 18:00:00,67366.5,84721.325,KPX_public_sukub_csv
2025-04-15 19:00:00,68786.641667,85035.366667,KPX_public_sukub_csv
2025-04-15 20:00:00,67380.716667,84909.275,KPX_public_sukub_csv
2025-04-15 21:00:00,65488.391667,84832.125,KPX_public_sukub_csv
2025-04-15 22:00:00,64201.791667,84438.083333,KPX_public_sukub_csv
2025-04-15 23:00:00,62557.036364,84204.4,KPX_public_sukub_csv
2025-04-16 00:00:00,58964.825,82727.375,KPX_public_sukub_csv
2025-04-16 01:00:00,56963.991667,82492.591667,KPX_public_sukub_csv
2025-04-16 02:00:00,55683.916667,81948.266667,KPX_public_sukub_csv
2025-04-16 03:00:00,55178.266667,81441.175,KPX_public_sukub_csv
2025-04-16 04:00:00,55704.016667,81583.033333,KPX_public_sukub_csv
2025-04-16 05:00:00,57224.166667,81584.7,KPX_public_sukub_csv
2025-04-16 06:00:00,59601.4,81505.858333,KPX_public_sukub_csv
2025-04-16 07:00:00,61313.466667,82068.125,KPX_public_sukub_csv
2025-04-16 08:00:00,61868.891667,82311.058333,KPX_public_sukub_csv
2025-04-16 09:00:00,60236.933333,84010.741667,KPX_public_sukub_csv
2025-04-16 10:00:00,57648.608333,84453.141667,KPX_public_sukub_csv
2025-04-16 11:00:00,54475.508333,83042.266667,KPX_public_sukub_csv
2025-04-16 12:00:00,51708.533333,82604.525,KPX_public_sukub_csv
2025-04-16 13:00:00,54856.591667,82055.741667,KPX_public_sukub_csv
2025-04-16 14:00:00,57264.591667,81973.308333,KPX_public_sukub_csv
2025-04-16 15:00:00,59563.925,81001.966667,KPX_public_sukub_csv
2025-04-16 16:00:00,62711.708333,81547.983333,KPX_public_sukub_csv
2025-04-16 17:00:00,64023.191667,83124.133333,KPX_public_sukub_csv
2025-04-16 18:00:00,66209.916667,83130.325,KPX_public_sukub_csv
2025-04-16 19:00:00,67556.591667,83961.383333,KPX_public_sukub_csv
2025-04-16 20:00:00,66198.1,83774.658333,KPX_public_sukub_csv
2025-04-16 21:00:00,64285.633333,83115.783333,KPX_public_sukub_csv
2025-04-16 22:00:00,63336.266667,82590.491667,KPX_public_sukub_csv
2025-04-16 23:00:00,61640.308333,82262.183333,KPX_public_sukub_csv
2025-04-17 00:00:00,57801.633333,81197.533333,KPX_public_sukub_csv
2025-04-17 01:00:00,55718.1,81088.283333,KPX_public_sukub_csv
2025-04-17 02:00:00,54463.85,80968.216667,KPX_public_sukub_csv
2025-04-17 03:00:00,53901.491667,81053.458333,KPX_public_sukub_csv
2025-04-17 04:00:00,54247.316667,81162.075,KPX_public_sukub_csv
2025-04-17 05:00:00,55592.975,81149.9,KPX_public_sukub_csv
2025-04-17 06:00:00,57971.291667,81053.983333,KPX_public_sukub_csv
2025-04-17 07:00:00,60332.241667,81158.441667,KPX_public_sukub_csv
2025-04-17 08:00:00,61948.875,81132.358333,KPX_public_sukub_csv
2025-04-17 09:00:00,61009.483333,82330.991667,KPX_public_sukub_csv
2025-04-17 10:00:00,59352.416667,82678.458333,KPX_public_sukub_csv
2025-04-17 11:00:00,57397.075,81442.375,KPX_public_sukub_csv
2025-04-17 12:00:00,54818.683333,81357.566667,KPX_public_sukub_csv
2025-04-17 13:00:00,57795.391667,81312.225,KPX_public_sukub_csv
2025-04-17 14:00:00,59296.991667,81147.133333,KPX_public_sukub_csv
2025-04-17 15:00:00,61184.016667,82374.683333,KPX_public_sukub_csv
2025-04-17 16:00:00,64019.358333,81980.941667,KPX_public_sukub_csv
2025-04-17 17:00:00,65707.591667,82050.55,KPX_public_sukub_csv
2025-04-17 18:00:00,67446.733333,82331.908333,KPX_public_sukub_csv
2025-04-17 19:00:00,67967.366667,83104.083333,KPX_public_sukub_csv
2025-04-17 20:00:00,66251.575,83043.133333,KPX_public_sukub_csv
2025-04-17 21:00:00,64301.2,82258.341667,KPX_public_sukub_csv
2025-04-17 22:00:00,63162.35,81635.625,KPX_public_sukub_csv
2025-04-17 23:00:00,61313.291667,81673.541667,KPX_public_sukub_csv
2025-04-18 00:00:00,57451.591667,81241.158333,KPX_public_sukub_csv
2025-04-18 01:00:00,55329.041667,81177.016667,KPX_public_sukub_csv
2025-04-18 02:00:00,54030.475,81259.875,KPX_public_sukub_csv
2025-04-18 03:00:00,53427.466667,81375.041667,KPX_public_sukub_csv
2025-04-18 04:00:00,53796.158333,81477.066667,KPX_public_sukub_csv
2025-04-18 05:00:00,55043.541667,81590.541667,KPX_public_sukub_csv
2025-04-18 06:00:00,57289.891667,81561.391667,KPX_public_sukub_csv
2025-04-18 07:00:00,59735.666667,81971.883333,KPX_public_sukub_csv
2025-04-18 08:00:00,61526.066667,82299.416667,KPX_public_sukub_csv
2025-04-18 09:00:00,60888.516667,83447.2,KPX_public_sukub_csv
2025-04-18 10:00:00,58578.308333,83922.633333,KPX_public_sukub_csv
2025-04-18 11:00:00,55248.708333,81700.941667,KPX_public_sukub_csv
2025-04-18 12:00:00,52476.025,80593.6,KPX_public_sukub_csv
2025-04-18 13:00:00,54855.433333,80501.466667,KPX_public_sukub_csv
2025-04-18 14:00:00,57137.0,80764.141667,KPX_public_sukub_csv
2025-04-18 15:00:00,59294.358333,80918.933333,KPX_public_sukub_csv
2025-04-18 16:00:00,62389.4,80018.716667,KPX_public_sukub_csv
2025-04-18 17:00:00,63696.391667,79350.508333,KPX_public_sukub_csv
2025-04-18 18:00:00,65386.275,80331.491667,KPX_public_sukub_csv
2025-04-18 19:00:00,66446.558333,81204.291667,KPX_public_sukub_csv
2025-04-18 20:00:00,64936.241667,80184.283333,KPX_public_sukub_csv
2025-04-18 21:00:00,63067.4,80078.008333,KPX_public_sukub_csv
2025-04-18 22:00:00,62324.45,79677.283333,KPX_public_sukub_csv
2025-04-18 23:00:00,60471.041667,78945.133333,KPX_public_sukub_csv
2025-04-19 00:00:00,56612.608333,77649.858333,KPX_public_sukub_csv
2025-04-19 01:00:00,54425.183333,77412.775,KPX_public_sukub_csv
2025-04-19 02:00:00,52969.641667,76644.041667,KPX_public_sukub_csv
2025-04-19 03:00:00,52330.525,76596.441667,KPX_public_sukub_csv
2025-04-19 04:00:00,52126.9,76514.808333,KPX_public_sukub_csv
2025-04-19 05:00:00,52655.858333,76627.233333,KPX_public_sukub_csv
2025-04-19 06:00:00,53319.75,76785.725,KPX_public_sukub_csv
2025-04-19 07:00:00,52828.65,77418.091667,KPX_public_sukub_csv
2025-04-19 08:00:00,51939.841667,78088.075,KPX_public_sukub_csv
2025-04-19 09:00:00,51236.633333,78884.091667,KPX_public_sukub_csv
2025-04-19 10:00:00,50319.308333,79564.85,KPX_public_sukub_csv
2025-04-19 11:00:00,49226.725,79800.425,KPX_public_sukub_csv
2025-04-19 12:00:00,48888.366667,79928.458333,KPX_public_sukub_csv
2025-04-19 13:00:00,51155.625,79888.725,KPX_public_sukub_csv
2025-04-19 14:00:00,53772.475,78901.35,KPX_public_sukub_csv
2025-04-19 15:00:00,55942.441667,77978.775,KPX_public_sukub_csv
2025-04-19 16:00:00,57606.133333,77993.408333,KPX_public_sukub_csv
2025-04-19 17:00:00,58511.383333,77936.383333,KPX_public_sukub_csv
2025-04-19 18:00:00,59661.125,77944.858333,KPX_public_sukub_csv
2025-04-19 19:00:00,60307.316667,77867.4,KPX_public_sukub_csv
2025-04-19 20:00:00,59452.441667,77522.516667,KPX_public_sukub_csv
2025-04-19 21:00:00,58090.933333,77090.366667,KPX_public_sukub_csv
2025-04-19 22:00:00,57372.616667,76890.233333,KPX_public_sukub_csv
2025-04-19 23:00:00,56113.366667,76757.983333,KPX_public_sukub_csv
2025-04-20 00:00:00,52749.25,76616.766667,KPX_public_sukub_csv
2025-04-20 01:00:00,50609.275,76585.6,KPX_public_sukub_csv
2025-04-20 02:00:00,49371.063636,76195.081818,KPX_public_sukub_csv
2025-04-20 03:00:00,48744.683333,76013.308333,KPX_public_sukub_csv
2025-04-20 04:00:00,48777.683333,75969.716667,KPX_public_sukub_csv
2025-04-20 05:00:00,49241.025,76026.516667,KPX_public_sukub_csv
2025-04-20 06:00:00,49903.283333,76156.533333,KPX_public_sukub_csv
2025-04-20 07:00:00,50060.975,76583.833333,KPX_public_sukub_csv
2025-04-20 08:00:00,49749.183333,76301.908333,KPX_public_sukub_csv
2025-04-20 09:00:00,49180.683333,75126.491667,KPX_public_sukub_csv
2025-04-20 10:00:00,48311.133333,75270.108333,KPX_public_sukub_csv
2025-04-20 11:00:00,46713.966667,75696.225,KPX_public_sukub_csv
2025-04-20 12:00:00,45160.266667,75996.941667,KPX_public_sukub_csv
2025-04-20 13:00:00,44838.9,76382.1,KPX_public_sukub_csv
2025-04-20 14:00:00,45375.883333,76180.241667,KPX_public_sukub_csv
2025-04-20 15:00:00,46696.65,75526.816667,KPX_public_sukub_csv
2025-04-20 16:00:00,49493.083333,74747.95,KPX_public_sukub_csv
2025-04-20 17:00:00,53288.308333,75155.958333,KPX_public_sukub_csv
2025-04-20 18:00:00,56770.933333,74267.108333,KPX_public_sukub_csv
2025-04-20 19:00:00,58647.85,74176.708333,KPX_public_sukub_csv
2025-04-20 20:00:00,58468.916667,74446.658333,KPX_public_sukub_csv
2025-04-20 21:00:00,57229.725,74325.233333,KPX_public_sukub_csv
2025-04-20 22:00:00,55695.966667,74165.091667,KPX_public_sukub_csv
2025-04-20 23:00:00,54011.672727,74150.372727,KPX_public_sukub_csv
2025-04-21 00:00:00,50821.533333,74131.683333,KPX_public_sukub_csv
2025-04-21 01:00:00,49031.766667,74127.541667,KPX_public_sukub_csv
2025-04-21 02:00:00,47940.533333,75861.191667,KPX_public_sukub_csv
2025-04-21 03:00:00,47594.558333,76491.175,KPX_public_sukub_csv
2025-04-21 04:00:00,48249.966667,76546.316667,KPX_public_sukub_csv
2025-04-21 05:00:00,49974.008333,76594.325,KPX_public_sukub_csv
2025-04-21 06:00:00,52820.825,76700.45,KPX_public_sukub_csv
2025-04-21 07:00:00,56379.916667,78019.558333,KPX_public_sukub_csv
2025-04-21 08:00:00,58915.333333,78345.608333,KPX_public_sukub_csv
2025-04-21 09:00:00,58608.166667,79542.8,KPX_public_sukub_csv
2025-04-21 10:00:00,57092.608333,80166.583333,KPX_public_sukub_csv
2025-04-21 11:00:00,55229.908333,78829.25,KPX_public_sukub_csv
2025-04-21 12:00:00,52990.858333,78879.816667,KPX_public_sukub_csv
2025-04-21 13:00:00,55510.483333,78990.916667,KPX_public_sukub_csv
2025-04-21 14:00:00,57462.166667,78629.433333,KPX_public_sukub_csv
2025-04-21 15:00:00,59973.175,81501.216667,KPX_public_sukub_csv
2025-04-21 16:00:00,62524.725,82231.833333,KPX_public_sukub_csv
2025-04-21 17:00:00,64794.833333,81336.591667,KPX_public_sukub_csv
2025-04-21 18:00:00,67099.2,80907.983333,KPX_public_sukub_csv
2025-04-21 19:00:00,67782.083333,80646.45,KPX_public_sukub_csv
2025-04-21 20:00:00,65899.016667,80566.283333,KPX_public_sukub_csv
2025-04-21 21:00:00,63926.441667,79718.783333,KPX_public_sukub_csv
2025-04-21 22:00:00,62734.675,79374.458333,KPX_public_sukub_csv
2025-04-21 23:00:00,60495.033333,79072.783333,KPX_public_sukub_csv
2025-04-22 00:00:00,56666.116667,80891.741667,KPX_public_sukub_csv
2025-04-22 01:00:00,54647.958333,81006.775,KPX_public_sukub_csv
2025-04-22 02:00:00,53602.125,81584.225,KPX_public_sukub_csv
2025-04-22 03:00:00,52811.075,81579.783333,KPX_public_sukub_csv
2025-04-22 04:00:00,53144.383333,81260.241667,KPX_public_sukub_csv
2025-04-22 05:00:00,54520.883333,81381.375,KPX_public_sukub_csv
2025-04-22 06:00:00,57549.375,81440.05,KPX_public_sukub_csv
2025-04-22 07:00:00,62453.508333,81869.108333,KPX_public_sukub_csv
2025-04-22 08:00:00,67018.491667,83125.441667,KPX_public_sukub_csv
2025-04-22 09:00:00,69093.427273,83265.654545,KPX_public_sukub_csv
2025-04-22 10:00:00,69662.258333,83336.308333,KPX_public_sukub_csv
2025-04-22 11:00:00,68596.75,83390.433333,KPX_public_sukub_csv
2025-04-22 12:00:00,66521.545455,82119.772727,KPX_public_sukub_csv
2025-04-22 13:00:00,68686.125,81358.158333,KPX_public_sukub_csv
2025-04-22 14:00:00,69072.65,80519.55,KPX_public_sukub_csv
2025-04-22 15:00:00,68633.409091,82766.218182,KPX_public_sukub_csv
2025-04-22 16:00:00,68705.041667,82860.15,KPX_public_sukub_csv
2025-04-22 17:00:00,67961.558333,83027.516667,KPX_public_sukub_csv
2025-04-22 18:00:00,68207.566667,82563.058333,KPX_public_sukub_csv
2025-04-22 19:00:00,68127.708333,82552.466667,KPX_public_sukub_csv
2025-04-22 20:00:00,66168.133333,82696.075,KPX_public_sukub_csv
2025-04-22 21:00:00,64026.925,82468.141667,KPX_public_sukub_csv
2025-04-22 22:00:00,63179.058333,82160.208333,KPX_public_sukub_csv
2025-04-22 23:00:00,61387.263636,82204.981818,KPX_public_sukub_csv
2025-04-23 00:00:00,57233.458333,82340.108333,KPX_public_sukub_csv
2025-04-23 01:00:00,55109.241667,82394.158333,KPX_public_sukub_csv
2025-04-23 02:00:00,54015.125,82412.85,KPX_public_sukub_csv
2025-04-23 03:00:00,53486.516667,82540.966667,KPX_public_sukub_csv
2025-04-23 04:00:00,53708.183333,82616.075,KPX_public_sukub_csv
2025-04-23 05:00:00,54879.533333,82660.375,KPX_public_sukub_csv
2025-04-23 06:00:00,57159.191667,82762.9,KPX_public_sukub_csv
2025-04-23 07:00:00,59407.608333,83391.05,KPX_public_sukub_csv
2025-04-23 08:00:00,60924.25,84437.425,KPX_public_sukub_csv
2025-04-23 09:00:00,61081.216667,85386.266667,KPX_public_sukub_csv
2025-04-23 10:00:00,59714.775,85792.708333,KPX_public_sukub_csv
2025-04-23 11:00:00,57033.891667,84233.258333,KPX_public_sukub_csv
2025-04-23 12:00:00,53867.616667,82236.275,KPX_public_sukub_csv
2025-04-23 13:00:00,56339.266667,81915.5,KPX_public_sukub_csv
2025-04-23 14:00:00,58412.8,81622.891667,KPX_public_sukub_csv
2025-04-23 15:00:00,59480.8,83397.233333,KPX_public_sukub_csv
2025-04-23 16:00:00,62144.725,82529.908333,KPX_public_sukub_csv
2025-04-23 17:00:00,63801.541667,81916.383333,KPX_public_sukub_csv
2025-04-23 18:00:00,66196.733333,82055.233333,KPX_public_sukub_csv
2025-04-23 19:00:00,67138.0,82036.666667,KPX_public_sukub_csv
2025-04-23 20:00:00,65921.258333,82236.45,KPX_public_sukub_csv
2025-04-23 21:00:00,64099.175,82053.366667,KPX_public_sukub_csv
2025-04-23 22:00:00,62901.533333,80964.825,KPX_public_sukub_csv
2025-04-23 23:00:00,61041.481818,80873.645455,KPX_public_sukub_csv
2025-04-24 00:00:00,56879.766667,79902.683333,KPX_public_sukub_csv
2025-04-24 01:00:00,54931.816667,80071.633333,KPX_public_sukub_csv
2025-04-24 02:00:00,53683.275,81159.141667,KPX_public_sukub_csv
2025-04-24 03:00:00,53191.333333,81418.608333,KPX_public_sukub_csv
2025-04-24 04:00:00,53329.216667,81498.2,KPX_public_sukub_csv
2025-04-24 05:00:00,54668.266667,81539.925,KPX_public_sukub_csv
2025-04-24 06:00:00,56789.275,81731.341667,KPX_public_sukub_csv
2025-04-24 07:00:00,58231.45,82579.183333,KPX_public_sukub_csv
2025-04-24 08:00:00,58510.25,82851.083333,KPX_public_sukub_csv
2025-04-24 09:00:00,56713.433333,84017.275,KPX_public_sukub_csv
2025-04-24 10:00:00,54906.733333,84472.758333,KPX_public_sukub_csv
2025-04-24 11:00:00,52721.491667,83635.058333,KPX_public_sukub_csv
2025-04-24 12:00:00,50232.658333,82189.433333,KPX_public_sukub_csv
2025-04-24 13:00:00,52913.916667,82377.675,KPX_public_sukub_csv
2025-04-24 14:00:00,55221.7,82227.736364,KPX_public_sukub_csv
2025-04-24 15:00:00,58025.945455,83693.6,KPX_public_sukub_csv
2025-04-24 16:00:00,61274.775,83530.233333,KPX_public_sukub_csv
2025-04-24 17:00:00,63408.841667,82983.275,KPX_public_sukub_csv
2025-04-24 18:00:00,65676.416667,83444.566667,KPX_public_sukub_csv
2025-04-24 19:00:00,66782.75,83314.741667,KPX_public_sukub_csv
2025-04-24 20:00:00,65267.566667,83432.733333,KPX_public_sukub_csv
2025-04-24 21:00:00,63210.558333,82496.0,KPX_public_sukub_csv
2025-04-24 22:00:00,62083.775,82229.333333,KPX_public_sukub_csv
2025-04-24 23:00:00,60078.45,82239.8,KPX_public_sukub_csv
2025-04-25 00:00:00,56292.283333,81438.65,KPX_public_sukub_csv
2025-04-25 01:00:00,54257.716667,81511.033333,KPX_public_sukub_csv
2025-04-25 02:00:00,53210.875,82064.608333,KPX_public_sukub_csv
2025-04-25 03:00:00,52752.025,82134.591667,KPX_public_sukub_csv
2025-04-25 04:00:00,53070.05,82059.283333,KPX_public_sukub_csv
2025-04-25 05:00:00,54369.016667,81980.108333,KPX_public_sukub_csv
2025-04-25 06:00:00,56254.583333,82091.516667,KPX_public_sukub_csv
2025-04-25 07:00:00,57380.466667,82952.041667,KPX_public_sukub_csv
2025-04-25 08:00:00,57221.808333,83853.008333,KPX_public_sukub_csv
2025-04-25 09:00:00,55627.1,85150.058333,KPX_public_sukub_csv
2025-04-25 10:00:00,53458.983333,85397.858333,KPX_public_sukub_csv
2025-04-25 11:00:00,50190.7,84517.716667,KPX_public_sukub_csv
2025-04-25 12:00:00,46976.7,82915.883333,KPX_public_sukub_csv
2025-04-25 13:00:00,49371.5,83114.090909,KPX_public_sukub_csv
2025-04-25 14:00:00,51658.491667,83388.475,KPX_public_sukub_csv
2025-04-25 15:00:00,53980.291667,84095.808333,KPX_public_sukub_csv
2025-04-25 16:00:00,57601.441667,83102.958333,KPX_public_sukub_csv
2025-04-25 17:00:00,60424.35,82142.775,KPX_public_sukub_csv
2025-04-25 18:00:00,63456.391667,81908.216667,KPX_public_sukub_csv
2025-04-25 19:00:00,64870.991667,81771.075,KPX_public_sukub_csv
2025-04-25 20:00:00,63995.691667,82234.766667,KPX_public_sukub_csv
2025-04-25 21:00:00,62284.716667,82089.608333,KPX_public_sukub_csv
2025-04-25 22:00:00,61551.65,81804.241667,KPX_public_sukub_csv
2025-04-25 23:00:00,60076.954545,81368.981818,KPX_public_sukub_csv
2025-04-26 00:00:00,56309.166667,80747.558333,KPX_public_sukub_csv
2025-04-26 01:00:00,54225.033333,80772.316667,KPX_public_sukub_csv
2025-04-26 02:00:00,52925.958333,80242.958333,KPX_public_sukub_csv
2025-04-26 03:00:00,52101.775,80391.3,KPX_public_sukub_csv
2025-04-26 04:00:00,52181.975,80380.675,KPX_public_sukub_csv
2025-04-26 05:00:00,52668.883333,80380.366667,KPX_public_sukub_csv
2025-04-26 06:00:00,52819.366667,80481.966667,KPX_public_sukub_csv
2025-04-26 07:00:00,50192.391667,81408.016667,KPX_public_sukub_csv
2025-04-26 08:00:00,46643.175,81774.15,KPX_public_sukub_csv
2025-04-26 09:00:00,44400.975,83015.941667,KPX_public_sukub_csv
2025-04-26 10:00:00,42998.583333,82747.408333,KPX_public_sukub_csv
2025-04-26 11:00:00,41426.808333,82664.325,KPX_public_sukub_csv
2025-04-26 12:00:00,40191.216667,82029.225,KPX_public_sukub_csv
2025-04-26 13:00:00,41232.241667,82521.15,KPX_public_sukub_csv
2025-04-26 14:00:00,42425.775,83526.933333,KPX_public_sukub_csv
2025-04-26 15:00:00,44836.858333,83122.716667,KPX_public_sukub_csv
2025-04-26 16:00:00,48271.783333,81642.725,KPX_public_sukub_csv
2025-04-26 17:00:00,52134.833333,80943.908333,KPX_public_sukub_csv
2025-04-26 18:00:00,55837.058333,80509.75,KPX_public_sukub_csv
2025-04-26 19:00:00,57936.333333,80079.433333,KPX_public_sukub_csv
2025-04-26 20:00:00,57948.866667,80207.683333,KPX_public_sukub_csv
2025-04-26 21:00:00,56847.208333,80017.933333,KPX_public_sukub_csv
2025-04-26 22:00:00,56500.725,79857.216667,KPX_public_sukub_csv
2025-04-26 23:00:00,55203.07,79578.19,KPX_public_sukub_csv
2025-04-27 00:00:00,51990.483333,78699.525,KPX_public_sukub_csv
2025-04-27 01:00:00,49945.883333,78937.808333,KPX_public_sukub_csv
2025-04-27 02:00:00,48630.391667,79357.383333,KPX_public_sukub_csv
2025-04-27 03:00:00,48112.075,79405.383333,KPX_public_sukub_csv
2025-04-27 04:00:00,48076.925,79426.216667,KPX_public_sukub_csv
2025-04-27 05:00:00,48434.766667,79394.083333,KPX_public_sukub_csv
2025-04-27 06:00:00,48418.316667,79471.483333,KPX_public_sukub_csv
2025-04-27 07:00:00,46326.841667,80296.158333,KPX_public_sukub_csv
2025-04-27 08:00:00,43552.233333,80691.75,KPX_public_sukub_csv
2025-04-27 09:00:00,41324.725,81648.633333,KPX_public_sukub_csv
2025-04-27 10:00:00,39881.766667,81647.033333,KPX_public_sukub_csv
2025-04-27 11:00:00,39957.483333,81461.325,KPX_public_sukub_csv
2025-04-27 12:00:00,40256.7,81367.566667,KPX_public_sukub_csv
2025-04-27 13:00:00,41541.533333,81319.916667,KPX_public_sukub_csv
2025-04-27 14:00:00,43996.716667,80888.391667,KPX_public_sukub_csv
2025-04-27 15:00:00,46211.45,80793.983333,KPX_public_sukub_csv
2025-04-27 16:00:00,49155.6,80155.008333,KPX_public_sukub_csv
2025-04-27 17:00:00,52388.441667,80271.775,KPX_public_sukub_csv
2025-04-27 18:00:00,55441.591667,80355.933333,KPX_public_sukub_csv
2025-04-27 19:00:00,57455.941667,80270.933333,KPX_public_sukub_csv
2025-04-27 20:00:00,57302.458333,80552.175,KPX_public_sukub_csv
2025-04-27 21:00:00,56230.983333,80568.425,KPX_public_sukub_csv
2025-04-27 22:00:00,54927.475,80498.591667,KPX_public_sukub_csv
2025-04-27 23:00:00,53310.063636,80337.5,KPX_public_sukub_csv
2025-04-28 00:00:00,50325.675,81711.2,KPX_public_sukub_csv
2025-04-28 01:00:00,48556.891667,82081.708333,KPX_public_sukub_csv
2025-04-28 02:00:00,47579.883333,82015.175,KPX_public_sukub_csv
2025-04-28 03:00:00,47196.3,81808.066667,KPX_public_sukub_csv
2025-04-28 04:00:00,47759.625,81839.85,KPX_public_sukub_csv
2025-04-28 05:00:00,49572.95,81863.433333,KPX_public_sukub_csv
2025-04-28 06:00:00,52048.941667,81889.925,KPX_public_sukub_csv
2025-04-28 07:00:00,54716.416667,82847.816667,KPX_public_sukub_csv
2025-04-28 08:00:00,55935.2,83537.833333,KPX_public_sukub_csv
2025-04-28 09:00:00,54877.708333,84480.658333,KPX_public_sukub_csv
2025-04-28 10:00:00,53186.683333,84874.758333,KPX_public_sukub_csv
2025-04-28 11:00:00,50768.85,85196.075,KPX_public_sukub_csv
2025-04-28 12:00:00,48327.8,85190.45,KPX_public_sukub_csv
2025-04-28 13:00:00,51261.316667,84805.775,KPX_public_sukub_csv
2025-04-28 14:00:00,53282.733333,85193.458333,KPX_public_sukub_csv
2025-04-28 15:00:00,55450.875,87203.241667,KPX_public_sukub_csv
2025-04-28 16:00:00,58946.283333,86255.216667,KPX_public_sukub_csv
2025-04-28 17:00:00,61862.041667,85296.9,KPX_public_sukub_csv
2025-04-28 18:00:00,64921.163636,85297.672727,KPX_public_sukub_csv
2025-04-28 19:00:00,66114.583333,85098.916667,KPX_public_sukub_csv
2025-04-28 20:00:00,64688.45,85122.966667,KPX_public_sukub_csv
2025-04-28 21:00:00,62880.375,84074.375,KPX_public_sukub_csv
2025-04-28 22:00:00,61697.916667,83929.366667,KPX_public_sukub_csv
2025-04-28 23:00:00,59739.691667,83745.991667,KPX_public_sukub_csv
2025-04-29 00:00:00,56099.383333,84210.266667,KPX_public_sukub_csv
2025-04-29 01:00:00,54117.558333,84163.875,KPX_public_sukub_csv
2025-04-29 02:00:00,53167.441667,84126.425,KPX_public_sukub_csv
2025-04-29 03:00:00,52707.941667,84028.008333,KPX_public_sukub_csv
2025-04-29 04:00:00,53129.625,84125.4,KPX_public_sukub_csv
2025-04-29 05:00:00,54260.05,84168.433333,KPX_public_sukub_csv
2025-04-29 06:00:00,56032.358333,84176.091667,KPX_public_sukub_csv
2025-04-29 07:00:00,56637.333333,85517.783333,KPX_public_sukub_csv
2025-04-29 08:00:00,56582.391667,86169.483333,KPX_public_sukub_csv
2025-04-29 09:00:00,55151.936364,87033.572727,KPX_public_sukub_csv
2025-04-29 10:00:00,53160.65,85963.908333,KPX_public_sukub_csv
2025-04-29 11:00:00,50715.225,85544.216667,KPX_public_sukub_csv
2025-04-29 12:00:00,48084.6,85158.5,KPX_public_sukub_csv
2025-04-29 13:00:00,50809.033333,85329.1,KPX_public_sukub_csv
2025-04-29 14:00:00,53317.0,85293.708333,KPX_public_sukub_csv
2025-04-29 15:00:00,55557.275,84599.941667,KPX_public_sukub_csv
2025-04-29 16:00:00,59189.766667,83275.325,KPX_public_sukub_csv
2025-04-29 17:00:00,62047.658333,82588.691667,KPX_public_sukub_csv
2025-04-29 18:00:00,64940.041667,82783.933333,KPX_public_sukub_csv
2025-04-29 19:00:00,66241.958333,83313.066667,KPX_public_sukub_csv
2025-04-29 20:00:00,65009.316667,83211.666667,KPX_public_sukub_csv
2025-04-29 21:00:00,62930.45,82548.075,KPX_public_sukub_csv
2025-04-29 22:00:00,61783.65,81732.216667,KPX_public_sukub_csv
2025-04-29 23:00:00,59940.027273,81539.963636,KPX_public_sukub_csv
2025-04-30 00:00:00,55904.6,81014.666667,KPX_public_sukub_csv
2025-04-30 01:00:00,53912.133333,81027.058333,KPX_public_sukub_csv
2025-04-30 02:00:00,52796.0,81241.175,KPX_public_sukub_csv
2025-04-30 03:00:00,52421.941667,81033.466667,KPX_public_sukub_csv
2025-04-30 04:00:00,52531.65,80839.458333,KPX_public_sukub_csv
2025-04-30 05:00:00,53632.266667,80922.741667,KPX_public_sukub_csv
2025-04-30 06:00:00,55621.081818,81198.963636,KPX_public_sukub_csv
2025-04-30 07:00:00,56518.541667,82373.441667,KPX_public_sukub_csv
2025-04-30 08:00:00,56410.433333,82953.908333,KPX_public_sukub_csv
2025-04-30 09:00:00,55172.783333,84264.283333,KPX_public_sukub_csv
2025-04-30 10:00:00,53581.716667,84900.608333,KPX_public_sukub_csv
2025-04-30 11:00:00,51193.5,84936.983333,KPX_public_sukub_csv
2025-04-30 12:00:00,48698.063636,85187.618182,KPX_public_sukub_csv
2025-04-30 13:00:00,51627.825,85258.675,KPX_public_sukub_csv
2025-04-30 14:00:00,53878.958333,85235.558333,KPX_public_sukub_csv
2025-04-30 15:00:00,56156.016667,85613.633333,KPX_public_sukub_csv
2025-04-30 16:00:00,59559.416667,84433.966667,KPX_public_sukub_csv
2025-04-30 17:00:00,61934.883333,83761.833333,KPX_public_sukub_csv
2025-04-30 18:00:00,64219.308333,83104.775,KPX_public_sukub_csv
2025-04-30 19:00:00,65357.775,83307.058333,KPX_public_sukub_csv
2025-04-30 20:00:00,64241.4,83596.9,KPX_public_sukub_csv
2025-04-30 21:00:00,62482.3,82744.508333,KPX_public_sukub_csv
2025-04-30 22:00:00,61309.208333,82392.633333,KPX_public_sukub_csv
2025-04-30 23:00:00,59374.645455,81365.345455,KPX_public_sukub_csv
2025-05-01 00:00:00,55613.033333,79624.758333,KPX_public_sukub_csv
2025-05-01 01:00:00,53505.691667,79581.091667,KPX_public_sukub_csv
2025-05-01 02:00:00,52313.283333,81102.808333,KPX_public_sukub_csv
2025-05-01 03:00:00,51586.316667,81375.658333,KPX_public_sukub_csv
2025-05-01 04:00:00,51420.6,81507.116667,KPX_public_sukub_csv
2025-05-01 05:00:00,51727.091667,81713.791667,KPX_public_sukub_csv
2025-05-01 06:00:00,52148.183333,81956.45,KPX_public_sukub_csv
2025-05-01 07:00:00,51926.708333,82945.741667,KPX_public_sukub_csv
2025-05-01 08:00:00,51946.108333,82997.475,KPX_public_sukub_csv
2025-05-01 09:00:00,53679.666667,82916.95,KPX_public_sukub_csv
2025-05-01 10:00:00,55953.666667,82786.766667,KPX_public_sukub_csv
2025-05-01 11:00:00,56220.525,82398.725,KPX_public_sukub_csv
2025-05-01 12:00:00,57736.883333,81862.616667,KPX_public_sukub_csv
2025-05-01 13:00:00,59846.0,81439.333333,KPX_public_sukub_csv
2025-05-01 14:00:00,60480.45,81077.883333,KPX_public_sukub_csv
2025-05-01 15:00:00,60419.725,80857.216667,KPX_public_sukub_csv
2025-05-01 16:00:00,60387.466667,80859.725,KPX_public_sukub_csv
2025-05-01 17:00:00,60160.491667,81762.633333,KPX_public_sukub_csv
2025-05-01 18:00:00,60794.425,81607.783333,KPX_public_sukub_csv
2025-05-01 19:00:00,61110.033333,81431.666667,KPX_public_sukub_csv
2025-05-01 20:00:00,60185.975,81460.683333,KPX_public_sukub_csv
2025-05-01 21:00:00,58697.5,81606.316667,KPX_public_sukub_csv
2025-05-01 22:00:00,58133.708333,81789.45,KPX_public_sukub_csv
2025-05-01 23:00:00,56680.618182,81812.018182,KPX_public_sukub_csv
2025-05-02 00:00:00,53394.816667,81581.508333,KPX_public_sukub_csv
2025-05-02 01:00:00,51301.791667,81725.325,KPX_public_sukub_csv
2025-05-02 02:00:00,50225.216667,81857.8,KPX_public_sukub_csv
2025-05-02 03:00:00,49683.241667,81956.608333,KPX_public_sukub_csv
2025-05-02 04:00:00,49848.125,82037.8,KPX_public_sukub_csv
2025-05-02 05:00:00,51005.191667,82269.875,KPX_public_sukub_csv
2025-05-02 06:00:00,52507.475,82507.533333,KPX_public_sukub_csv
2025-05-02 07:00:00,52561.558333,83545.375,KPX_public_sukub_csv
2025-05-02 08:00:00,51164.958333,84403.575,KPX_public_sukub_csv
2025-05-02 09:00:00,49506.575,85967.066667,KPX_public_sukub_csv
2025-05-02 10:00:00,47655.625,86123.875,KPX_public_sukub_csv
2025-05-02 11:00:00,44935.883333,84786.008333,KPX_public_sukub_csv
2025-05-02 12:00:00,43209.9,83282.45,KPX_public_sukub_csv
2025-05-02 13:00:00,45346.481818,83038.163636,KPX_public_sukub_csv
2025-05-02 14:00:00,48945.3,82778.308333,KPX_public_sukub_csv
2025-05-02 15:00:00,52373.733333,82311.891667,KPX_public_sukub_csv
2025-05-02 16:00:00,56279.066667,81111.608333,KPX_public_sukub_csv
2025-05-02 17:00:00,58146.258333,80724.975,KPX_public_sukub_csv
2025-05-02 18:00:00,60501.883333,80214.458333,KPX_public_sukub_csv
2025-05-02 19:00:00,61927.9,79758.15,KPX_public_sukub_csv
2025-05-02 20:00:00,61327.958333,79671.108333,KPX_public_sukub_csv
2025-05-02 21:00:00,59884.325,79385.958333,KPX_public_sukub_csv
2025-05-02 22:00:00,59156.383333,79035.833333,KPX_public_sukub_csv
2025-05-02 23:00:00,57526.291667,78862.108333,KPX_public_sukub_csv
2025-05-03 00:00:00,54069.241667,78781.0,KPX_public_sukub_csv
2025-05-03 01:00:00,51849.65,78787.1,KPX_public_sukub_csv
2025-05-03 02:00:00,50571.35,79355.733333,KPX_public_sukub_csv
2025-05-03 03:00:00,49967.983333,79597.166667,KPX_public_sukub_csv
2025-05-03 04:00:00,49948.583333,79673.816667,KPX_public_sukub_csv
2025-05-03 05:00:00,50589.666667,79725.483333,KPX_public_sukub_csv
2025-05-03 06:00:00,51738.8,79998.55,KPX_public_sukub_csv
2025-05-03 07:00:00,52870.625,80273.191667,KPX_public_sukub_csv
2025-05-03 08:00:00,54163.525,79650.183333,KPX_public_sukub_csv
2025-05-03 09:00:00,55623.95,79681.058333,KPX_public_sukub_csv
2025-05-03 10:00:00,56571.391667,79830.05,KPX_public_sukub_csv
2025-05-03 11:00:00,56088.916667,79794.016667,KPX_public_sukub_csv
2025-05-03 12:00:00,53511.025,80379.266667,KPX_public_sukub_csv
2025-05-03 13:00:00,51914.958333,81543.5,KPX_public_sukub_csv
2025-05-03 14:00:00,50483.316667,81952.641667,KPX_public_sukub_csv
2025-05-03 15:00:00,50147.591667,81976.041667,KPX_public_sukub_csv
2025-05-03 16:00:00,50991.908333,81973.883333,KPX_public_sukub_csv
2025-05-03 17:00:00,52543.541667,82750.583333,KPX_public_sukub_csv
2025-05-03 18:00:00,54918.808333,82131.958333,KPX_public_sukub_csv
2025-05-03 19:00:00,57092.15,81508.583333,KPX_public_sukub_csv
2025-05-03 20:00:00,57194.1,81327.858333,KPX_public_sukub_csv
2025-05-03 21:00:00,56261.633333,81120.583333,KPX_public_sukub_csv
2025-05-03 22:00:00,55778.183333,80917.65,KPX_public_sukub_csv
2025-05-03 23:00:00,54807.981818,80934.627273,KPX_public_sukub_csv
2025-05-04 00:00:00,51531.866667,81116.566667,KPX_public_sukub_csv
2025-05-04 01:00:00,49186.975,81106.391667,KPX_public_sukub_csv
2025-05-04 02:00:00,47919.275,80819.866667,KPX_public_sukub_csv
2025-05-04 03:00:00,47370.008333,80814.766667,KPX_public_sukub_csv
2025-05-04 04:00:00,47521.25,80807.141667,KPX_public_sukub_csv
2025-05-04 05:00:00,47841.925,80793.066667,KPX_public_sukub_csv
2025-05-04 06:00:00,47507.408333,80988.816667,KPX_public_sukub_csv
2025-05-04 07:00:00,44837.333333,82159.508333,KPX_public_sukub_csv
2025-05-04 08:00:00,41115.091667,82370.033333,KPX_public_sukub_csv
2025-05-04 09:00:00,38155.841667,83388.175,KPX_public_sukub_csv
2025-05-04 10:00:00,37069.433333,83095.65,KPX_public_sukub_csv
2025-05-04 11:00:00,35828.881818,81715.681818,KPX_public_sukub_csv
2025-05-04 12:00:00,35801.016667,81691.308333,KPX_public_sukub_csv
2025-05-04 13:00:00,36715.241667,81974.333333,KPX_public_sukub_csv
2025-05-04 14:00:00,38222.975,83115.758333,KPX_public_sukub_csv
2025-05-04 15:00:00,39917.558333,82814.85,KPX_public_sukub_csv
2025-05-04 16:00:00,43142.916667,82205.425,KPX_public_sukub_csv
2025-05-04 17:00:00,48190.725,81929.258333,KPX_public_sukub_csv
2025-05-04 18:00:00,52507.416667,80881.175,KPX_public_sukub_csv
2025-05-04 19:00:00,55137.741667,80426.316667,KPX_public_sukub_csv
2025-05-04 20:00:00,55827.425,80325.45,KPX_public_sukub_csv
2025-05-04 21:00:00,55077.475,80099.525,KPX_public_sukub_csv
2025-05-04 22:00:00,54007.916667,79655.441667,KPX_public_sukub_csv
2025-05-04 23:00:00,52779.675,79178.483333,KPX_public_sukub_csv
2025-05-05 00:00:00,49879.675,78563.825,KPX_public_sukub_csv
2025-05-05 01:00:00,47784.966667,78461.591667,KPX_public_sukub_csv
2025-05-05 02:00:00,46835.458333,78897.958333,KPX_public_sukub_csv
2025-05-05 03:00:00,46312.075,78880.908333,KPX_public_sukub_csv
2025-05-05 04:00:00,46485.591667,78858.108333,KPX_public_sukub_csv
2025-05-05 05:00:00,47066.1,78862.541667,KPX_public_sukub_csv
2025-05-05 06:00:00,47228.925,79060.775,KPX_public_sukub_csv
2025-05-05 07:00:00,46527.966667,79876.908333,KPX_public_sukub_csv
2025-05-05 08:00:00,45323.983333,79897.766667,KPX_public_sukub_csv
2025-05-05 09:00:00,45146.191667,80378.041667,KPX_public_sukub_csv
2025-05-05 10:00:00,47031.216667,80093.95,KPX_public_sukub_csv
2025-05-05 11:00:00,49260.75,79679.575,KPX_public_sukub_csv
2025-05-05 12:00:00,49885.608333,79895.141667,KPX_public_sukub_csv
2025-05-05 13:00:00,50680.441667,79627.266667,KPX_public_sukub_csv
2025-05-05 14:00:00,51711.383333,79501.591667,KPX_public_sukub_csv
2025-05-05 15:00:00,52879.3,79866.816667,KPX_public_sukub_csv
2025-05-05 16:00:00,53645.275,80180.558333,KPX_public_sukub_csv
2025-05-05 17:00:00,54750.808333,80580.091667,KPX_public_sukub_csv
2025-05-05 18:00:00,56348.675,80440.9,KPX_public_sukub_csv
2025-05-05 19:00:00,57338.141667,80078.283333,KPX_public_sukub_csv
2025-05-05 20:00:00,57148.325,80032.308333,KPX_public_sukub_csv
2025-05-05 21:00:00,55969.175,79927.433333,KPX_public_sukub_csv
2025-05-05 22:00:00,55024.591667,79828.533333,KPX_public_sukub_csv
2025-05-05 23:00:00,53781.633333,79839.008333,KPX_public_sukub_csv
2025-05-06 00:00:00,50726.858333,81549.525,KPX_public_sukub_csv
2025-05-06 01:00:00,48725.027273,81841.290909,KPX_public_sukub_csv
2025-05-06 02:00:00,47617.258333,81887.716667,KPX_public_sukub_csv
2025-05-06 03:00:00,47009.791667,81927.558333,KPX_public_sukub_csv
2025-05-06 04:00:00,47409.05,81961.691667,KPX_public_sukub_csv
2025-05-06 05:00:00,48017.158333,82033.258333,KPX_public_sukub_csv
2025-05-06 06:00:00,48861.658333,82188.516667,KPX_public_sukub_csv
2025-05-06 07:00:00,49691.65,82646.5,KPX_public_sukub_csv
2025-05-06 08:00:00,50502.558333,82344.283333,KPX_public_sukub_csv
2025-05-06 09:00:00,50352.108333,83004.733333,KPX_public_sukub_csv
2025-05-06 10:00:00,50747.441667,83049.375,KPX_public_sukub_csv
2025-05-06 11:00:00,51158.891667,83006.758333,KPX_public_sukub_csv
2025-05-06 12:00:00,51306.483333,82846.075,KPX_public_sukub_csv
2025-05-06 13:00:00,53723.075,82194.783333,KPX_public_sukub_csv
2025-05-06 14:00:00,54538.375,82082.558333,KPX_public_sukub_csv
2025-05-06 15:00:00,53404.433333,82358.241667,KPX_public_sukub_csv
2025-05-06 16:00:00,53634.691667,82623.858333,KPX_public_sukub_csv
2025-05-06 17:00:00,54975.058333,83083.808333,KPX_public_sukub_csv
2025-05-06 18:00:00,57632.2,82412.0,KPX_public_sukub_csv
2025-05-06 19:00:00,59666.608333,81856.85,KPX_public_sukub_csv
2025-05-06 20:00:00,59817.366667,81635.908333,KPX_public_sukub_csv
2025-05-06 21:00:00,58356.825,81481.166667,KPX_public_sukub_csv
2025-05-06 22:00:00,57106.483333,81444.475,KPX_public_sukub_csv
2025-05-06 23:00:00,55494.272727,81132.354545,KPX_public_sukub_csv
2025-05-07 00:00:00,52267.508333,76880.416667,KPX_public_sukub_csv
2025-05-07 01:00:00,50407.433333,76538.633333,KPX_public_sukub_csv
2025-05-07 02:00:00,49446.533333,78930.475,KPX_public_sukub_csv
2025-05-07 03:00:00,48892.816667,79387.65,KPX_public_sukub_csv
2025-05-07 04:00:00,49361.633333,79616.583333,KPX_public_sukub_csv
2025-05-07 05:00:00,50762.083333,79845.825,KPX_public_sukub_csv
2025-05-07 06:00:00,53190.633333,80321.308333,KPX_public_sukub_csv
2025-05-07 07:00:00,55329.333333,81413.625,KPX_public_sukub_csv
2025-05-07 08:00:00,56393.475,82163.916667,KPX_public_sukub_csv
2025-05-07 09:00:00,55415.35,83292.133333,KPX_public_sukub_csv
2025-05-07 10:00:00,53379.941667,83029.708333,KPX_public_sukub_csv
2025-05-07 11:00:00,51369.116667,83102.283333,KPX_public_sukub_csv
2025-05-07 12:00:00,49030.533333,83317.166667,KPX_public_sukub_csv
2025-05-07 13:00:00,52099.225,83393.9,KPX_public_sukub_csv
2025-05-07 14:00:00,54871.3,84864.116667,KPX_public_sukub_csv
2025-05-07 15:00:00,56854.225,85948.483333,KPX_public_sukub_csv
2025-05-07 16:00:00,60049.325,84874.533333,KPX_public_sukub_csv
2025-05-07 17:00:00,61990.133333,84555.816667,KPX_public_sukub_csv
2025-05-07 18:00:00,63981.208333,84534.8,KPX_public_sukub_csv
2025-05-07 19:00:00,65480.766667,84524.991667,KPX_public_sukub_csv
2025-05-07 20:00:00,64812.216667,84501.816667,KPX_public_sukub_csv
2025-05-07 21:00:00,62958.858333,83590.0,KPX_public_sukub_csv
2025-05-07 22:00:00,61859.391667,83170.641667,KPX_public_sukub_csv
2025-05-07 23:00:00,60060.336364,83093.845455,KPX_public_sukub_csv
2025-05-08 00:00:00,56121.708333,81525.125,KPX_public_sukub_csv
2025-05-08 01:00:00,54014.2,81527.908333,KPX_public_sukub_csv
2025-05-08 02:00:00,52992.5,83258.566667,KPX_public_sukub_csv
2025-05-08 03:00:00,52599.316667,83059.941667,KPX_public_sukub_csv
2025-05-08 04:00:00,52864.666667,83017.858333,KPX_public_sukub_csv
2025-05-08 05:00:00,53888.541667,83032.033333,KPX_public_sukub_csv
2025-05-08 06:00:00,55474.116667,83470.066667,KPX_public_sukub_csv
2025-05-08 07:00:00,56545.266667,84457.85,KPX_public_sukub_csv
2025-05-08 08:00:00,56889.958333,85098.083333,KPX_public_sukub_csv
2025-05-08 09:00:00,56081.875,86431.341667,KPX_public_sukub_csv
2025-05-08 10:00:00,54484.533333,86880.608333,KPX_public_sukub_csv
2025-05-08 11:00:00,51878.3,85289.208333,KPX_public_sukub_csv
2025-05-08 12:00:00,49619.725,85231.1,KPX_public_sukub_csv
2025-05-08 13:00:00,53199.641667,85102.208333,KPX_public_sukub_csv
2025-05-08 14:00:00,55704.0,84689.458333,KPX_public_sukub_csv
2025-05-08 15:00:00,58399.716667,86018.541667,KPX_public_sukub_csv
2025-05-08 16:00:00,62718.175,85149.183333,KPX_public_sukub_csv
2025-05-08 17:00:00,63934.891667,84838.525,KPX_public_sukub_csv
2025-05-08 18:00:00,65643.791667,84682.416667,KPX_public_sukub_csv
2025-05-08 19:00:00,66579.8,85055.516667,KPX_public_sukub_csv
2025-05-08 20:00:00,65237.841667,85035.358333,KPX_public_sukub_csv
2025-05-08 21:00:00,63483.641667,84110.041667,KPX_public_sukub_csv
2025-05-08 22:00:00,62140.733333,83669.383333,KPX_public_sukub_csv
2025-05-08 23:00:00,60030.183333,83567.758333,KPX_public_sukub_csv
2025-05-09 00:00:00,56441.916667,84382.275,KPX_public_sukub_csv
2025-05-09 01:00:00,54190.008333,84581.775,KPX_public_sukub_csv
2025-05-09 02:00:00,53078.85,84430.041667,KPX_public_sukub_csv
2025-05-09 03:00:00,52613.891667,84402.658333,KPX_public_sukub_csv
2025-05-09 04:00:00,52718.641667,84533.841667,KPX_public_sukub_csv
2025-05-09 05:00:00,53816.275,84799.975,KPX_public_sukub_csv
2025-05-09 06:00:00,56607.533333,85131.825,KPX_public_sukub_csv
2025-05-09 07:00:00,61036.9,85507.3,KPX_public_sukub_csv
2025-05-09 08:00:00,66025.258333,86166.883333,KPX_public_sukub_csv
2025-05-09 09:00:00,68991.266667,87155.258333,KPX_public_sukub_csv
2025-05-09 10:00:00,69507.408333,87484.55,KPX_public_sukub_csv
2025-05-09 11:00:00,68102.683333,87774.4,KPX_public_sukub_csv
2025-05-09 12:00:00,65666.2,87839.316667,KPX_public_sukub_csv
2025-05-09 13:00:00,68494.683333,87806.975,KPX_public_sukub_csv
2025-05-09 14:00:00,69235.925,87814.425,KPX_public_sukub_csv
2025-05-09 15:00:00,69139.925,87613.341667,KPX_public_sukub_csv
2025-05-09 16:00:00,68932.108333,87386.341667,KPX_public_sukub_csv
2025-05-09 17:00:00,67476.941667,87972.733333,KPX_public_sukub_csv
2025-05-09 18:00:00,67107.725,87289.4,KPX_public_sukub_csv
2025-05-09 19:00:00,66661.325,86943.841667,KPX_public_sukub_csv
2025-05-09 20:00:00,65391.816667,86628.6,KPX_public_sukub_csv
2025-05-09 21:00:00,63549.325,85583.208333,KPX_public_sukub_csv
2025-05-09 22:00:00,62493.608333,85627.566667,KPX_public_sukub_csv
2025-05-09 23:00:00,61068.3,85393.772727,KPX_public_sukub_csv
2025-05-10 00:00:00,57414.983333,83409.741667,KPX_public_sukub_csv
2025-05-10 01:00:00,55090.841667,83399.4,KPX_public_sukub_csv
2025-05-10 02:00:00,53833.466667,83331.308333,KPX_public_sukub_csv
2025-05-10 03:00:00,52928.6,83375.541667,KPX_public_sukub_csv
2025-05-10 04:00:00,52749.95,83408.033333,KPX_public_sukub_csv
2025-05-10 05:00:00,53059.75,83407.65,KPX_public_sukub_csv
2025-05-10 06:00:00,54033.458333,83418.191667,KPX_public_sukub_csv
2025-05-10 07:00:00,54995.808333,83696.633333,KPX_public_sukub_csv
2025-05-10 08:00:00,55996.741667,83240.991667,KPX_public_sukub_csv
2025-05-10 09:00:00,56918.866667,83787.233333,KPX_public_sukub_csv
2025-05-10 10:00:00,57407.366667,84301.891667,KPX_public_sukub_csv
2025-05-10 11:00:00,57314.691667,84495.366667,KPX_public_sukub_csv
2025-05-10 12:00:00,55806.933333,84432.025,KPX_public_sukub_csv
2025-05-10 13:00:00,56863.581818,84549.009091,KPX_public_sukub_csv
2025-05-10 14:00:00,57316.0,84344.991667,KPX_public_sukub_csv
2025-05-10 15:00:00,57485.133333,84000.691667,KPX_public_sukub_csv
2025-05-10 16:00:00,57912.891667,83725.216667,KPX_public_sukub_csv
2025-05-10 17:00:00,58051.833333,84387.1,KPX_public_sukub_csv
2025-05-10 18:00:00,59016.808333,83932.05,KPX_public_sukub_csv
2025-05-10 19:00:00,59786.708333,83598.966667,KPX_public_sukub_csv
2025-05-10 20:00:00,59546.866667,83204.658333,KPX_public_sukub_csv
2025-05-10 21:00:00,58203.616667,83175.375,KPX_public_sukub_csv
2025-05-10 22:00:00,58039.466667,83078.458333,KPX_public_sukub_csv
2025-05-10 23:00:00,56885.290909,82639.154545,KPX_public_sukub_csv
2025-05-11 00:00:00,53377.775,79824.125,KPX_public_sukub_csv
2025-05-11 01:00:00,51275.0,79598.05,KPX_public_sukub_csv
2025-05-11 02:00:00,50005.783333,79754.841667,KPX_public_sukub_csv
2025-05-11 03:00:00,49472.35,79790.175,KPX_public_sukub_csv
2025-05-11 04:00:00,49468.708333,79790.958333,KPX_public_sukub_csv
2025-05-11 05:00:00,49767.575,79707.358333,KPX_public_sukub_csv
2025-05-11 06:00:00,49879.75,79664.783333,KPX_public_sukub_csv
2025-05-11 07:00:00,49625.3,79947.25,KPX_public_sukub_csv
2025-05-11 08:00:00,48613.791667,78119.541667,KPX_public_sukub_csv
2025-05-11 09:00:00,47815.383333,77918.691667,KPX_public_sukub_csv
2025-05-11 10:00:00,46225.233333,78606.066667,KPX_public_sukub_csv
2025-05-11 11:00:00,44150.616667,79118.033333,KPX_public_sukub_csv
2025-05-11 12:00:00,43593.991667,79313.733333,KPX_public_sukub_csv
2025-05-11 13:00:00,43365.808333,79351.983333,KPX_public_sukub_csv
2025-05-11 14:00:00,43791.958333,79959.275,KPX_public_sukub_csv
2025-05-11 15:00:00,45668.433333,79767.083333,KPX_public_sukub_csv
2025-05-11 16:00:00,48462.925,78944.533333,KPX_public_sukub_csv
2025-05-11 17:00:00,52475.866667,78673.708333,KPX_public_sukub_csv
2025-05-11 18:00:00,55938.575,77563.0,KPX_public_sukub_csv
2025-05-11 19:00:00,58399.158333,77374.65,KPX_public_sukub_csv
2025-05-11 20:00:00,58959.616667,77562.583333,KPX_public_sukub_csv
2025-05-11 21:00:00,57898.391667,77411.083333,KPX_public_sukub_csv
2025-05-11 22:00:00,56705.733333,77236.208333,KPX_public_sukub_csv
2025-05-11 23:00:00,54821.516667,77295.825,KPX_public_sukub_csv
2025-05-12 00:00:00,52006.375,78002.975,KPX_public_sukub_csv
2025-05-12 01:00:00,49977.133333,78100.358333,KPX_public_sukub_csv
2025-05-12 02:00:00,49034.608333,78504.408333,KPX_public_sukub_csv
2025-05-12 03:00:00,48621.966667,78645.358333,KPX_public_sukub_csv
2025-05-12 04:00:00,49190.858333,78310.108333,KPX_public_sukub_csv
2025-05-12 05:00:00,50659.4,78266.683333,KPX_public_sukub_csv
2025-05-12 06:00:00,53180.758333,78450.283333,KPX_public_sukub_csv
2025-05-12 07:00:00,55713.325,78720.183333,KPX_public_sukub_csv
2025-05-12 08:00:00,57071.15,79316.55,KPX_public_sukub_csv
2025-05-12 09:00:00,56401.65,80641.9,KPX_public_sukub_csv
2025-05-12 10:00:00,55021.875,80928.225,KPX_public_sukub_csv
2025-05-12 11:00:00,52835.15,80572.958333,KPX_public_sukub_csv
2025-05-12 12:00:00,50453.766667,80584.941667,KPX_public_sukub_csv
2025-05-12 13:00:00,53048.125,80806.208333,KPX_public_sukub_csv
2025-05-12 14:00:00,55476.0,82736.466667,KPX_public_sukub_csv
2025-05-12 15:00:00,58043.1,84389.358333,KPX_public_sukub_csv
2025-05-12 16:00:00,61395.133333,83977.125,KPX_public_sukub_csv
2025-05-12 17:00:00,63961.475,83347.7,KPX_public_sukub_csv
2025-05-12 18:00:00,66762.891667,82879.875,KPX_public_sukub_csv
2025-05-12 19:00:00,67723.391667,82573.933333,KPX_public_sukub_csv
2025-05-12 20:00:00,66801.85,82557.116667,KPX_public_sukub_csv
2025-05-12 21:00:00,64645.133333,82385.741667,KPX_public_sukub_csv
2025-05-12 22:00:00,63326.908333,81686.333333,KPX_public_sukub_csv
2025-05-12 23:00:00,61385.463636,81374.381818,KPX_public_sukub_csv
2025-05-13 00:00:00,57511.9,78834.975,KPX_public_sukub_csv
2025-05-13 01:00:00,55349.65,78655.325,KPX_public_sukub_csv
2025-05-13 02:00:00,54206.833333,78364.416667,KPX_public_sukub_csv
2025-05-13 03:00:00,53841.075,78453.025,KPX_public_sukub_csv
2025-05-13 04:00:00,53982.65,78499.2,KPX_public_sukub_csv
2025-05-13 05:00:00,54935.933333,78508.3,KPX_public_sukub_csv
2025-05-13 06:00:00,56572.35,78132.341667,KPX_public_sukub_csv
2025-05-13 07:00:00,57991.791667,78983.433333,KPX_public_sukub_csv
2025-05-13 08:00:00,59291.333333,79342.833333,KPX_public_sukub_csv
2025-05-13 09:00:00,58975.308333,80963.3,KPX_public_sukub_csv
2025-05-13 10:00:00,57594.491667,81763.808333,KPX_public_sukub_csv
2025-05-13 11:00:00,55567.916667,81970.875,KPX_public_sukub_csv
2025-05-13 12:00:00,54035.516667,80415.466667,KPX_public_sukub_csv
2025-05-13 13:00:00,58301.091667,79989.8,KPX_public_sukub_csv
2025-05-13 14:00:00,60472.616667,80461.25,KPX_public_sukub_csv
2025-05-13 15:00:00,62029.25,81987.258333,KPX_public_sukub_csv
2025-05-13 16:00:00,64760.566667,81205.616667,KPX_public_sukub_csv
2025-05-13 17:00:00,65914.4,82195.975,KPX_public_sukub_csv
2025-05-13 18:00:00,67570.691667,82072.358333,KPX_public_sukub_csv
2025-05-13 19:00:00,68700.033333,81668.8,KPX_public_sukub_csv
2025-05-13 20:00:00,67504.791667,81652.175,KPX_public_sukub_csv
2025-05-13 21:00:00,65236.316667,80799.825,KPX_public_sukub_csv
2025-05-13 22:00:00,63692.308333,79842.183333,KPX_public_sukub_csv
2025-05-13 23:00:00,61808.4,79817.4,KPX_public_sukub_csv
2025-05-14 00:00:00,57961.766667,79852.358333,KPX_public_sukub_csv
2025-05-14 01:00:00,55921.666667,78990.8,KPX_public_sukub_csv
2025-05-14 02:00:00,54614.175,79104.225,KPX_public_sukub_csv
2025-05-14 03:00:00,54194.058333,79246.275,KPX_public_sukub_csv
2025-05-14 04:00:00,54235.825,78889.816667,KPX_public_sukub_csv
2025-05-14 05:00:00,55002.983333,78913.675,KPX_public_sukub_csv
2025-05-14 06:00:00,56716.458333,79158.333333,KPX_public_sukub_csv
2025-05-14 07:00:00,57864.625,79959.125,KPX_public_sukub_csv
2025-05-14 08:00:00,58335.7,80585.216667,KPX_public_sukub_csv
2025-05-14 09:00:00,57989.316667,81911.075,KPX_public_sukub_csv
2025-05-14 10:00:00,56569.341667,82297.616667,KPX_public_sukub_csv
2025-05-14 11:00:00,54908.108333,81930.425,KPX_public_sukub_csv
2025-05-14 12:00:00,52834.35,81979.316667,KPX_public_sukub_csv
2025-05-14 13:00:00,56540.95,81815.691667,KPX_public_sukub_csv
2025-05-14 14:00:00,59771.125,81346.25,KPX_public_sukub_csv
2025-05-14 15:00:00,61674.416667,82374.275,KPX_public_sukub_csv
2025-05-14 16:00:00,64238.6,83120.608333,KPX_public_sukub_csv
2025-05-14 17:00:00,65430.9,84331.766667,KPX_public_sukub_csv
2025-05-14 18:00:00,67679.125,83542.391667,KPX_public_sukub_csv
2025-05-14 19:00:00,68692.766667,83628.1,KPX_public_sukub_csv
2025-05-14 20:00:00,67729.05,83026.358333,KPX_public_sukub_csv
2025-05-14 21:00:00,65449.758333,82723.325,KPX_public_sukub_csv
2025-05-14 22:00:00,64209.483333,82462.808333,KPX_public_sukub_csv
2025-05-14 23:00:00,62275.5,82510.2,KPX_public_sukub_csv
2025-05-15 00:00:00,58246.875,82249.458333,KPX_public_sukub_csv
2025-05-15 01:00:00,56405.216667,82197.583333,KPX_public_sukub_csv
2025-05-15 02:00:00,55197.891667,81004.0,KPX_public_sukub_csv
2025-05-15 03:00:00,54648.166667,80991.733333,KPX_public_sukub_csv
2025-05-15 04:00:00,54715.383333,81877.825,KPX_public_sukub_csv
2025-05-15 05:00:00,55681.4,82273.775,KPX_public_sukub_csv
2025-05-15 06:00:00,58677.958333,82464.725,KPX_public_sukub_csv
2025-05-15 07:00:00,63069.866667,81958.066667,KPX_public_sukub_csv
2025-05-15 08:00:00,67714.45,82141.766667,KPX_public_sukub_csv
2025-05-15 09:00:00,69992.033333,82186.441667,KPX_public_sukub_csv
2025-05-15 10:00:00,69573.191667,82329.991667,KPX_public_sukub_csv
2025-05-15 11:00:00,67386.158333,82488.916667,KPX_public_sukub_csv
2025-05-15 12:00:00,64110.075,82708.316667,KPX_public_sukub_csv
2025-05-15 13:00:00,66197.758333,83317.508333,KPX_public_sukub_csv
2025-05-15 14:00:00,66649.491667,83281.35,KPX_public_sukub_csv
2025-05-15 15:00:00,67310.916667,83615.375,KPX_public_sukub_csv
2025-05-15 16:00:00,68579.091667,83692.666667,KPX_public_sukub_csv
2025-05-15 17:00:00,68602.558333,84806.425,KPX_public_sukub_csv
2025-05-15 18:00:00,69745.25,84676.65,KPX_public_sukub_csv
2025-05-15 19:00:00,69969.725,84329.066667,KPX_public_sukub_csv
2025-05-15 20:00:00,68422.583333,84308.933333,KPX_public_sukub_csv
2025-05-15 21:00:00,65965.358333,84238.35,KPX_public_sukub_csv
2025-05-15 22:00:00,64554.291667,84189.683333,KPX_public_sukub_csv
2025-05-15 23:00:00,62478.983333,84265.65,KPX_public_sukub_csv
2025-05-16 00:00:00,58637.125,85099.583333,KPX_public_sukub_csv
2025-05-16 01:00:00,56620.075,85025.75,KPX_public_sukub_csv
2025-05-16 02:00:00,55481.016667,84185.516667,KPX_public_sukub_csv
2025-05-16 03:00:00,54907.433333,84079.4,KPX_public_sukub_csv
2025-05-16 04:00:00,54958.1,84202.658333,KPX_public_sukub_csv
2025-05-16 05:00:00,56018.425,84109.65,KPX_public_sukub_csv
2025-05-16 06:00:00,58656.2,84113.975,KPX_public_sukub_csv
2025-05-16 07:00:00,62722.983333,84322.666667,KPX_public_sukub_csv
2025-05-16 08:00:00,67136.125,84523.633333,KPX_public_sukub_csv
2025-05-16 09:00:00,69902.558333,84409.425,KPX_public_sukub_csv
2025-05-16 10:00:00,70742.183333,84270.375,KPX_public_sukub_csv
2025-05-16 11:00:00,70112.4,84062.516667,KPX_public_sukub_csv
2025-05-16 12:00:00,68695.5,83924.916667,KPX_public_sukub_csv
2025-05-16 13:00:00,71336.575,83740.925,KPX_public_sukub_csv
2025-05-16 14:00:00,72702.391667,83657.2,KPX_public_sukub_csv
2025-05-16 15:00:00,72847.125,83358.008333,KPX_public_sukub_csv
2025-05-16 16:00:00,72619.125,83374.05,KPX_public_sukub_csv
2025-05-16 17:00:00,70882.525,84443.633333,KPX_public_sukub_csv
2025-05-16 18:00:00,70068.575,84657.991667,KPX_public_sukub_csv
2025-05-16 19:00:00,69192.391667,84986.1,KPX_public_sukub_csv
2025-05-16 20:00:00,67755.425,84898.058333,KPX_public_sukub_csv
2025-05-16 21:00:00,65632.341667,84394.133333,KPX_public_sukub_csv
2025-05-16 22:00:00,64347.258333,83872.525,KPX_public_sukub_csv
2025-05-16 23:00:00,62661.333333,83525.716667,KPX_public_sukub_csv
2025-05-17 00:00:00,58902.416667,81979.383333,KPX_public_sukub_csv
2025-05-17 01:00:00,56575.95,81814.375,KPX_public_sukub_csv
2025-05-17 02:00:00,55208.458333,81774.133333,KPX_public_sukub_csv
2025-05-17 03:00:00,54380.475,81783.583333,KPX_public_sukub_csv
2025-05-17 04:00:00,54123.508333,81886.908333,KPX_public_sukub_csv
2025-05-17 05:00:00,54144.166667,81996.366667,KPX_public_sukub_csv
2025-05-17 06:00:00,54306.25,82155.908333,KPX_public_sukub_csv
2025-05-17 07:00:00,53403.691667,82321.583333,KPX_public_sukub_csv
2025-05-17 08:00:00,52295.816667,82172.741667,KPX_public_sukub_csv
2025-05-17 09:00:00,52016.0,82317.291667,KPX_public_sukub_csv
2025-05-17 10:00:00,51804.3,82496.875,KPX_public_sukub_csv
2025-05-17 11:00:00,50378.15,82148.25,KPX_public_sukub_csv
2025-05-17 12:00:00,48104.958333,82364.141667,KPX_public_sukub_csv
2025-05-17 13:00:00,48926.366667,82375.566667,KPX_public_sukub_csv
2025-05-17 14:00:00,50362.733333,82283.158333,KPX_public_sukub_csv
2025-05-17 15:00:00,53175.041667,81630.458333,KPX_public_sukub_csv
2025-05-17 16:00:00,56509.85,80314.241667,KPX_public_sukub_csv
2025-05-17 17:00:00,58409.791667,80025.625,KPX_public_sukub_csv
2025-05-17 18:00:00,60249.616667,79823.083333,KPX_public_sukub_csv
2025-05-17 19:00:00,61167.975,79492.075,KPX_public_sukub_csv
2025-05-17 20:00:00,60816.008333,79874.583333,KPX_public_sukub_csv
2025-05-17 21:00:00,59332.891667,79988.475,KPX_public_sukub_csv
2025-05-17 22:00:00,58461.025,79826.166667,KPX_public_sukub_csv
2025-05-17 23:00:00,56771.225,79827.383333,KPX_public_sukub_csv
2025-05-18 00:00:00,53291.458333,79742.758333,KPX_public_sukub_csv
2025-05-18 01:00:00,51103.658333,79838.1,KPX_public_sukub_csv
2025-05-18 02:00:00,49733.741667,79906.808333,KPX_public_sukub_csv
2025-05-18 03:00:00,48897.625,79811.066667,KPX_public_sukub_csv
2025-05-18 04:00:00,48673.258333,79765.533333,KPX_public_sukub_csv
2025-05-18 05:00:00,48818.775,79906.45,KPX_public_sukub_csv
2025-05-18 06:00:00,48563.6,78755.033333,KPX_public_sukub_csv
2025-05-18 07:00:00,47181.1,79507.658333,KPX_public_sukub_csv
2025-05-18 08:00:00,45021.925,80606.166667,KPX_public_sukub_csv
2025-05-18 09:00:00,43503.875,81549.241667,KPX_public_sukub_csv
2025-05-18 10:00:00,42869.675,80324.933333,KPX_public_sukub_csv
2025-05-18 11:00:00,40922.016667,80224.6,KPX_public_sukub_csv
2025-05-18 12:00:00,39012.025,80745.583333,KPX_public_sukub_csv
2025-05-18 13:00:00,39578.733333,81136.966667,KPX_public_sukub_csv
2025-05-18 14:00:00,41167.325,81369.925,KPX_public_sukub_csv
2025-05-18 15:00:00,43818.625,80804.1,KPX_public_sukub_csv
2025-05-18 16:00:00,47820.616667,79502.083333,KPX_public_sukub_csv
2025-05-18 17:00:00,51961.45,79375.458333,KPX_public_sukub_csv
2025-05-18 18:00:00,55905.008333,78732.816667,KPX_public_sukub_csv
2025-05-18 19:00:00,58172.333333,78436.533333,KPX_public_sukub_csv
2025-05-18 20:00:00,58660.816667,78432.95,KPX_public_sukub_csv
2025-05-18 21:00:00,57467.975,78120.975,KPX_public_sukub_csv
2025-05-18 22:00:00,55838.458333,77787.558333,KPX_public_sukub_csv
2025-05-18 23:00:00,53881.941667,77618.741667,KPX_public_sukub_csv
2025-05-19 00:00:00,50955.525,75951.133333,KPX_public_sukub_csv
2025-05-19 01:00:00,49023.45,75774.875,KPX_public_sukub_csv
2025-05-19 02:00:00,48063.083333,77278.483333,KPX_public_sukub_csv
2025-05-19 03:00:00,47850.158333,78487.616667,KPX_public_sukub_csv
2025-05-19 04:00:00,48274.516667,78328.175,KPX_public_sukub_csv
2025-05-19 05:00:00,49658.341667,78204.733333,KPX_public_sukub_csv
2025-05-19 06:00:00,52057.066667,79029.141667,KPX_public_sukub_csv
2025-05-19 07:00:00,55006.65,79637.566667,KPX_public_sukub_csv
2025-05-19 08:00:00,57661.283333,79610.491667,KPX_public_sukub_csv
2025-05-19 09:00:00,59263.116667,80218.541667,KPX_public_sukub_csv
2025-05-19 10:00:00,59438.066667,80940.358333,KPX_public_sukub_csv
2025-05-19 11:00:00,58790.025,81204.2,KPX_public_sukub_csv
2025-05-19 12:00:00,56781.7,81381.375,KPX_public_sukub_csv
2025-05-19 13:00:00,60221.991667,81314.216667,KPX_public_sukub_csv
2025-05-19 14:00:00,61918.7,82097.116667,KPX_public_sukub_csv
2025-05-19 15:00:00,63445.666667,81791.916667,KPX_public_sukub_csv
2025-05-19 16:00:00,65798.983333,80928.508333,KPX_public_sukub_csv
2025-05-19 17:00:00,66612.325,80125.441667,KPX_public_sukub_csv
2025-05-19 18:00:00,68069.066667,80019.725,KPX_public_sukub_csv
2025-05-19 19:00:00,68405.616667,79290.408333,KPX_public_sukub_csv
2025-05-19 20:00:00,67260.772727,79546.354545,KPX_public_sukub_csv
2025-05-19 21:00:00,65097.641667,79359.0,KPX_public_sukub_csv
2025-05-19 22:00:00,63567.841667,78750.283333,KPX_public_sukub_csv
2025-05-19 23:00:00,61548.0,78436.758333,KPX_public_sukub_csv
2025-05-20 00:00:00,57870.783333,78217.533333,KPX_public_sukub_csv
2025-05-20 01:00:00,55914.633333,77983.875,KPX_public_sukub_csv
2025-05-20 02:00:00,54836.216667,77804.891667,KPX_public_sukub_csv
2025-05-20 03:00:00,54113.725,77716.85,KPX_public_sukub_csv
2025-05-20 04:00:00,54324.416667,77681.883333,KPX_public_sukub_csv
2025-05-20 05:00:00,55098.783333,78694.133333,KPX_public_sukub_csv
2025-05-20 06:00:00,57666.475,79025.5,KPX_public_sukub_csv
2025-05-20 07:00:00,60801.016667,79694.925,KPX_public_sukub_csv
2025-05-20 08:00:00,64165.933333,80463.491667,KPX_public_sukub_csv
2025-05-20 09:00:00,65537.666667,81094.916667,KPX_public_sukub_csv
2025-05-20 10:00:00,64720.716667,81469.391667,KPX_public_sukub_csv
2025-05-20 11:00:00,62941.191667,82282.475,KPX_public_sukub_csv
2025-05-20 12:00:00,60165.241667,82492.55,KPX_public_sukub_csv
2025-05-20 13:00:00,63240.058333,82523.341667,KPX_public_sukub_csv
2025-05-20 14:00:00,65515.433333,82660.45,KPX_public_sukub_csv
2025-05-20 15:00:00,67654.908333,82263.166667,KPX_public_sukub_csv
2025-05-20 16:00:00,70346.166667,82537.408333,KPX_public_sukub_csv
2025-05-20 17:00:00,71477.083333,82259.45,KPX_public_sukub_csv
2025-05-20 18:00:00,72635.016667,82717.383333,KPX_public_sukub_csv
2025-05-20 19:00:00,72972.258333,83009.966667,KPX_public_sukub_csv
2025-05-20 20:00:00,71336.025,82195.35,KPX_public_sukub_csv
2025-05-20 21:00:00,68347.025,81917.05,KPX_public_sukub_csv
2025-05-20 22:00:00,66372.641667,82063.808333,KPX_public_sukub_csv
2025-05-20 23:00:00,63644.633333,81008.533333,KPX_public_sukub_csv
2025-05-21 00:00:00,59484.05,79329.933333,KPX_public_sukub_csv
2025-05-21 01:00:00,57399.483333,79192.216667,KPX_public_sukub_csv
2025-05-21 02:00:00,56219.683333,79945.516667,KPX_public_sukub_csv
2025-05-21 03:00:00,55611.008333,81208.925,KPX_public_sukub_csv
2025-05-21 04:00:00,55653.358333,81131.225,KPX_public_sukub_csv
2025-05-21 05:00:00,56344.808333,81132.933333,KPX_public_sukub_csv
2025-05-21 06:00:00,58385.275,81869.133333,KPX_public_sukub_csv
2025-05-21 07:00:00,60997.791667,82671.508333,KPX_public_sukub_csv
2025-05-21 08:00:00,64037.833333,82920.525,KPX_public_sukub_csv
2025-05-21 09:00:00,65995.908333,83771.308333,KPX_public_sukub_csv
2025-05-21 10:00:00,67458.516667,84236.375,KPX_public_sukub_csv
2025-05-21 11:00:00,67935.966667,84016.741667,KPX_public_sukub_csv
2025-05-21 12:00:00,67179.725,83485.641667,KPX_public_sukub_csv
2025-05-21 13:00:00,71184.441667,83512.325,KPX_public_sukub_csv
2025-05-21 14:00:00,72657.308333,83503.883333,KPX_public_sukub_csv
2025-05-21 15:00:00,73303.672727,83250.890909,KPX_public_sukub_csv
2025-05-21 16:00:00,74270.133333,82634.5,KPX_public_sukub_csv
2025-05-21 17:00:00,73598.125,83272.766667,KPX_public_sukub_csv
2025-05-21 18:00:00,73604.575,83261.375,KPX_public_sukub_csv
2025-05-21 19:00:00,73689.375,82945.708333,KPX_public_sukub_csv
2025-05-21 20:00:00,71791.866667,83075.65,KPX_public_sukub_csv
2025-05-21 21:00:00,68842.708333,83139.758333,KPX_public_sukub_csv
2025-05-21 22:00:00,66790.175,83168.325,KPX_public_sukub_csv
2025-05-21 23:00:00,64097.941667,83350.058333,KPX_public_sukub_csv
2025-05-22 00:00:00,59878.016667,82066.341667,KPX_public_sukub_csv
2025-05-22 01:00:00,57593.958333,81755.775,KPX_public_sukub_csv
2025-05-22 02:00:00,56120.65,81769.35,KPX_public_sukub_csv
2025-05-22 03:00:00,55379.691667,81883.641667,KPX_public_sukub_csv
2025-05-22 04:00:00,55376.091667,81885.275,KPX_public_sukub_csv
2025-05-22 05:00:00,56122.725,81952.916667,KPX_public_sukub_csv
2025-05-22 06:00:00,58556.966667,82135.1,KPX_public_sukub_csv
2025-05-22 07:00:00,62111.991667,82721.858333,KPX_public_sukub_csv
2025-05-22 08:00:00,66068.95,82860.325,KPX_public_sukub_csv
2025-05-22 09:00:00,68206.766667,83602.216667,KPX_public_sukub_csv
2025-05-22 10:00:00,69078.525,83929.408333,KPX_public_sukub_csv
2025-05-22 11:00:00,68434.516667,84494.841667,KPX_public_sukub_csv
2025-05-22 12:00:00,65289.158333,84460.016667,KPX_public_sukub_csv
2025-05-22 13:00:00,67790.016667,84102.4,KPX_public_sukub_csv
2025-05-22 14:00:00,69215.358333,84086.925,KPX_public_sukub_csv
2025-05-22 15:00:00,69886.916667,83764.991667,KPX_public_sukub_csv
2025-05-22 16:00:00,71394.108333,83431.183333,KPX_public_sukub_csv
2025-05-22 17:00:00,71215.866667,84004.833333,KPX_public_sukub_csv
2025-05-22 18:00:00,71639.041667,83738.241667,KPX_public_sukub_csv
2025-05-22 19:00:00,71433.2,83421.483333,KPX_public_sukub_csv
2025-05-22 20:00:00,69835.316667,83309.541667,KPX_public_sukub_csv
2025-05-22 21:00:00,66930.058333,83246.15,KPX_public_sukub_csv
2025-05-22 22:00:00,65053.625,83378.025,KPX_public_sukub_csv
2025-05-22 23:00:00,62909.354545,83475.627273,KPX_public_sukub_csv
2025-05-23 00:00:00,58726.075,82589.383333,KPX_public_sukub_csv
2025-05-23 01:00:00,56481.616667,82403.616667,KPX_public_sukub_csv
2025-05-23 02:00:00,55171.166667,82288.183333,KPX_public_sukub_csv
2025-05-23 03:00:00,54396.116667,82374.675,KPX_public_sukub_csv
2025-05-23 04:00:00,54322.35,82360.516667,KPX_public_sukub_csv
2025-05-23 05:00:00,54901.05,82419.341667,KPX_public_sukub_csv
2025-05-23 06:00:00,56789.316667,82712.416667,KPX_public_sukub_csv
2025-05-23 07:00:00,59639.15,83280.616667,KPX_public_sukub_csv
2025-05-23 08:00:00,63201.208333,82919.95,KPX_public_sukub_csv
2025-05-23 09:00:00,65341.0,83613.65,KPX_public_sukub_csv
2025-05-23 10:00:00,65044.491667,84339.316667,KPX_public_sukub_csv
2025-05-23 11:00:00,63152.141667,85450.091667,KPX_public_sukub_csv
2025-05-23 12:00:00,60163.333333,85820.075,KPX_public_sukub_csv
2025-05-23 13:00:00,62129.563636,85740.454545,KPX_public_sukub_csv
2025-05-23 14:00:00,65128.725,85462.283333,KPX_public_sukub_csv
2025-05-23 15:00:00,66216.725,84571.341667,KPX_public_sukub_csv
2025-05-23 16:00:00,67219.441667,83680.15,KPX_public_sukub_csv
2025-05-23 17:00:00,66884.191667,84047.366667,KPX_public_sukub_csv
2025-05-23 18:00:00,67058.5,84731.841667,KPX_public_sukub_csv
2025-05-23 19:00:00,67252.975,85113.575,KPX_public_sukub_csv
2025-05-23 20:00:00,66088.208333,84857.258333,KPX_public_sukub_csv
2025-05-23 21:00:00,63955.15,84514.808333,KPX_public_sukub_csv
2025-05-23 22:00:00,62394.333333,83746.583333,KPX_public_sukub_csv
2025-05-23 23:00:00,60350.009091,83501.245455,KPX_public_sukub_csv
2025-05-24 00:00:00,56595.108333,79955.058333,KPX_public_sukub_csv
2025-05-24 01:00:00,54334.125,79891.441667,KPX_public_sukub_csv
2025-05-24 02:00:00,52925.125,79486.816667,KPX_public_sukub_csv
2025-05-24 03:00:00,52111.933333,79303.691667,KPX_public_sukub_csv
2025-05-24 04:00:00,51925.625,79366.108333,KPX_public_sukub_csv
2025-05-24 05:00:00,52095.816667,79361.725,KPX_public_sukub_csv
2025-05-24 06:00:00,53060.983333,79121.775,KPX_public_sukub_csv
2025-05-24 07:00:00,54058.45,78446.566667,KPX_public_sukub_csv
2025-05-24 08:00:00,54947.85,78224.616667,KPX_public_sukub_csv
2025-05-24 09:00:00,55449.781818,78898.354545,KPX_public_sukub_csv
2025-05-24 10:00:00,55931.708333,78348.908333,KPX_public_sukub_csv
2025-05-24 11:00:00,55551.966667,78124.633333,KPX_public_sukub_csv
2025-05-24 12:00:00,53939.95,77967.441667,KPX_public_sukub_csv
2025-05-24 13:00:00,54976.441667,77912.941667,KPX_public_sukub_csv
2025-05-24 14:00:00,55444.025,77991.841667,KPX_public_sukub_csv
2025-05-24 15:00:00,55367.408333,77939.6,KPX_public_sukub_csv
2025-05-24 16:00:00,55850.166667,77338.141667,KPX_public_sukub_csv
2025-05-24 17:00:00,56255.2,77992.116667,KPX_public_sukub_csv
2025-05-24 18:00:00,57590.463636,78283.390909,KPX_public_sukub_csv
2025-05-24 19:00:00,58818.391667,77825.2,KPX_public_sukub_csv
2025-05-24 20:00:00,58884.875,77439.433333,KPX_public_sukub_csv
2025-05-24 21:00:00,57452.208333,77398.216667,KPX_public_sukub_csv
2025-05-24 22:00:00,56606.158333,77447.533333,KPX_public_sukub_csv
2025-05-24 23:00:00,55194.925,76605.616667,KPX_public_sukub_csv
2025-05-25 00:00:00,51924.341667,77368.008333,KPX_public_sukub_csv
2025-05-25 01:00:00,49777.658333,77427.075,KPX_public_sukub_csv
2025-05-25 02:00:00,48544.891667,78239.05,KPX_public_sukub_csv
2025-05-25 03:00:00,47777.408333,76964.425,KPX_public_sukub_csv
2025-05-25 04:00:00,47715.041667,76851.45,KPX_public_sukub_csv
2025-05-25 05:00:00,47815.866667,76206.816667,KPX_public_sukub_csv
2025-05-25 06:00:00,47634.616667,75490.05,KPX_public_sukub_csv
2025-05-25 07:00:00,45499.266667,75430.891667,KPX_public_sukub_csv
2025-05-25 08:00:00,42691.283333,74957.433333,KPX_public_sukub_csv
2025-05-25 09:00:00,40940.083333,73900.291667,KPX_public_sukub_csv
2025-05-25 10:00:00,39919.466667,73687.783333,KPX_public_sukub_csv
2025-05-25 11:00:00,39041.783333,73509.125,KPX_public_sukub_csv
2025-05-25 12:00:00,39057.133333,73763.8,KPX_public_sukub_csv
2025-05-25 13:00:00,39960.425,74017.833333,KPX_public_sukub_csv
2025-05-25 14:00:00,41189.708333,74494.641667,KPX_public_sukub_csv
2025-05-25 15:00:00,43812.4,79902.483333,KPX_public_sukub_csv
2025-05-25 16:00:00,47505.2,79285.666667,KPX_public_sukub_csv
2025-05-25 17:00:00,51744.333333,79233.508333,KPX_public_sukub_csv
2025-05-25 18:00:00,55609.325,78780.466667,KPX_public_sukub_csv
2025-05-25 19:00:00,57740.5,79288.833333,KPX_public_sukub_csv
2025-05-25 20:00:00,58404.491667,79312.066667,KPX_public_sukub_csv
2025-05-25 21:00:00,57213.433333,79138.941667,KPX_public_sukub_csv
2025-05-25 22:00:00,55596.775,78948.491667,KPX_public_sukub_csv
2025-05-25 23:00:00,53644.38,78018.32,KPX_public_sukub_csv
2025-05-26 00:00:00,50800.375,78422.808333,KPX_public_sukub_csv
2025-05-26 01:00:00,48832.4,78615.966667,KPX_public_sukub_csv
2025-05-26 02:00:00,47942.741667,78672.25,KPX_public_sukub_csv
2025-05-26 03:00:00,47539.583333,76884.991667,KPX_public_sukub_csv
2025-05-26 04:00:00,47957.125,77228.283333,KPX_public_sukub_csv
2025-05-26 05:00:00,49165.341667,77138.008333,KPX_public_sukub_csv
2025-05-26 06:00:00,51455.416667,76641.508333,KPX_public_sukub_csv
2025-05-26 07:00:00,54225.4,76690.758333,KPX_public_sukub_csv
2025-05-26 08:00:00,56765.4,76054.991667,KPX_public_sukub_csv
2025-05-26 09:00:00,57271.075,75703.208333,KPX_public_sukub_csv
2025-05-26 10:00:00,56563.633333,77396.308333,KPX_public_sukub_csv
2025-05-26 11:00:00,55043.991667,80500.266667,KPX_public_sukub_csv
2025-05-26 12:00:00,52782.691667,80755.15,KPX_public_sukub_csv
2025-05-26 13:00:00,56211.1,81932.841667,KPX_public_sukub_csv
2025-05-26 14:00:00,58474.666667,82944.4,KPX_public_sukub_csv
2025-05-26 15:00:00,60795.683333,83139.875,KPX_public_sukub_csv
2025-05-26 16:00:00,63963.375,82445.958333,KPX_public_sukub_csv
2025-05-26 17:00:00,65713.058333,83012.466667,KPX_public_sukub_csv
2025-05-26 18:00:00,67597.84,82322.34,KPX_public_sukub_csv
2025-05-26 19:00:00,68058.781818,81950.763636,KPX_public_sukub_csv
2025-05-26 20:00:00,66735.925,82062.3,KPX_public_sukub_csv
2025-05-26 21:00:00,64686.65,82020.916667,KPX_public_sukub_csv
2025-05-26 22:00:00,62897.65,80905.133333,KPX_public_sukub_csv
2025-05-26 23:00:00,60799.754545,80675.409091,KPX_public_sukub_csv
2025-05-27 00:00:00,56788.233333,75730.158333,KPX_public_sukub_csv
2025-05-27 01:00:00,54868.416667,75467.483333,KPX_public_sukub_csv
2025-05-27 02:00:00,53745.808333,79761.45,KPX_public_sukub_csv
2025-05-27 03:00:00,53150.608333,80325.208333,KPX_public_sukub_csv
2025-05-27 04:00:00,53142.108333,79315.591667,KPX_public_sukub_csv
2025-05-27 05:00:00,53784.533333,79091.558333,KPX_public_sukub_csv
2025-05-27 06:00:00,55473.191667,79802.4,KPX_public_sukub_csv
2025-05-27 07:00:00,57178.441667,80817.45,KPX_public_sukub_csv
2025-05-27 08:00:00,58719.95,81076.066667,KPX_public_sukub_csv
2025-05-27 09:00:00,58967.0,81948.975,KPX_public_sukub_csv
2025-05-27 10:00:00,58091.183333,82272.35,KPX_public_sukub_csv
2025-05-27 11:00:00,56375.058333,82111.241667,KPX_public_sukub_csv
2025-05-27 12:00:00,54208.166667,82107.45,KPX_public_sukub_csv
2025-05-27 13:00:00,57851.0,82101.216667,KPX_public_sukub_csv
2025-05-27 14:00:00,60553.966667,82177.933333,KPX_public_sukub_csv
2025-05-27 15:00:00,62712.45,82885.583333,KPX_public_sukub_csv
2025-05-27 16:00:00,65905.958333,83945.375,KPX_public_sukub_csv
2025-05-27 17:00:00,67252.95,84087.791667,KPX_public_sukub_csv
2025-05-27 18:00:00,68959.108333,83611.7,KPX_public_sukub_csv
2025-05-27 19:00:00,69448.233333,83225.15,KPX_public_sukub_csv
2025-05-27 20:00:00,68150.633333,83441.266667,KPX_public_sukub_csv
2025-05-27 21:00:00,65631.758333,83290.741667,KPX_public_sukub_csv
2025-05-27 22:00:00,63897.483333,83002.091667,KPX_public_sukub_csv
2025-05-27 23:00:00,61363.166667,83012.7,KPX_public_sukub_csv
2025-05-28 00:00:00,57595.258333,82742.133333,KPX_public_sukub_csv
2025-05-28 01:00:00,55517.358333,82805.15,KPX_public_sukub_csv
2025-05-28 02:00:00,54417.316667,83335.758333,KPX_public_sukub_csv
2025-05-28 03:00:00,53660.983333,82980.416667,KPX_public_sukub_csv
2025-05-28 04:00:00,53666.608333,82099.058333,KPX_public_sukub_csv
2025-05-28 05:00:00,54274.5,82110.041667,KPX_public_sukub_csv
2025-05-28 06:00:00,55884.458333,82834.008333,KPX_public_sukub_csv
2025-05-28 07:00:00,58103.383333,83385.233333,KPX_public_sukub_csv
2025-05-28 08:00:00,60016.0,83574.216667,KPX_public_sukub_csv
2025-05-28 09:00:00,60501.65,85001.558333,KPX_public_sukub_csv
2025-05-28 10:00:00,59632.341667,85501.733333,KPX_public_sukub_csv
2025-05-28 11:00:00,58102.6,85255.383333,KPX_public_sukub_csv
2025-05-28 12:00:00,55859.666667,85185.716667,KPX_public_sukub_csv
2025-05-28 13:00:00,59636.916667,84697.208333,KPX_public_sukub_csv
2025-05-28 14:00:00,62453.816667,84438.275,KPX_public_sukub_csv
2025-05-28 15:00:00,64595.7,84677.091667,KPX_public_sukub_csv
2025-05-28 16:00:00,66927.208333,84834.9,KPX_public_sukub_csv
2025-05-28 17:00:00,67402.208333,85317.158333,KPX_public_sukub_csv
2025-05-28 18:00:00,68274.666667,84657.133333,KPX_public_sukub_csv
2025-05-28 19:00:00,68617.058333,84153.225,KPX_public_sukub_csv
2025-05-28 20:00:00,67580.541667,84023.775,KPX_public_sukub_csv
2025-05-28 21:00:00,65172.808333,83783.366667,KPX_public_sukub_csv
2025-05-28 22:00:00,63460.066667,83234.911111,KPX_public_sukub_csv
2025-05-28 23:00:00,61042.625,83143.966667,KPX_public_sukub_csv
2025-05-29 00:00:00,57195.283333,82919.683333,KPX_public_sukub_csv
2025-05-29 01:00:00,55160.433333,82936.441667,KPX_public_sukub_csv
2025-05-29 02:00:00,53948.891667,82874.608333,KPX_public_sukub_csv
2025-05-29 03:00:00,53166.4,82581.625,KPX_public_sukub_csv
2025-05-29 04:00:00,53420.75,82197.608333,KPX_public_sukub_csv
2025-05-29 05:00:00,54084.4,82201.691667,KPX_public_sukub_csv
2025-05-29 06:00:00,55887.25,82500.675,KPX_public_sukub_csv
2025-05-29 07:00:00,58186.933333,82990.758333,KPX_public_sukub_csv
2025-05-29 08:00:00,60095.433333,83252.675,KPX_public_sukub_csv
2025-05-29 09:00:00,60218.133333,84345.525,KPX_public_sukub_csv
2025-05-29 10:00:00,59061.575,84927.733333,KPX_public_sukub_csv
2025-05-29 11:00:00,57636.516667,85189.158333,KPX_public_sukub_csv
2025-05-29 12:00:00,55515.758333,85358.916667,KPX_public_sukub_csv
2025-05-29 13:00:00,59201.675,85382.083333,KPX_public_sukub_csv
2025-05-29 14:00:00,62090.966667,85529.275,KPX_public_sukub_csv
2025-05-29 15:00:00,64672.866667,85738.358333,KPX_public_sukub_csv
2025-05-29 16:00:00,67504.858333,86060.983333,KPX_public_sukub_csv
2025-05-29 17:00:00,68199.816667,86238.641667,KPX_public_sukub_csv
2025-05-29 18:00:00,69134.160833,85736.029167,KPX_public_sukub_csv
2025-05-29 19:00:00,69298.3215,85452.841,KPX_public_sukub_csv
2025-05-29 20:00:00,67642.624167,85307.251417,KPX_public_sukub_csv
2025-05-29 21:00:00,65449.017429,85054.304286,KPX_public_sukub_csv
2025-05-29 22:00:00,64161.662667,85154.896667,KPX_public_sukub_csv
2025-05-29 23:00:00,60719.939182,85064.478636,KPX_public_sukub_csv
2025-05-30 00:00:00,57011.108333,84268.45,KPX_public_sukub_csv
2025-05-30 01:00:00,55022.158333,84279.616667,KPX_public_sukub_csv
2025-05-30 02:00:00,53848.925,84378.008333,KPX_public_sukub_csv
2025-05-30 03:00:00,53045.358333,83949.716667,KPX_public_sukub_csv
2025-05-30 04:00:00,52876.816667,83671.133333,KPX_public_sukub_csv
2025-05-30 05:00:00,53670.1,83717.483333,KPX_public_sukub_csv
2025-05-30 06:00:00,55222.041667,84070.225,KPX_public_sukub_csv
2025-05-30 07:00:00,57120.75,85047.225,KPX_public_sukub_csv
2025-05-30 08:00:00,59006.666667,85321.083333,KPX_public_sukub_csv
2025-05-30 09:00:00,59132.425,86487.558333,KPX_public_sukub_csv
2025-05-30 10:00:00,58171.725,86798.383333,KPX_public_sukub_csv
2025-05-30 11:00:00,56470.808333,85577.341667,KPX_public_sukub_csv
2025-05-30 12:00:00,54245.875,85814.658333,KPX_public_sukub_csv
2025-05-30 13:00:00,57407.883333,85884.091667,KPX_public_sukub_csv
2025-05-30 14:00:00,59740.066667,85994.866667,KPX_public_sukub_csv
2025-05-30 15:00:00,61888.291667,86262.216667,KPX_public_sukub_csv
2025-05-30 16:00:00,64519.191667,85240.366667,KPX_public_sukub_csv
2025-05-30 17:00:00,65561.208333,85473.208333,KPX_public_sukub_csv
2025-05-30 18:00:00,66694.991667,84819.733333,KPX_public_sukub_csv
2025-05-30 19:00:00,67191.025,84403.1,KPX_public_sukub_csv
2025-05-30 20:00:00,66244.625,84358.458333,KPX_public_sukub_csv
2025-05-30 21:00:00,64145.291667,84613.725,KPX_public_sukub_csv
2025-05-30 22:00:00,62378.658333,84434.866667,KPX_public_sukub_csv
2025-05-30 23:00:00,60292.908333,83834.358333,KPX_public_sukub_csv
2025-05-31 00:00:00,56493.25,81610.575,KPX_public_sukub_csv
2025-05-31 01:00:00,54266.666667,81405.3,KPX_public_sukub_csv
2025-05-31 02:00:00,52868.408333,81674.85,KPX_public_sukub_csv
2025-05-31 03:00:00,51991.05,81436.875,KPX_public_sukub_csv
2025-05-31 04:00:00,51671.241667,81179.591667,KPX_public_sukub_csv
2025-05-31 05:00:00,51488.666667,81299.541667,KPX_public_sukub_csv
2025-05-31 06:00:00,51000.45,82320.958333,KPX_public_sukub_csv
2025-05-31 07:00:00,49652.125,83229.758333,KPX_public_sukub_csv
2025-05-31 08:00:00,48445.583333,82291.466667,KPX_public_sukub_csv
2025-05-31 09:00:00,48450.891667,81838.366667,KPX_public_sukub_csv
2025-05-31 10:00:00,48802.466667,80563.291667,KPX_public_sukub_csv
2025-05-31 11:00:00,48545.9,79539.916667,KPX_public_sukub_csv
2025-05-31 12:00:00,47780.325,79645.725,KPX_public_sukub_csv
2025-05-31 13:00:00,49152.475,79471.416667,KPX_public_sukub_csv
2025-05-31 14:00:00,50325.7,78757.975,KPX_public_sukub_csv
2025-05-31 15:00:00,52005.725,78552.133333,KPX_public_sukub_csv
2025-05-31 16:00:00,53953.891667,78185.5,KPX_public_sukub_csv
2025-05-31 17:00:00,55807.266667,78209.725,KPX_public_sukub_csv
2025-05-31 18:00:00,58078.45,77857.3,KPX_public_sukub_csv
2025-05-31 19:00:00,59597.183333,77582.183333,KPX_public_sukub_csv
2025-05-31 20:00:00,59831.133333,77431.05,KPX_public_sukub_csv
2025-05-31 21:00:00,58452.816667,77136.175,KPX_public_sukub_csv
2025-05-31 22:00:00,57276.090909,76904.509091,KPX_public_sukub_csv
2025-05-31 23:00:00,55501.67,76969.41,KPX_public_sukub_csv
2025-06-01 00:00:00,52415.541667,76813.4,KPX_public_sukub_csv
2025-06-01 01:00:00,50137.975,76313.791667,KPX_public_sukub_csv
2025-06-01 02:00:00,48925.027273,76410.127273,KPX_public_sukub_csv
2025-06-01 03:00:00,48158.85,76492.241667,KPX_public_sukub_csv
2025-06-01 04:00:00,47975.183333,76099.058333,KPX_public_sukub_csv
2025-06-01 05:00:00,47987.966667,76101.383333,KPX_public_sukub_csv
2025-06-01 06:00:00,47702.433333,76626.841667,KPX_public_sukub_csv
2025-06-01 07:00:00,46140.133333,77641.525,KPX_public_sukub_csv
2025-06-01 08:00:00,43768.225,78107.341667,KPX_public_sukub_csv
2025-06-01 09:00:00,42568.058333,79255.583333,KPX_public_sukub_csv
2025-06-01 10:00:00,42344.733333,79397.0,KPX_public_sukub_csv
2025-06-01 11:00:00,41714.708333,78628.5,KPX_public_sukub_csv
2025-06-01 12:00:00,41930.333333,78639.658333,KPX_public_sukub_csv
2025-06-01 13:00:00,43327.366667,79283.308333,KPX_public_sukub_csv
2025-06-01 14:00:00,45296.316667,79642.625,KPX_public_sukub_csv
2025-06-01 15:00:00,48260.983333,79934.008333,KPX_public_sukub_csv
2025-06-01 16:00:00,51753.1,82156.433333,KPX_public_sukub_csv
2025-06-01 17:00:00,55558.883333,78742.841667,KPX_public_sukub_csv
2025-06-01 18:00:00,58347.225,78110.766667,KPX_public_sukub_csv
2025-06-01 19:00:00,60037.766667,77855.775,KPX_public_sukub_csv
2025-06-01 20:00:00,60335.291667,77961.858333,KPX_public_sukub_csv
2025-06-01 21:00:00,58687.65,77856.883333,KPX_public_sukub_csv
2025-06-01 22:00:00,56802.691667,77540.808333,KPX_public_sukub_csv
2025-06-01 23:00:00,54500.841667,77355.05,KPX_public_sukub_csv
2025-06-02 00:00:00,51591.241667,80819.741667,KPX_public_sukub_csv
2025-06-02 01:00:00,49751.875,81149.3,KPX_public_sukub_csv
2025-06-02 02:00:00,48739.5,81723.5,KPX_public_sukub_csv
2025-06-02 03:00:00,48395.458333,81546.508333,KPX_public_sukub_csv
2025-06-02 04:00:00,48657.641667,81584.366667,KPX_public_sukub_csv
2025-06-02 05:00:00,49885.166667,82677.908333,KPX_public_sukub_csv
2025-06-02 06:00:00,53206.583333,83381.916667,KPX_public_sukub_csv
2025-06-02 07:00:00,58232.058333,83788.2,KPX_public_sukub_csv
2025-06-02 08:00:00,63392.891667,83427.475,KPX_public_sukub_csv
2025-06-02 09:00:00,66994.758333,83289.925,KPX_public_sukub_csv
2025-06-02 10:00:00,67380.1,83650.366667,KPX_public_sukub_csv
2025-06-02 11:00:00,66117.466667,83726.35,KPX_public_sukub_csv
2025-06-02 12:00:00,63389.936364,83955.845455,KPX_public_sukub_csv
2025-06-02 13:00:00,66589.883333,83821.058333,KPX_public_sukub_csv
2025-06-02 14:00:00,67310.1,83532.933333,KPX_public_sukub_csv
2025-06-02 15:00:00,68311.283333,82911.625,KPX_public_sukub_csv
2025-06-02 16:00:00,69231.133333,82962.508333,KPX_public_sukub_csv
2025-06-02 17:00:00,68402.083333,83685.441667,KPX_public_sukub_csv
2025-06-02 18:00:00,67811.95,83209.558333,KPX_public_sukub_csv
2025-06-02 19:00:00,67309.258333,82820.758333,KPX_public_sukub_csv
2025-06-02 20:00:00,65785.891667,82949.108333,KPX_public_sukub_csv
2025-06-02 21:00:00,63578.45,83195.191667,KPX_public_sukub_csv
2025-06-02 22:00:00,62503.1,83245.291667,KPX_public_sukub_csv
2025-06-02 23:00:00,60556.416667,83008.033333,KPX_public_sukub_csv
2025-06-03 00:00:00,56937.654545,82467.8,KPX_public_sukub_csv
2025-06-03 01:00:00,54714.733333,82575.625,KPX_public_sukub_csv
2025-06-03 02:00:00,53466.108333,82314.441667,KPX_public_sukub_csv
2025-06-03 03:00:00,52503.308333,81925.841667,KPX_public_sukub_csv
2025-06-03 04:00:00,52471.008333,82128.6,KPX_public_sukub_csv
2025-06-03 05:00:00,52637.866667,82439.416667,KPX_public_sukub_csv
2025-06-03 06:00:00,52869.625,82675.533333,KPX_public_sukub_csv
2025-06-03 07:00:00,51965.383333,83479.858333,KPX_public_sukub_csv
2025-06-03 08:00:00,50317.091667,83705.816667,KPX_public_sukub_csv
2025-06-03 09:00:00,49545.95,83790.525,KPX_public_sukub_csv
2025-06-03 10:00:00,49290.866667,84179.425,KPX_public_sukub_csv
2025-06-03 11:00:00,48024.458333,83406.45,KPX_public_sukub_csv
2025-06-03 12:00:00,46939.058333,83796.908333,KPX_public_sukub_csv
2025-06-03 13:00:00,48318.333333,84161.116667,KPX_public_sukub_csv
2025-06-03 14:00:00,49868.858333,83950.683333,KPX_public_sukub_csv
2025-06-03 15:00:00,51868.541667,84185.475,KPX_public_sukub_csv
2025-06-03 16:00:00,54294.716667,83958.675,KPX_public_sukub_csv
2025-06-03 17:00:00,57256.527273,83347.009091,KPX_public_sukub_csv
2025-06-03 18:00:00,60725.758333,82768.95,KPX_public_sukub_csv
2025-06-03 19:00:00,61980.3,81813.741667,KPX_public_sukub_csv
2025-06-03 20:00:00,62203.1,81811.941667,KPX_public_sukub_csv
2025-06-03 21:00:00,60441.875,81608.483333,KPX_public_sukub_csv
2025-06-03 22:00:00,59646.45,81346.533333,KPX_public_sukub_csv
2025-06-03 23:00:00,57643.666667,81269.391667,KPX_public_sukub_csv
2025-06-04 00:00:00,54382.658333,80855.958333,KPX_public_sukub_csv
2025-06-04 01:00:00,52511.458333,80363.15,KPX_public_sukub_csv
2025-06-04 02:00:00,51364.9,80276.763636,KPX_public_sukub_csv
2025-06-04 03:00:00,50607.925,80306.658333,KPX_public_sukub_csv
2025-06-04 04:00:00,50780.408333,81355.641667,KPX_public_sukub_csv
2025-06-04 05:00:00,51559.25,81408.708333,KPX_public_sukub_csv
2025-06-04 06:00:00,53611.154545,81861.927273,KPX_public_sukub_csv
2025-06-04 07:00:00,55470.658333,83103.783333,KPX_public_sukub_csv
2025-06-04 08:00:00,57411.525,83625.808333,KPX_public_sukub_csv
2025-06-04 09:00:00,58061.409091,84401.018182,KPX_public_sukub_csv
2025-06-04 10:00:00,57413.354545,85263.390909,KPX_public_sukub_csv
2025-06-04 11:00:00,55757.816667,85752.5,KPX_public_sukub_csv
2025-06-04 12:00:00,53811.625,85842.158333,KPX_public_sukub_csv
2025-06-04 13:00:00,56989.191667,85474.033333,KPX_public_sukub_csv
2025-06-04 14:00:00,59041.058333,86282.625,KPX_public_sukub_csv
2025-06-04 15:00:00,60698.508333,84495.925,KPX_public_sukub_csv
2025-06-04 16:00:00,63807.966667,83876.825,KPX_public_sukub_csv
2025-06-04 17:00:00,65834.241667,83756.716667,KPX_public_sukub_csv
2025-06-04 18:00:00,67870.258333,83321.533333,KPX_public_sukub_csv
2025-06-04 19:00:00,68186.633333,82910.883333,KPX_public_sukub_csv
2025-06-04 20:00:00,67039.975,82416.783333,KPX_public_sukub_csv
2025-06-04 21:00:00,64511.408333,81513.158333,KPX_public_sukub_csv
2025-06-04 22:00:00,63143.408333,81296.958333,KPX_public_sukub_csv
2025-06-04 23:00:00,60776.1,81349.866667,KPX_public_sukub_csv
2025-06-05 00:00:00,56928.925,80914.725,KPX_public_sukub_csv
2025-06-05 01:00:00,54933.5,80747.416667,KPX_public_sukub_csv
2025-06-05 02:00:00,53803.375,81342.058333,KPX_public_sukub_csv
2025-06-05 03:00:00,53261.591667,81507.466667,KPX_public_sukub_csv
2025-06-05 04:00:00,53279.958333,81738.25,KPX_public_sukub_csv
2025-06-05 05:00:00,53951.458333,81583.425,KPX_public_sukub_csv
2025-06-05 06:00:00,55365.625,81784.758333,KPX_public_sukub_csv
2025-06-05 07:00:00,56567.641667,82861.733333,KPX_public_sukub_csv
2025-06-05 08:00:00,57909.145455,83814.736364,KPX_public_sukub_csv
2025-06-05 09:00:00,58277.325,85358.983333,KPX_public_sukub_csv
2025-06-05 10:00:00,57615.5,85923.691667,KPX_public_sukub_csv
2025-06-05 11:00:00,55836.033333,87483.15,KPX_public_sukub_csv
2025-06-05 12:00:00,53863.533333,87651.458333,KPX_public_sukub_csv
2025-06-05 13:00:00,57492.875,87569.95,KPX_public_sukub_csv
2025-06-05 14:00:00,60623.191667,87499.933333,KPX_public_sukub_csv
2025-06-05 15:00:00,63213.25,86876.775,KPX_public_sukub_csv
2025-06-05 16:00:00,66087.241667,85788.291667,KPX_public_sukub_csv
2025-06-05 17:00:00,67045.725,85385.858333,KPX_public_sukub_csv
2025-06-05 18:00:00,67617.516667,85100.65,KPX_public_sukub_csv
2025-06-05 19:00:00,68211.9,84739.316667,KPX_public_sukub_csv
2025-06-05 20:00:00,67145.058333,84707.55,KPX_public_sukub_csv
2025-06-05 21:00:00,64698.191667,84626.85,KPX_public_sukub_csv
2025-06-05 22:00:00,63118.066667,84371.225,KPX_public_sukub_csv
2025-06-05 23:00:00,60916.545455,84218.509091,KPX_public_sukub_csv
2025-06-06 00:00:00,56845.45,82426.575,KPX_public_sukub_csv
2025-06-06 01:00:00,54798.108333,82244.3,KPX_public_sukub_csv
2025-06-06 02:00:00,53399.208333,83410.275,KPX_public_sukub_csv
2025-06-06 03:00:00,52470.516667,83761.608333,KPX_public_sukub_csv
2025-06-06 04:00:00,52359.408333,83765.65,KPX_public_sukub_csv
2025-06-06 05:00:00,52117.066667,83975.741667,KPX_public_sukub_csv
2025-06-06 06:00:00,52137.425,85081.141667,KPX_public_sukub_csv
2025-06-06 07:00:00,52189.183333,85570.366667,KPX_public_sukub_csv
2025-06-06 08:00:00,52470.491667,85197.358333,KPX_public_sukub_csv
2025-06-06 09:00:00,52504.941667,85445.95,KPX_public_sukub_csv
2025-06-06 10:00:00,52833.333333,85458.758333,KPX_public_sukub_csv
2025-06-06 11:00:00,52542.533333,84592.208333,KPX_public_sukub_csv
2025-06-06 12:00:00,51383.133333,84249.4,KPX_public_sukub_csv
2025-06-06 13:00:00,53914.533333,84438.233333,KPX_public_sukub_csv
2025-06-06 14:00:00,56454.841667,84124.65,KPX_public_sukub_csv
2025-06-06 15:00:00,58019.541667,83191.983333,KPX_public_sukub_csv
2025-06-06 16:00:00,58771.966667,83000.45,KPX_public_sukub_csv
2025-06-06 17:00:00,59592.15,83107.4,KPX_public_sukub_csv
2025-06-06 18:00:00,61713.272727,82903.545455,KPX_public_sukub_csv
2025-06-06 19:00:00,62932.433333,82500.1,KPX_public_sukub_csv
2025-06-06 20:00:00,63025.3,82154.125,KPX_public_sukub_csv
2025-06-06 21:00:00,61168.183333,81978.091667,KPX_public_sukub_csv
2025-06-06 22:00:00,59186.891667,82312.016667,KPX_public_sukub_csv
2025-06-06 23:00:00,57174.790909,82492.136364,KPX_public_sukub_csv
2025-06-07 00:00:00,53857.725,80540.25,KPX_public_sukub_csv
2025-06-07 01:00:00,51822.258333,80496.441667,KPX_public_sukub_csv
2025-06-07 02:00:00,50539.633333,80916.308333,KPX_public_sukub_csv
2025-06-07 03:00:00,49789.9,82027.541667,KPX_public_sukub_csv
2025-06-07 04:00:00,49484.183333,81951.958333,KPX_public_sukub_csv
2025-06-07 05:00:00,49479.991667,82014.416667,KPX_public_sukub_csv
2025-06-07 06:00:00,49495.191667,82390.175,KPX_public_sukub_csv
2025-06-07 07:00:00,48899.908333,83776.708333,KPX_public_sukub_csv
2025-06-07 08:00:00,47757.5,84170.008333,KPX_public_sukub_csv
2025-06-07 09:00:00,47567.083333,84287.391667,KPX_public_sukub_csv
2025-06-07 10:00:00,47660.883333,84384.183333,KPX_public_sukub_csv
2025-06-07 11:00:00,47445.891667,84408.666667,KPX_public_sukub_csv
2025-06-07 12:00:00,47075.616667,84626.358333,KPX_public_sukub_csv
2025-06-07 13:00:00,48165.808333,85006.816667,KPX_public_sukub_csv
2025-06-07 14:00:00,49726.191667,84616.933333,KPX_public_sukub_csv
2025-06-07 15:00:00,51913.233333,83938.075,KPX_public_sukub_csv
2025-06-07 16:00:00,54968.608333,82646.508333,KPX_public_sukub_csv
2025-06-07 17:00:00,58079.825,82718.716667,KPX_public_sukub_csv
2025-06-07 18:00:00,60255.683333,82071.558333,KPX_public_sukub_csv
2025-06-07 19:00:00,61699.758333,81634.55,KPX_public_sukub_csv
2025-06-07 20:00:00,61628.1,81460.491667,KPX_public_sukub_csv
2025-06-07 21:00:00,59904.866667,81181.1,KPX_public_sukub_csv
2025-06-07 22:00:00,58533.583333,80989.083333,KPX_public_sukub_csv
2025-06-07 23:00:00,56757.063636,81115.745455,KPX_public_sukub_csv
2025-06-08 00:00:00,53220.866667,80297.391667,KPX_public_sukub_csv
2025-06-08 01:00:00,51164.591667,80324.416667,KPX_public_sukub_csv
2025-06-08 02:00:00,49832.108333,80816.716667,KPX_public_sukub_csv
2025-06-08 03:00:00,49496.5,80991.341667,KPX_public_sukub_csv
2025-06-08 04:00:00,49614.075,80878.141667,KPX_public_sukub_csv
2025-06-08 05:00:00,49551.208333,80717.791667,KPX_public_sukub_csv
2025-06-08 06:00:00,49716.983333,80902.691667,KPX_public_sukub_csv
2025-06-08 07:00:00,49528.95,81064.633333,KPX_public_sukub_csv
2025-06-08 08:00:00,49074.075,80541.308333,KPX_public_sukub_csv
2025-06-08 09:00:00,48744.666667,81311.4,KPX_public_sukub_csv
2025-06-08 10:00:00,49221.216667,81777.633333,KPX_public_sukub_csv
2025-06-08 11:00:00,48725.608333,82035.716667,KPX_public_sukub_csv
2025-06-08 12:00:00,48374.016667,82758.45,KPX_public_sukub_csv
2025-06-08 13:00:00,49235.483333,83120.4,KPX_public_sukub_csv
2025-06-08 14:00:00,50234.666667,84082.491667,KPX_public_sukub_csv
2025-06-08 15:00:00,52034.175,86440.375,KPX_public_sukub_csv
2025-06-08 16:00:00,55019.116667,86783.566667,KPX_public_sukub_csv
2025-06-08 17:00:00,59013.275,86955.4,KPX_public_sukub_csv
2025-06-08 18:00:00,62322.675,86917.258333,KPX_public_sukub_csv
2025-06-08 19:00:00,63795.225,86522.841667,KPX_public_sukub_csv
2025-06-08 20:00:00,64021.866667,86303.333333,KPX_public_sukub_csv
2025-06-08 21:00:00,62073.816667,86135.0,KPX_public_sukub_csv
2025-06-08 22:00:00,59790.833333,85919.216667,KPX_public_sukub_csv
2025-06-08 23:00:00,57428.181818,85667.1,KPX_public_sukub_csv
2025-06-09 00:00:00,54116.4,85392.225,KPX_public_sukub_csv
2025-06-09 01:00:00,52109.758333,85444.466667,KPX_public_sukub_csv
2025-06-09 02:00:00,50810.883333,85572.741667,KPX_public_sukub_csv
2025-06-09 03:00:00,50231.608333,85624.841667,KPX_public_sukub_csv
2025-06-09 04:00:00,50518.05,85585.3,KPX_public_sukub_csv
2025-06-09 05:00:00,51842.991667,85495.491667,KPX_public_sukub_csv
2025-06-09 06:00:00,54877.358333,85300.175,KPX_public_sukub_csv
2025-06-09 07:00:00,59669.733333,85505.008333,KPX_public_sukub_csv
2025-06-09 08:00:00,64836.341667,87245.941667,KPX_public_sukub_csv
2025-06-09 09:00:00,66539.058333,88671.466667,KPX_public_sukub_csv
2025-06-09 10:00:00,65498.383333,88781.941667,KPX_public_sukub_csv
2025-06-09 11:00:00,64273.425,89039.333333,KPX_public_sukub_csv
2025-06-09 12:00:00,62563.583333,88760.833333,KPX_public_sukub_csv
2025-06-09 13:00:00,66297.908333,89253.033333,KPX_public_sukub_csv
2025-06-09 14:00:00,68676.483333,91463.233333,KPX_public_sukub_csv
2025-06-09 15:00:00,70313.241667,91855.891667,KPX_public_sukub_csv
2025-06-09 16:00:00,72651.233333,91497.008333,KPX_public_sukub_csv
2025-06-09 17:00:00,73610.983333,90018.0,KPX_public_sukub_csv
2025-06-09 18:00:00,74573.625,89692.058333,KPX_public_sukub_csv
2025-06-09 19:00:00,74366.733333,90460.2,KPX_public_sukub_csv
2025-06-09 20:00:00,72500.841667,90261.791667,KPX_public_sukub_csv
2025-06-09 21:00:00,69396.35,90217.25,KPX_public_sukub_csv
2025-06-09 22:00:00,67174.325,89681.966667,KPX_public_sukub_csv
2025-06-09 23:00:00,64341.1,89663.166667,KPX_public_sukub_csv
2025-06-10 00:00:00,60416.466667,88961.633333,KPX_public_sukub_csv
2025-06-10 01:00:00,58205.366667,88261.616667,KPX_public_sukub_csv
2025-06-10 02:00:00,56892.5,87249.208333,KPX_public_sukub_csv
2025-06-10 03:00:00,56017.75,87124.691667,KPX_public_sukub_csv
2025-06-10 04:00:00,55964.241667,87289.458333,KPX_public_sukub_csv
2025-06-10 05:00:00,56660.8,87248.216667,KPX_public_sukub_csv
2025-06-10 06:00:00,58739.35,87359.141667,KPX_public_sukub_csv
2025-06-10 07:00:00,61822.616667,87673.075,KPX_public_sukub_csv
2025-06-10 08:00:00,65415.566667,87958.616667,KPX_public_sukub_csv
2025-06-10 09:00:00,67277.4,89219.141667,KPX_public_sukub_csv
2025-06-10 10:00:00,67623.2,89624.683333,KPX_public_sukub_csv
2025-06-10 11:00:00,67434.191667,89483.65,KPX_public_sukub_csv
2025-06-10 12:00:00,65651.758333,89185.366667,KPX_public_sukub_csv
2025-06-10 13:00:00,68612.0,89815.675,KPX_public_sukub_csv
2025-06-10 14:00:00,70098.125,90344.841667,KPX_public_sukub_csv
2025-06-10 15:00:00,70995.85,90859.508333,KPX_public_sukub_csv
2025-06-10 16:00:00,72914.05,91370.241667,KPX_public_sukub_csv
2025-06-10 17:00:00,72778.925,91118.191667,KPX_public_sukub_csv
2025-06-10 18:00:00,73264.516667,90569.908333,KPX_public_sukub_csv
2025-06-10 19:00:00,73167.108333,90160.083333,KPX_public_sukub_csv
2025-06-10 20:00:00,71371.925,90057.033333,KPX_public_sukub_csv
2025-06-10 21:00:00,68326.9,90303.366667,KPX_public_sukub_csv
2025-06-10 22:00:00,66216.783333,90313.358333,KPX_public_sukub_csv
2025-06-10 23:00:00,63652.409091,90301.263636,KPX_public_sukub_csv
2025-06-11 00:00:00,59218.166667,88977.283333,KPX_public_sukub_csv
2025-06-11 01:00:00,57252.083333,87955.441667,KPX_public_sukub_csv
2025-06-11 02:00:00,55849.433333,87687.983333,KPX_public_sukub_csv
2025-06-11 03:00:00,54951.233333,87816.766667,KPX_public_sukub_csv
2025-06-11 04:00:00,54771.491667,87785.683333,KPX_public_sukub_csv
2025-06-11 05:00:00,54746.725,87743.55,KPX_public_sukub_csv
2025-06-11 06:00:00,56754.558333,87914.975,KPX_public_sukub_csv
2025-06-11 07:00:00,58676.566667,88448.283333,KPX_public_sukub_csv
2025-06-11 08:00:00,61023.441667,89192.708333,KPX_public_sukub_csv
2025-06-11 09:00:00,61876.333333,90164.3,KPX_public_sukub_csv
2025-06-11 10:00:00,61496.25,90778.966667,KPX_public_sukub_csv
2025-06-11 11:00:00,60036.258333,91440.258333,KPX_public_sukub_csv
2025-06-11 12:00:00,57853.116667,92071.0,KPX_public_sukub_csv
2025-06-11 13:00:00,61327.3,92939.641667,KPX_public_sukub_csv
2025-06-11 14:00:00,63871.933333,93471.308333,KPX_public_sukub_csv
2025-06-11 15:00:00,65956.158333,93124.725,KPX_public_sukub_csv
2025-06-11 16:00:00,69098.408333,92577.858333,KPX_public_sukub_csv
2025-06-11 17:00:00,70342.558333,91455.783333,KPX_public_sukub_csv
2025-06-11 18:00:00,70783.6,90534.308333,KPX_public_sukub_csv
2025-06-11 19:00:00,70688.925,90256.608333,KPX_public_sukub_csv
2025-06-11 20:00:00,70185.533333,90366.608333,KPX_public_sukub_csv
2025-06-11 21:00:00,67654.35,90231.241667,KPX_public_sukub_csv
2025-06-11 22:00:00,65713.541667,89993.208333,KPX_public_sukub_csv
2025-06-11 23:00:00,62936.283333,89985.608333,KPX_public_sukub_csv
2025-06-12 00:00:00,59025.775,89173.258333,KPX_public_sukub_csv
2025-06-12 01:00:00,56929.725,89142.175,KPX_public_sukub_csv
2025-06-12 02:00:00,55611.608333,89196.925,KPX_public_sukub_csv
2025-06-12 03:00:00,54713.691667,89481.741667,KPX_public_sukub_csv
2025-06-12 04:00:00,54647.208333,89671.716667,KPX_public_sukub_csv
2025-06-12 05:00:00,55396.658333,89696.741667,KPX_public_sukub_csv
2025-06-12 06:00:00,57346.091667,89958.683333,KPX_public_sukub_csv
2025-06-12 07:00:00,60108.441667,90578.316667,KPX_public_sukub_csv
2025-06-12 08:00:00,63461.583333,91292.191667,KPX_public_sukub_csv
2025-06-12 09:00:00,65166.341667,91169.258333,KPX_public_sukub_csv
2025-06-12 10:00:00,65589.808333,91946.616667,KPX_public_sukub_csv
2025-06-12 11:00:00,65207.6,91835.75,KPX_public_sukub_csv
2025-06-12 12:00:00,63057.758333,90768.941667,KPX_public_sukub_csv
2025-06-12 13:00:00,65186.358333,92053.133333,KPX_public_sukub_csv
2025-06-12 14:00:00,67269.116667,92532.191667,KPX_public_sukub_csv
2025-06-12 15:00:00,69209.05,92034.008333,KPX_public_sukub_csv
2025-06-12 16:00:00,72337.883333,91674.583333,KPX_public_sukub_csv
2025-06-12 17:00:00,73399.05,91164.533333,KPX_public_sukub_csv
2025-06-12 18:00:00,72557.508333,90601.383333,KPX_public_sukub_csv
2025-06-12 19:00:00,72357.758333,90366.475,KPX_public_sukub_csv
2025-06-12 20:00:00,71751.3,90334.283333,KPX_public_sukub_csv
2025-06-12 21:00:00,68819.033333,90222.516667,KPX_public_sukub_csv
2025-06-12 22:00:00,66636.508333,90319.6,KPX_public_sukub_csv
2025-06-12 23:00:00,64107.536364,90407.645455,KPX_public_sukub_csv
2025-06-13 00:00:00,59860.283333,90715.816667,KPX_public_sukub_csv
2025-06-13 01:00:00,57573.9,90843.541667,KPX_public_sukub_csv
2025-06-13 02:00:00,55962.05,90985.066667,KPX_public_sukub_csv
2025-06-13 03:00:00,55019.883333,91319.325,KPX_public_sukub_csv
2025-06-13 04:00:00,54813.316667,91479.65,KPX_public_sukub_csv
2025-06-13 05:00:00,55551.366667,91527.066667,KPX_public_sukub_csv
2025-06-13 06:00:00,57988.491667,91674.266667,KPX_public_sukub_csv
2025-06-13 07:00:00,61930.191667,91823.35,KPX_public_sukub_csv
2025-06-13 08:00:00,67003.816667,92566.25,KPX_public_sukub_csv
2025-06-13 09:00:00,70081.866667,92257.308333,KPX_public_sukub_csv
2025-06-13 10:00:00,70903.233333,92210.283333,KPX_public_sukub_csv
2025-06-13 11:00:00,69747.125,92305.416667,KPX_public_sukub_csv
2025-06-13 12:00:00,67420.041667,92228.25,KPX_public_sukub_csv
2025-06-13 13:00:00,70945.641667,92370.408333,KPX_public_sukub_csv
2025-06-13 14:00:00,72919.6,92247.566667,KPX_public_sukub_csv
2025-06-13 15:00:00,73501.118182,92282.672727,KPX_public_sukub_csv
2025-06-13 16:00:00,73899.416667,92054.8,KPX_public_sukub_csv
2025-06-13 17:00:00,72301.3,92535.466667,KPX_public_sukub_csv
2025-06-13 18:00:00,71233.508333,92670.675,KPX_public_sukub_csv
2025-06-13 19:00:00,70264.966667,92472.608333,KPX_public_sukub_csv
2025-06-13 20:00:00,68994.591667,92401.316667,KPX_public_sukub_csv
2025-06-13 21:00:00,66554.783333,92575.741667,KPX_public_sukub_csv
2025-06-13 22:00:00,64785.758333,92573.833333,KPX_public_sukub_csv
2025-06-13 23:00:00,62775.154545,91863.027273,KPX_public_sukub_csv
2025-06-14 00:00:00,58906.233333,90549.533333,KPX_public_sukub_csv
2025-06-14 01:00:00,56802.091667,90381.233333,KPX_public_sukub_csv
2025-06-14 02:00:00,55333.741667,90932.85,KPX_public_sukub_csv
2025-06-14 03:00:00,54568.525,90943.333333,KPX_public_sukub_csv
2025-06-14 04:00:00,54185.766667,91009.625,KPX_public_sukub_csv
2025-06-14 05:00:00,54082.591667,90913.558333,KPX_public_sukub_csv
2025-06-14 06:00:00,55570.15,90483.591667,KPX_public_sukub_csv
2025-06-14 07:00:00,56832.75,90432.833333,KPX_public_sukub_csv
2025-06-14 08:00:00,58420.916667,89857.425,KPX_public_sukub_csv
2025-06-14 09:00:00,59640.883333,90276.733333,KPX_public_sukub_csv
2025-06-14 10:00:00,59731.4,91102.041667,KPX_public_sukub_csv
2025-06-14 11:00:00,58109.866667,91701.041667,KPX_public_sukub_csv
2025-06-14 12:00:00,55979.925,92179.508333,KPX_public_sukub_csv
2025-06-14 13:00:00,56704.125,92572.508333,KPX_public_sukub_csv
2025-06-14 14:00:00,57385.233333,92419.025,KPX_public_sukub_csv
2025-06-14 15:00:00,58237.841667,92351.083333,KPX_public_sukub_csv
2025-06-14 16:00:00,60349.833333,91957.225,KPX_public_sukub_csv
2025-06-14 17:00:00,62718.475,91842.308333,KPX_public_sukub_csv
2025-06-14 18:00:00,65124.358333,90821.983333,KPX_public_sukub_csv
2025-06-14 19:00:00,66055.125,90351.191667,KPX_public_sukub_csv
2025-06-14 20:00:00,65754.491667,90018.2,KPX_public_sukub_csv
2025-06-14 21:00:00,63555.258333,89885.183333,KPX_public_sukub_csv
2025-06-14 22:00:00,61800.991667,89856.908333,KPX_public_sukub_csv
2025-06-14 23:00:00,59547.363636,89893.690909,KPX_public_sukub_csv
2025-06-15 00:00:00,56087.908333,89355.833333,KPX_public_sukub_csv
2025-06-15 01:00:00,53844.983333,88860.683333,KPX_public_sukub_csv
2025-06-15 02:00:00,52404.083333,88790.625,KPX_public_sukub_csv
2025-06-15 03:00:00,51444.109091,88891.554545,KPX_public_sukub_csv
2025-06-15 04:00:00,50959.341667,89159.391667,KPX_public_sukub_csv
2025-06-15 05:00:00,50793.758333,89257.558333,KPX_public_sukub_csv
2025-06-15 06:00:00,50918.808333,89916.091667,KPX_public_sukub_csv
2025-06-15 07:00:00,50180.125,90824.141667,KPX_public_sukub_csv
2025-06-15 08:00:00,48801.416667,90912.2,KPX_public_sukub_csv
2025-06-15 09:00:00,48696.15,91846.125,KPX_public_sukub_csv
2025-06-15 10:00:00,49344.441667,92304.883333,KPX_public_sukub_csv
2025-06-15 11:00:00,49542.158333,92303.241667,KPX_public_sukub_csv
2025-06-15 12:00:00,50821.583333,92744.191667,KPX_public_sukub_csv
2025-06-15 13:00:00,53883.891667,92788.683333,KPX_public_sukub_csv
2025-06-15 14:00:00,55909.65,92543.258333,KPX_public_sukub_csv
2025-06-15 15:00:00,58729.908333,91511.0,KPX_public_sukub_csv
2025-06-15 16:00:00,61846.525,90860.391667,KPX_public_sukub_csv
2025-06-15 17:00:00,64626.866667,91849.5,KPX_public_sukub_csv
2025-06-15 18:00:00,67163.3,92055.558333,KPX_public_sukub_csv
2025-06-15 19:00:00,68207.691667,92243.075,KPX_public_sukub_csv
2025-06-15 20:00:00,67923.9,91108.6,KPX_public_sukub_csv
2025-06-15 21:00:00,65538.25,91224.916667,KPX_public_sukub_csv
2025-06-15 22:00:00,62721.4,91243.791667,KPX_public_sukub_csv
2025-06-15 23:00:00,59987.55,91286.75,KPX_public_sukub_csv
2025-06-16 00:00:00,56515.0,92323.45,KPX_public_sukub_csv
2025-06-16 01:00:00,54213.916667,92607.116667,KPX_public_sukub_csv
2025-06-16 02:00:00,53097.983333,92460.533333,KPX_public_sukub_csv
2025-06-16 03:00:00,52459.0,92320.166667,KPX_public_sukub_csv
2025-06-16 04:00:00,52559.05,91993.591667,KPX_public_sukub_csv
2025-06-16 05:00:00,53983.883333,92210.841667,KPX_public_sukub_csv
2025-06-16 06:00:00,57880.4,92160.333333,KPX_public_sukub_csv
2025-06-16 07:00:00,64383.55,92282.875,KPX_public_sukub_csv
2025-06-16 08:00:00,72155.158333,92241.05,KPX_public_sukub_csv
2025-06-16 09:00:00,77481.025,95193.525,KPX_public_sukub_csv
2025-06-16 10:00:00,79068.691667,95810.3,KPX_public_sukub_csv
2025-06-16 11:00:00,75980.025,95340.433333,KPX_public_sukub_csv
2025-06-16 12:00:00,70965.925,94939.266667,KPX_public_sukub_csv
2025-06-16 13:00:00,72653.45,94783.616667,KPX_public_sukub_csv
2025-06-16 14:00:00,72988.466667,94939.575,KPX_public_sukub_csv
2025-06-16 15:00:00,72915.683333,95103.608333,KPX_public_sukub_csv
2025-06-16 16:00:00,74007.841667,94720.666667,KPX_public_sukub_csv
2025-06-16 17:00:00,74216.408333,94342.641667,KPX_public_sukub_csv
2025-06-16 18:00:00,75285.691667,93585.116667,KPX_public_sukub_csv
2025-06-16 19:00:00,75080.616667,94227.625,KPX_public_sukub_csv
2025-06-16 20:00:00,73369.083333,94096.925,KPX_public_sukub_csv
2025-06-16 21:00:00,70029.433333,94070.233333,KPX_public_sukub_csv
2025-06-16 22:00:00,67804.4,93942.908333,KPX_public_sukub_csv
2025-06-16 23:00:00,64872.958333,93687.016667,KPX_public_sukub_csv
2025-06-17 00:00:00,60827.966667,91962.458333,KPX_public_sukub_csv
2025-06-17 01:00:00,58567.25,91804.366667,KPX_public_sukub_csv
2025-06-17 02:00:00,57220.141667,91573.1,KPX_public_sukub_csv
2025-06-17 03:00:00,56435.133333,91314.316667,KPX_public_sukub_csv
2025-06-17 04:00:00,56458.1,91234.133333,KPX_public_sukub_csv
2025-06-17 05:00:00,57175.908333,91164.783333,KPX_public_sukub_csv
2025-06-17 06:00:00,59770.766667,91493.416667,KPX_public_sukub_csv
2025-06-17 07:00:00,64076.316667,91946.6,KPX_public_sukub_csv
2025-06-17 08:00:00,69099.641667,92572.475,KPX_public_sukub_csv
2025-06-17 09:00:00,71812.15,92866.841667,KPX_public_sukub_csv
2025-06-17 10:00:00,71836.283333,93129.966667,KPX_public_sukub_csv
2025-06-17 11:00:00,69956.766667,93538.183333,KPX_public_sukub_csv
2025-06-17 12:00:00,66713.083333,94080.633333,KPX_public_sukub_csv
2025-06-17 13:00:00,69018.425,94454.791667,KPX_public_sukub_csv
2025-06-17 14:00:00,70974.845833,94357.791667,KPX_public_sukub_csv
2025-06-17 15:00:00,72356.877833,94083.0,KPX_public_sukub_csv
2025-06-17 16:00:00,74871.758333,93539.408333,KPX_public_sukub_csv
2025-06-17 17:00:00,75614.025,94044.758333,KPX_public_sukub_csv
2025-06-17 18:00:00,76774.008333,93181.383333,KPX_public_sukub_csv
2025-06-17 19:00:00,76960.383333,93146.125,KPX_public_sukub_csv
2025-06-17 20:00:00,75036.891667,92907.575,KPX_public_sukub_csv
2025-06-17 21:00:00,71588.675,92006.116667,KPX_public_sukub_csv
2025-06-17 22:00:00,69139.325,92015.408333,KPX_public_sukub_csv
2025-06-17 23:00:00,65896.75,92230.125,KPX_public_sukub_csv
2025-06-18 00:00:00,61472.35,91964.275,KPX_public_sukub_csv
2025-06-18 01:00:00,58952.9,91959.258333,KPX_public_sukub_csv
2025-06-18 02:00:00,57527.016667,90962.608333,KPX_public_sukub_csv
2025-06-18 03:00:00,56754.5,90054.533333,KPX_public_sukub_csv
2025-06-18 04:00:00,56431.5,90412.025,KPX_public_sukub_csv
2025-06-18 05:00:00,56994.008333,90632.533333,KPX_public_sukub_csv
2025-06-18 06:00:00,59246.109091,90903.8,KPX_public_sukub_csv
2025-06-18 07:00:00,62334.4,91583.225,KPX_public_sukub_csv
2025-06-18 08:00:00,65499.991667,91964.375,KPX_public_sukub_csv
2025-06-18 09:00:00,66810.841667,93942.8,KPX_public_sukub_csv
2025-06-18 10:00:00,66767.683333,94524.016667,KPX_public_sukub_csv
2025-06-18 11:00:00,65449.0,94587.566667,KPX_public_sukub_csv
2025-06-18 12:00:00,63234.025,93217.391667,KPX_public_sukub_csv
2025-06-18 13:00:00,66763.3,92944.583333,KPX_public_sukub_csv
2025-06-18 14:00:00,69343.683333,92927.466667,KPX_public_sukub_csv
2025-06-18 15:00:00,71269.166667,92622.558333,KPX_public_sukub_csv
2025-06-18 16:00:00,74208.991667,92053.516667,KPX_public_sukub_csv
2025-06-18 17:00:00,75416.141667,91633.983333,KPX_public_sukub_csv
2025-06-18 18:00:00,76739.0,92145.758333,KPX_public_sukub_csv
2025-06-18 19:00:00,76780.825,93136.275,KPX_public_sukub_csv
2025-06-18 20:00:00,74944.908333,93104.391667,KPX_public_sukub_csv
2025-06-18 21:00:00,71765.458333,92624.25,KPX_public_sukub_csv
2025-06-18 22:00:00,69297.616667,92073.683333,KPX_public_sukub_csv
2025-06-18 23:00:00,66178.990909,92018.218182,KPX_public_sukub_csv
2025-06-19 00:00:00,61635.141667,91385.891667,KPX_public_sukub_csv
2025-06-19 01:00:00,59264.408333,91571.225,KPX_public_sukub_csv
2025-06-19 02:00:00,57669.366667,91480.191667,KPX_public_sukub_csv
2025-06-19 03:00:00,56642.1,91510.081818,KPX_public_sukub_csv
2025-06-19 04:00:00,56604.175,91493.366667,KPX_public_sukub_csv
2025-06-19 05:00:00,57204.1,91125.85,KPX_public_sukub_csv
2025-06-19 06:00:00,59012.033333,91476.6,KPX_public_sukub_csv
2025-06-19 07:00:00,62268.583333,92201.925,KPX_public_sukub_csv
2025-06-19 08:00:00,66690.758333,92815.55,KPX_public_sukub_csv
2025-06-19 09:00:00,69652.941667,93924.308333,KPX_public_sukub_csv
2025-06-19 10:00:00,71130.941667,94361.916667,KPX_public_sukub_csv
2025-06-19 11:00:00,70653.275,94364.358333,KPX_public_sukub_csv
2025-06-19 12:00:00,69667.866667,94015.141667,KPX_public_sukub_csv
2025-06-19 13:00:00,73287.627273,94129.681818,KPX_public_sukub_csv
2025-06-19 14:00:00,76086.75,94813.35,KPX_public_sukub_csv
2025-06-19 15:00:00,76985.483333,94481.85,KPX_public_sukub_csv
2025-06-19 16:00:00,78526.708333,93754.875,KPX_public_sukub_csv
2025-06-19 17:00:00,79026.466667,93763.625,KPX_public_sukub_csv
2025-06-19 18:00:00,80047.75,93413.166667,KPX_public_sukub_csv
2025-06-19 19:00:00,80204.875,93303.108333,KPX_public_sukub_csv
2025-06-19 20:00:00,78436.35,93226.558333,KPX_public_sukub_csv
2025-06-19 21:00:00,74865.716667,92889.583333,KPX_public_sukub_csv
2025-06-19 22:00:00,72109.725,92217.408333,KPX_public_sukub_csv
2025-06-19 23:00:00,68530.125,92196.491667,KPX_public_sukub_csv
2025-06-20 00:00:00,63893.858333,92207.258333,KPX_public_sukub_csv
2025-06-20 01:00:00,61161.183333,92089.333333,KPX_public_sukub_csv
2025-06-20 02:00:00,59534.033333,92011.9,KPX_public_sukub_csv
2025-06-20 03:00:00,58520.35,91894.958333,KPX_public_sukub_csv
2025-06-20 04:00:00,58258.575,91438.65,KPX_public_sukub_csv
2025-06-20 05:00:00,59163.425,91871.3,KPX_public_sukub_csv
2025-06-20 06:00:00,62331.666667,92108.358333,KPX_public_sukub_csv
2025-06-20 07:00:00,67771.725,92900.266667,KPX_public_sukub_csv
2025-06-20 08:00:00,74462.108333,93317.625,KPX_public_sukub_csv
2025-06-20 09:00:00,79488.7,93867.391667,KPX_public_sukub_csv
2025-06-20 10:00:00,81606.725,94005.6,KPX_public_sukub_csv
2025-06-20 11:00:00,80689.65,94214.175,KPX_public_sukub_csv
2025-06-20 12:00:00,78015.458333,94346.866667,KPX_public_sukub_csv
2025-06-20 13:00:00,80656.341667,94520.841667,KPX_public_sukub_csv
2025-06-20 14:00:00,80986.558333,94345.691667,KPX_public_sukub_csv
2025-06-20 15:00:00,80587.858333,95327.525,KPX_public_sukub_csv
2025-06-20 16:00:00,80601.716667,95662.175,KPX_public_sukub_csv
2025-06-20 17:00:00,78588.133333,96010.375,KPX_public_sukub_csv
2025-06-20 18:00:00,77090.116667,95774.791667,KPX_public_sukub_csv
2025-06-20 19:00:00,76082.891667,95023.458333,KPX_public_sukub_csv
2025-06-20 20:00:00,74153.975,94346.341667,KPX_public_sukub_csv
2025-06-20 21:00:00,71287.8,94247.166667,KPX_public_sukub_csv
2025-06-20 22:00:00,69292.825,94251.391667,KPX_public_sukub_csv
2025-06-20 23:00:00,66451.616667,94538.566667,KPX_public_sukub_csv
2025-06-21 00:00:00,62349.683333,92453.933333,KPX_public_sukub_csv
2025-06-21 01:00:00,59660.733333,92276.575,KPX_public_sukub_csv
2025-06-21 02:00:00,57996.566667,91701.641667,KPX_public_sukub_csv
2025-06-21 03:00:00,56823.025,91462.341667,KPX_public_sukub_csv
2025-06-21 04:00:00,56357.291667,91430.941667,KPX_public_sukub_csv
2025-06-21 05:00:00,56350.275,91603.675,KPX_public_sukub_csv
2025-06-21 06:00:00,57581.625,91726.191667,KPX_public_sukub_csv
2025-06-21 07:00:00,59434.975,91786.641667,KPX_public_sukub_csv
2025-06-21 08:00:00,61809.433333,91430.041667,KPX_public_sukub_csv
2025-06-21 09:00:00,64830.3,91191.716667,KPX_public_sukub_csv
2025-06-21 10:00:00,66639.508333,91193.483333,KPX_public_sukub_csv
2025-06-21 11:00:00,67152.991667,91458.65,KPX_public_sukub_csv
2025-06-21 12:00:00,66307.741667,91357.25,KPX_public_sukub_csv
2025-06-21 13:00:00,66744.258333,91181.508333,KPX_public_sukub_csv
2025-06-21 14:00:00,66129.141667,91010.35,KPX_public_sukub_csv
2025-06-21 15:00:00,65336.341667,91420.066667,KPX_public_sukub_csv
2025-06-21 16:00:00,65195.341667,91987.016667,KPX_public_sukub_csv
2025-06-21 17:00:00,64844.958333,92293.466667,KPX_public_sukub_csv
2025-06-21 18:00:00,65267.691667,92814.316667,KPX_public_sukub_csv
2025-06-21 19:00:00,65532.3,93262.583333,KPX_public_sukub_csv
2025-06-21 20:00:00,64921.383333,93420.258333,KPX_public_sukub_csv
2025-06-21 21:00:00,63023.491667,92553.3,KPX_public_sukub_csv
2025-06-21 22:00:00,61541.927273,92563.336364,KPX_public_sukub_csv
2025-06-21 23:00:00,59503.654545,92484.345455,KPX_public_sukub_csv
2025-06-22 00:00:00,55896.391667,91424.033333,KPX_public_sukub_csv
2025-06-22 01:00:00,53427.083333,91358.483333,KPX_public_sukub_csv
2025-06-22 02:00:00,51764.683333,89876.208333,KPX_public_sukub_csv
2025-06-22 03:00:00,50788.433333,88877.75,KPX_public_sukub_csv
2025-06-22 04:00:00,50426.108333,88828.783333,KPX_public_sukub_csv
2025-06-22 05:00:00,50272.075,88783.45,KPX_public_sukub_csv
2025-06-22 06:00:00,50423.675,88785.816667,KPX_public_sukub_csv
2025-06-22 07:00:00,49790.008333,89330.95,KPX_public_sukub_csv
2025-06-22 08:00:00,48533.65,89447.825,KPX_public_sukub_csv
2025-06-22 09:00:00,47439.216667,88559.533333,KPX_public_sukub_csv
2025-06-22 10:00:00,46647.241667,88671.808333,KPX_public_sukub_csv
2025-06-22 11:00:00,46215.3,89057.566667,KPX_public_sukub_csv
2025-06-22 12:00:00,46634.9,89145.108333,KPX_public_sukub_csv
2025-06-22 13:00:00,47976.941667,89263.333333,KPX_public_sukub_csv
2025-06-22 14:00:00,50154.991667,88862.425,KPX_public_sukub_csv
2025-06-22 15:00:00,51876.833333,89823.658333,KPX_public_sukub_csv
2025-06-22 16:00:00,54540.875,89686.608333,KPX_public_sukub_csv
2025-06-22 17:00:00,58391.525,89667.916667,KPX_public_sukub_csv
2025-06-22 18:00:00,61721.2,88867.875,KPX_public_sukub_csv
2025-06-22 19:00:00,63447.708333,88341.483333,KPX_public_sukub_csv
2025-06-22 20:00:00,63768.541667,88142.25,KPX_public_sukub_csv
2025-06-22 21:00:00,62062.654545,88934.145455,KPX_public_sukub_csv
2025-06-22 22:00:00,59747.033333,89229.516667,KPX_public_sukub_csv
2025-06-22 23:00:00,57098.925,89424.075,KPX_public_sukub_csv
2025-06-23 00:00:00,54025.883333,90544.858333,KPX_public_sukub_csv
2025-06-23 01:00:00,51837.075,90966.258333,KPX_public_sukub_csv
2025-06-23 02:00:00,50486.775,91377.033333,KPX_public_sukub_csv
2025-06-23 03:00:00,49934.666667,91826.641667,KPX_public_sukub_csv
2025-06-23 04:00:00,50093.525,91384.925,KPX_public_sukub_csv
2025-06-23 05:00:00,51472.066667,91409.841667,KPX_public_sukub_csv
2025-06-23 06:00:00,54233.308333,91919.441667,KPX_public_sukub_csv
2025-06-23 07:00:00,57766.091667,92733.966667,KPX_public_sukub_csv
2025-06-23 08:00:00,61912.158333,93076.233333,KPX_public_sukub_csv
2025-06-23 09:00:00,64063.491667,94187.733333,KPX_public_sukub_csv
2025-06-23 10:00:00,64351.858333,95175.741667,KPX_public_sukub_csv
2025-06-23 11:00:00,63242.416667,95545.816667,KPX_public_sukub_csv
2025-06-23 12:00:00,61751.716667,95899.85,KPX_public_sukub_csv
2025-06-23 13:00:00,65467.466667,96770.283333,KPX_public_sukub_csv
2025-06-23 14:00:00,68310.058333,97053.591667,KPX_public_sukub_csv
2025-06-23 15:00:00,70537.025,96881.466667,KPX_public_sukub_csv
2025-06-23 16:00:00,73735.791667,95752.933333,KPX_public_sukub_csv
2025-06-23 17:00:00,75432.391667,95927.108333,KPX_public_sukub_csv
2025-06-23 18:00:00,76988.491667,95123.058333,KPX_public_sukub_csv
2025-06-23 19:00:00,76688.675,94555.658333,KPX_public_sukub_csv
2025-06-23 20:00:00,74946.383333,94387.366667,KPX_public_sukub_csv
2025-06-23 21:00:00,71696.733333,93432.225,KPX_public_sukub_csv
2025-06-23 22:00:00,69101.258333,93230.341667,KPX_public_sukub_csv
2025-06-23 23:00:00,65999.854545,93243.8,KPX_public_sukub_csv
2025-06-24 00:00:00,61306.383333,90952.108333,KPX_public_sukub_csv
2025-06-24 01:00:00,59028.633333,91449.4,KPX_public_sukub_csv
2025-06-24 02:00:00,57399.375,91580.958333,KPX_public_sukub_csv
2025-06-24 03:00:00,56439.55,91304.35,KPX_public_sukub_csv
2025-06-24 04:00:00,56391.133333,91284.533333,KPX_public_sukub_csv
2025-06-24 05:00:00,57051.608333,91197.241667,KPX_public_sukub_csv
2025-06-24 06:00:00,59324.45,91321.416667,KPX_public_sukub_csv
2025-06-24 07:00:00,63867.083333,91899.866667,KPX_public_sukub_csv
2025-06-24 08:00:00,70168.275,92138.483333,KPX_public_sukub_csv
2025-06-24 09:00:00,74265.525,92352.716667,KPX_public_sukub_csv
2025-06-24 10:00:00,75459.983333,92483.475,KPX_public_sukub_csv
2025-06-24 11:00:00,75404.9,92376.241667,KPX_public_sukub_csv
2025-06-24 12:00:00,73602.091667,92477.633333,KPX_public_sukub_csv
2025-06-24 13:00:00,76228.2,93518.058333,KPX_public_sukub_csv
2025-06-24 14:00:00,77081.283333,94657.983333,KPX_public_sukub_csv
2025-06-24 15:00:00,76708.808333,95188.9,KPX_public_sukub_csv
2025-06-24 16:00:00,76745.766667,95397.525,KPX_public_sukub_csv
2025-06-24 17:00:00,75766.525,95754.3,KPX_public_sukub_csv
2025-06-24 18:00:00,75316.041667,96449.208333,KPX_public_sukub_csv
2025-06-24 19:00:00,74523.016667,96643.358333,KPX_public_sukub_csv
2025-06-24 20:00:00,72541.533333,96610.416667,KPX_public_sukub_csv
2025-06-24 21:00:00,69407.766667,96743.541667,KPX_public_sukub_csv
2025-06-24 22:00:00,67066.8,96763.625,KPX_public_sukub_csv
2025-06-24 23:00:00,64357.872727,96732.945455,KPX_public_sukub_csv
2025-06-25 00:00:00,60239.691667,94383.35,KPX_public_sukub_csv
2025-06-25 01:00:00,58086.375,94524.441667,KPX_public_sukub_csv
2025-06-25 02:00:00,56816.783333,94103.141667,KPX_public_sukub_csv
2025-06-25 03:00:00,55904.733333,93895.466667,KPX_public_sukub_csv
2025-06-25 04:00:00,55863.391667,93913.5,KPX_public_sukub_csv
2025-06-25 05:00:00,56568.5,93753.541667,KPX_public_sukub_csv
2025-06-25 06:00:00,59956.091667,93697.033333,KPX_public_sukub_csv
2025-06-25 07:00:00,64727.3,94114.225,KPX_public_sukub_csv
2025-06-25 08:00:00,70250.958333,94083.45,KPX_public_sukub_csv
2025-06-25 09:00:00,73100.75,94228.591667,KPX_public_sukub_csv
2025-06-25 10:00:00,73173.133333,94697.75,KPX_public_sukub_csv
2025-06-25 11:00:00,71183.016667,95130.741667,KPX_public_sukub_csv
2025-06-25 12:00:00,67970.85,95578.058333,KPX_public_sukub_csv
2025-06-25 13:00:00,69720.483333,96612.166667,KPX_public_sukub_csv
2025-06-25 14:00:00,70035.533333,96949.816667,KPX_public_sukub_csv
2025-06-25 15:00:00,70443.691667,97579.375,KPX_public_sukub_csv
2025-06-25 16:00:00,72008.2,97277.375,KPX_public_sukub_csv
2025-06-25 17:00:00,72030.216667,97292.708333,KPX_public_sukub_csv
2025-06-25 18:00:00,72709.075,96700.883333,KPX_public_sukub_csv
2025-06-25 19:00:00,72519.475,96154.125,KPX_public_sukub_csv
2025-06-25 20:00:00,71232.583333,95983.016667,KPX_public_sukub_csv
2025-06-25 21:00:00,68552.975,95856.333333,KPX_public_sukub_csv
2025-06-25 22:00:00,66598.625,95793.791667,KPX_public_sukub_csv
2025-06-25 23:00:00,64106.327273,95831.036364,KPX_public_sukub_csv
2025-06-26 00:00:00,59958.581818,95005.509091,KPX_public_sukub_csv
2025-06-26 01:00:00,57706.441667,95012.358333,KPX_public_sukub_csv
2025-06-26 02:00:00,56464.433333,95238.091667,KPX_public_sukub_csv
2025-06-26 03:00:00,55608.375,94746.45,KPX_public_sukub_csv
2025-06-26 04:00:00,55766.533333,94794.958333,KPX_public_sukub_csv
2025-06-26 05:00:00,56411.95,94783.1,KPX_public_sukub_csv
2025-06-26 06:00:00,59300.833333,94862.35,KPX_public_sukub_csv
2025-06-26 07:00:00,63073.8,95243.25,KPX_public_sukub_csv
2025-06-26 08:00:00,67461.05,95962.466667,KPX_public_sukub_csv
2025-06-26 09:00:00,69293.375,97226.333333,KPX_public_sukub_csv
2025-06-26 10:00:00,68946.225,97964.116667,KPX_public_sukub_csv
2025-06-26 11:00:00,67458.558333,98185.758333,KPX_public_sukub_csv
2025-06-26 12:00:00,65226.608333,98932.408333,KPX_public_sukub_csv
2025-06-26 13:00:00,67952.375,99445.266667,KPX_public_sukub_csv
2025-06-26 14:00:00,69789.091667,99279.691667,KPX_public_sukub_csv
2025-06-26 15:00:00,71344.525,98635.441667,KPX_public_sukub_csv
2025-06-26 16:00:00,73196.958333,97812.966667,KPX_public_sukub_csv
2025-06-26 17:00:00,73519.658333,97365.791667,KPX_public_sukub_csv
2025-06-26 18:00:00,74245.833333,97593.133333,KPX_public_sukub_csv
2025-06-26 19:00:00,74217.045455,97510.345455,KPX_public_sukub_csv
2025-06-26 20:00:00,72946.65,97245.141667,KPX_public_sukub_csv
2025-06-26 21:00:00,70271.216667,97234.133333,KPX_public_sukub_csv
2025-06-26 22:00:00,67826.341667,96984.258333,KPX_public_sukub_csv
2025-06-26 23:00:00,65041.327273,96918.481818,KPX_public_sukub_csv
2025-06-27 00:00:00,60596.658333,96791.1,KPX_public_sukub_csv
2025-06-27 01:00:00,58235.558333,96799.291667,KPX_public_sukub_csv
2025-06-27 02:00:00,56861.966667,97599.691667,KPX_public_sukub_csv
2025-06-27 03:00:00,56117.1,97854.383333,KPX_public_sukub_csv
2025-06-27 04:00:00,55986.65,97966.15,KPX_public_sukub_csv
2025-06-27 05:00:00,56696.6,97980.391667,KPX_public_sukub_csv
2025-06-27 06:00:00,58812.316667,98030.208333,KPX_public_sukub_csv
2025-06-27 07:00:00,62187.491667,98405.566667,KPX_public_sukub_csv
2025-06-27 08:00:00,66740.258333,98515.908333,KPX_public_sukub_csv
2025-06-27 09:00:00,69241.483333,99412.05,KPX_public_sukub_csv
2025-06-27 10:00:00,69008.108333,100130.416667,KPX_public_sukub_csv
2025-06-27 11:00:00,67561.45,100880.0,KPX_public_sukub_csv
2025-06-27 12:00:00,65733.441667,101165.833333,KPX_public_sukub_csv
2025-06-27 13:00:00,68149.233333,101705.0,KPX_public_sukub_csv
2025-06-27 14:00:00,69913.808333,101972.5,KPX_public_sukub_csv
2025-06-27 15:00:00,71329.541667,101768.666667,KPX_public_sukub_csv
2025-06-27 16:00:00,74184.35,100997.666667,KPX_public_sukub_csv
2025-06-27 17:00:00,75095.241667,100157.8,KPX_public_sukub_csv
2025-06-27 18:00:00,76088.683333,100375.983333,KPX_public_sukub_csv
2025-06-27 19:00:00,76279.475,99774.2,KPX_public_sukub_csv
2025-06-27 20:00:00,75002.041667,99182.441667,KPX_public_sukub_csv
2025-06-27 21:00:00,71871.666667,98464.233333,KPX_public_sukub_csv
2025-06-27 22:00:00,69473.658333,98467.358333,KPX_public_sukub_csv
2025-06-27 23:00:00,66735.936364,98229.518182,KPX_public_sukub_csv
2025-06-28 00:00:00,62178.316667,96381.933333,KPX_public_sukub_csv
2025-06-28 01:00:00,59416.975,96223.5,KPX_public_sukub_csv
2025-06-28 02:00:00,57558.4,96394.325,KPX_public_sukub_csv
2025-06-28 03:00:00,56442.591667,96488.591667,KPX_public_sukub_csv
2025-06-28 04:00:00,56034.841667,96624.05,KPX_public_sukub_csv
2025-06-28 05:00:00,55971.416667,96607.416667,KPX_public_sukub_csv
2025-06-28 06:00:00,56612.808333,96827.158333,KPX_public_sukub_csv
2025-06-28 07:00:00,57224.4,97295.808333,KPX_public_sukub_csv
2025-06-28 08:00:00,58359.381818,96889.954545,KPX_public_sukub_csv
2025-06-28 09:00:00,60378.108333,97522.091667,KPX_public_sukub_csv
2025-06-28 10:00:00,62113.916667,97918.0,KPX_public_sukub_csv
2025-06-28 11:00:00,62411.2,98173.941667,KPX_public_sukub_csv
2025-06-28 12:00:00,61565.6,98411.366667,KPX_public_sukub_csv
2025-06-28 13:00:00,62843.1,98449.891667,KPX_public_sukub_csv
2025-06-28 14:00:00,63787.916667,98233.766667,KPX_public_sukub_csv
2025-06-28 15:00:00,64773.3,98787.133333,KPX_public_sukub_csv
2025-06-28 16:00:00,66609.133333,98308.191667,KPX_public_sukub_csv
2025-06-28 17:00:00,68577.841667,98439.675,KPX_public_sukub_csv
2025-06-28 18:00:00,70810.725,97855.075,KPX_public_sukub_csv
2025-06-28 19:00:00,71681.890909,97406.890909,KPX_public_sukub_csv
2025-06-28 20:00:00,71261.475,96038.05,KPX_public_sukub_csv
2025-06-28 21:00:00,68540.975,95614.0,KPX_public_sukub_csv
2025-06-28 22:00:00,66465.425,94764.2,KPX_public_sukub_csv
2025-06-28 23:00:00,63705.418182,94441.754545,KPX_public_sukub_csv
2025-06-29 00:00:00,59378.316667,91252.341667,KPX_public_sukub_csv
2025-06-29 01:00:00,56575.216667,91053.558333,KPX_public_sukub_csv
2025-06-29 02:00:00,54764.35,90835.408333,KPX_public_sukub_csv
2025-06-29 03:00:00,53732.525,90347.25,KPX_public_sukub_csv
2025-06-29 04:00:00,53179.666667,89471.933333,KPX_public_sukub_csv
2025-06-29 05:00:00,52857.9,89111.275,KPX_public_sukub_csv
2025-06-29 06:00:00,53283.441667,89331.666667,KPX_public_sukub_csv
2025-06-29 07:00:00,53167.091667,89659.283333,KPX_public_sukub_csv
2025-06-29 08:00:00,53098.816667,89636.475,KPX_public_sukub_csv
2025-06-29 09:00:00,53628.958333,90509.125,KPX_public_sukub_csv
2025-06-29 10:00:00,54522.883333,91079.683333,KPX_public_sukub_csv
2025-06-29 11:00:00,54841.9,91478.833333,KPX_public_sukub_csv
2025-06-29 12:00:00,55200.291667,91862.85,KPX_public_sukub_csv
2025-06-29 13:00:00,56604.318182,92051.854545,KPX_public_sukub_csv
2025-06-29 14:00:00,57841.208333,91948.141667,KPX_public_sukub_csv
2025-06-29 15:00:00,59735.408333,93260.591667,KPX_public_sukub_csv
2025-06-29 16:00:00,63323.8,93387.875,KPX_public_sukub_csv
2025-06-29 17:00:00,67699.066667,94025.333333,KPX_public_sukub_csv
2025-06-29 18:00:00,71181.158333,96172.958333,KPX_public_sukub_csv
2025-06-29 19:00:00,72287.975,96520.666667,KPX_public_sukub_csv
2025-06-29 20:00:00,71902.675,94976.775,KPX_public_sukub_csv
2025-06-29 21:00:00,69405.716667,94814.641667,KPX_public_sukub_csv
2025-06-29 22:00:00,66219.05,94709.175,KPX_public_sukub_csv
2025-06-29 23:00:00,62765.4,94619.427273,KPX_public_sukub_csv
2025-06-30 00:00:00,58577.218182,96160.736364,KPX_public_sukub_csv
2025-06-30 01:00:00,56014.716667,96327.391667,KPX_public_sukub_csv
2025-06-30 02:00:00,54473.136364,96006.636364,KPX_public_sukub_csv
2025-06-30 03:00:00,53741.0,95698.525,KPX_public_sukub_csv
2025-06-30 04:00:00,53921.258333,95720.858333,KPX_public_sukub_csv
2025-06-30 05:00:00,55250.366667,96188.983333,KPX_public_sukub_csv
2025-06-30 06:00:00,58944.808333,97054.591667,KPX_public_sukub_csv
2025-06-30 07:00:00,64407.925,98417.433333,KPX_public_sukub_csv
2025-06-30 08:00:00,71188.441667,99737.016667,KPX_public_sukub_csv
2025-06-30 09:00:00,75352.533333,101560.416667,KPX_public_sukub_csv
2025-06-30 10:00:00,76352.033333,102177.583333,KPX_public_sukub_csv
2025-06-30 11:00:00,75838.575,102503.833333,KPX_public_sukub_csv
2025-06-30 12:00:00,74511.533333,102647.583333,KPX_public_sukub_csv
2025-06-30 13:00:00,77956.516667,102968.25,KPX_public_sukub_csv
2025-06-30 14:00:00,80230.3,103018.5,KPX_public_sukub_csv
2025-06-30 15:00:00,81439.941667,102540.75,KPX_public_sukub_csv
2025-06-30 16:00:00,83600.916667,101452.666667,KPX_public_sukub_csv
2025-06-30 17:00:00,84540.516667,101144.75,KPX_public_sukub_csv
2025-06-30 18:00:00,85558.65,100486.333333,KPX_public_sukub_csv
2025-06-30 19:00:00,85253.125,100296.083333,KPX_public_sukub_csv
2025-06-30 20:00:00,82811.033333,99326.8,KPX_public_sukub_csv
2025-06-30 21:00:00,78816.208333,99059.8,KPX_public_sukub_csv
2025-06-30 22:00:00,75188.608333,98896.975,KPX_public_sukub_csv
2025-06-30 23:00:00,70849.575,98787.891667,KPX_public_sukub_csv
2025-07-01 00:00:00,65714.1,98623.8,KPX_public_sukub_csv
2025-07-01 01:00:00,62978.566667,98604.008333,KPX_public_sukub_csv
2025-07-01 02:00:00,61200.733333,98093.058333,KPX_public_sukub_csv
2025-07-01 03:00:00,60022.783333,97902.691667,KPX_public_sukub_csv
2025-07-01 04:00:00,59929.075,97979.366667,KPX_public_sukub_csv
2025-07-01 05:00:00,60970.5,98350.183333,KPX_public_sukub_csv
2025-07-01 06:00:00,64261.108333,98555.675,KPX_public_sukub_csv
2025-07-01 07:00:00,69734.341667,100008.5,KPX_public_sukub_csv
2025-07-01 08:00:00,76232.291667,100289.691667,KPX_public_sukub_csv
2025-07-01 09:00:00,80908.716667,101459.75,KPX_public_sukub_csv
2025-07-01 10:00:00,82401.783333,102111.666667,KPX_public_sukub_csv
2025-07-01 11:00:00,81704.108333,102328.666667,KPX_public_sukub_csv
2025-07-01 12:00:00,79266.15,102600.333333,KPX_public_sukub_csv
2025-07-01 13:00:00,82058.583333,103235.083333,KPX_public_sukub_csv
2025-07-01 14:00:00,84373.091667,102902.833333,KPX_public_sukub_csv
2025-07-01 15:00:00,85435.533333,102543.833333,KPX_public_sukub_csv
2025-07-01 16:00:00,87333.875,102071.333333,KPX_public_sukub_csv
2025-07-01 17:00:00,88181.841667,101310.333333,KPX_public_sukub_csv
2025-07-01 18:00:00,89173.283333,101124.666667,KPX_public_sukub_csv
2025-07-01 19:00:00,88578.366667,100700.833333,KPX_public_sukub_csv
2025-07-01 20:00:00,86288.391667,99788.333333,KPX_public_sukub_csv
2025-07-01 21:00:00,81923.983333,100062.133333,KPX_public_sukub_csv
2025-07-01 22:00:00,78044.383333,99362.458333,KPX_public_sukub_csv
2025-07-01 23:00:00,73574.109091,99275.427273,KPX_public_sukub_csv
2025-07-02 00:00:00,67801.958333,98188.85,KPX_public_sukub_csv
2025-07-02 01:00:00,64785.425,98165.116667,KPX_public_sukub_csv
2025-07-02 02:00:00,62911.391667,98428.233333,KPX_public_sukub_csv
2025-07-02 03:00:00,61638.525,99348.25,KPX_public_sukub_csv
2025-07-02 04:00:00,61366.916667,99436.083333,KPX_public_sukub_csv
2025-07-02 05:00:00,62242.9,99239.316667,KPX_public_sukub_csv
2025-07-02 06:00:00,65594.941667,99465.858333,KPX_public_sukub_csv
2025-07-02 07:00:00,70814.791667,100199.058333,KPX_public_sukub_csv
2025-07-02 08:00:00,76936.933333,101260.583333,KPX_public_sukub_csv
2025-07-02 09:00:00,80885.75,102435.333333,KPX_public_sukub_csv
2025-07-02 10:00:00,81550.425,102975.5,KPX_public_sukub_csv
2025-07-02 11:00:00,80835.683333,103196.666667,KPX_public_sukub_csv
2025-07-02 12:00:00,79120.266667,103577.0,KPX_public_sukub_csv
2025-07-02 13:00:00,82911.083333,103823.0,KPX_public_sukub_csv
2025-07-02 14:00:00,84651.408333,104761.5,KPX_public_sukub_csv
2025-07-02 15:00:00,85406.233333,104457.166667,KPX_public_sukub_csv
2025-07-02 16:00:00,87598.154545,103533.545455,KPX_public_sukub_csv
2025-07-02 17:00:00,88414.091667,102817.25,KPX_public_sukub_csv
2025-07-02 18:00:00,89050.709091,101766.0,KPX_public_sukub_csv
2025-07-02 19:00:00,88688.658333,101330.666667,KPX_public_sukub_csv
2025-07-02 20:00:00,86485.65,101667.5,KPX_public_sukub_csv
2025-07-02 21:00:00,82447.816667,100775.75,KPX_public_sukub_csv
2025-07-02 22:00:00,78364.783333,100689.166667,KPX_public_sukub_csv
2025-07-02 23:00:00,73893.208333,100371.633333,KPX_public_sukub_csv
2025-07-03 00:00:00,68359.575,99784.325,KPX_public_sukub_csv
2025-07-03 01:00:00,65191.191667,99869.683333,KPX_public_sukub_csv
2025-07-03 02:00:00,63330.758333,99859.483333,KPX_public_sukub_csv
2025-07-03 03:00:00,62167.108333,99897.308333,KPX_public_sukub_csv
2025-07-03 04:00:00,61794.55,99977.05,KPX_public_sukub_csv
2025-07-03 05:00:00,62629.9,99730.675,KPX_public_sukub_csv
2025-07-03 06:00:00,65753.633333,99998.775,KPX_public_sukub_csv
2025-07-03 07:00:00,71296.775,101336.25,KPX_public_sukub_csv
2025-07-03 08:00:00,77648.225,101518.75,KPX_public_sukub_csv
2025-07-03 09:00:00,81066.383333,102749.083333,KPX_public_sukub_csv
2025-07-03 10:00:00,81472.566667,103562.5,KPX_public_sukub_csv
2025-07-03 11:00:00,80315.6,104052.416667,KPX_public_sukub_csv
2025-07-03 12:00:00,77594.775,104520.916667,KPX_public_sukub_csv
2025-07-03 13:00:00,80831.341667,104751.666667,KPX_public_sukub_csv
2025-07-03 14:00:00,83054.141667,103665.333333,KPX_public_sukub_csv
2025-07-03 15:00:00,84621.3,103125.083333,KPX_public_sukub_csv
2025-07-03 16:00:00,87284.191667,103907.916667,KPX_public_sukub_csv
2025-07-03 17:00:00,88231.133333,103313.5,KPX_public_sukub_csv
2025-07-03 18:00:00,89101.141667,101987.583333,KPX_public_sukub_csv
2025-07-03 19:00:00,88499.816667,101164.0,KPX_public_sukub_csv
2025-07-03 20:00:00,86117.25,100986.083333,KPX_public_sukub_csv
2025-07-03 21:00:00,81825.833333,99823.3,KPX_public_sukub_csv
2025-07-03 22:00:00,77916.808333,99641.1,KPX_public_sukub_csv
2025-07-03 23:00:00,73448.0,99599.645455,KPX_public_sukub_csv
2025-07-04 00:00:00,67794.925,99679.575,KPX_public_sukub_csv
2025-07-04 01:00:00,64786.983333,99723.8,KPX_public_sukub_csv
2025-07-04 02:00:00,62618.0,98699.5,KPX_public_sukub_csv
2025-07-04 03:00:00,61638.458333,98770.066667,KPX_public_sukub_csv
2025-07-04 04:00:00,61180.075,99031.633333,KPX_public_sukub_csv
2025-07-04 05:00:00,61871.916667,98793.458333,KPX_public_sukub_csv
2025-07-04 06:00:00,64622.85,99033.641667,KPX_public_sukub_csv
2025-07-04 07:00:00,69403.925,99778.2,KPX_public_sukub_csv
2025-07-04 08:00:00,75391.908333,100029.583333,KPX_public_sukub_csv
2025-07-04 09:00:00,78915.958333,100600.416667,KPX_public_sukub_csv
2025-07-04 10:00:00,79929.533333,100773.5,KPX_public_sukub_csv
2025-07-04 11:00:00,79437.041667,101071.666667,KPX_public_sukub_csv
2025-07-04 12:00:00,77580.591667,101394.583333,KPX_public_sukub_csv
2025-07-04 13:00:00,80260.133333,101692.416667,KPX_public_sukub_csv
2025-07-04 14:00:00,82570.725,101620.833333,KPX_public_sukub_csv
2025-07-04 15:00:00,83590.733333,101038.333333,KPX_public_sukub_csv
2025-07-04 16:00:00,84875.883333,100266.833333,KPX_public_sukub_csv
2025-07-04 17:00:00,84516.558333,99268.383333,KPX_public_sukub_csv
2025-07-04 18:00:00,84608.141667,99351.275,KPX_public_sukub_csv
2025-07-04 19:00:00,84636.033333,99266.183333,KPX_public_sukub_csv
2025-07-04 20:00:00,82946.4,99268.125,KPX_public_sukub_csv
2025-07-04 21:00:00,79147.908333,98858.916667,KPX_public_sukub_csv
2025-07-04 22:00:00,75875.15,98480.908333,KPX_public_sukub_csv
2025-07-04 23:00:00,72194.072727,98449.909091,KPX_public_sukub_csv
2025-07-05 00:00:00,67150.891667,97199.95,KPX_public_sukub_csv
2025-07-05 01:00:00,64043.233333,97171.466667,KPX_public_sukub_csv
2025-07-05 02:00:00,61817.808333,97617.316667,KPX_public_sukub_csv
2025-07-05 03:00:00,60415.45,97731.216667,KPX_public_sukub_csv
2025-07-05 04:00:00,59668.491667,97788.35,KPX_public_sukub_csv
2025-07-05 05:00:00,59393.025,97751.058333,KPX_public_sukub_csv
2025-07-05 06:00:00,60193.883333,98044.7,KPX_public_sukub_csv
2025-07-05 07:00:00,60899.958333,98728.983333,KPX_public_sukub_csv
2025-07-05 08:00:00,62760.808333,98810.525,KPX_public_sukub_csv
2025-07-05 09:00:00,64904.141667,99382.55,KPX_public_sukub_csv
2025-07-05 10:00:00,65888.716667,99988.791667,KPX_public_sukub_csv
2025-07-05 11:00:00,65720.025,100351.916667,KPX_public_sukub_csv
2025-07-05 12:00:00,64812.933333,100748.0,KPX_public_sukub_csv
2025-07-05 13:00:00,66074.466667,100935.0,KPX_public_sukub_csv
2025-07-05 14:00:00,67545.266667,101104.5,KPX_public_sukub_csv
2025-07-05 15:00:00,69293.391667,101434.916667,KPX_public_sukub_csv
2025-07-05 16:00:00,71853.683333,100541.083333,KPX_public_sukub_csv
2025-07-05 17:00:00,74451.433333,100214.025,KPX_public_sukub_csv
2025-07-05 18:00:00,77153.558333,99683.65,KPX_public_sukub_csv
2025-07-05 19:00:00,77864.736364,99464.054545,KPX_public_sukub_csv
2025-07-05 20:00:00,77387.141667,99393.533333,KPX_public_sukub_csv
2025-07-05 21:00:00,74588.916667,99294.6,KPX_public_sukub_csv
2025-07-05 22:00:00,71582.475,99092.85,KPX_public_sukub_csv
2025-07-05 23:00:00,68162.836364,99026.318182,KPX_public_sukub_csv
2025-07-06 00:00:00,63491.116667,99561.516667,KPX_public_sukub_csv
2025-07-06 01:00:00,60380.908333,99642.083333,KPX_public_sukub_csv
2025-07-06 02:00:00,58246.408333,98572.275,KPX_public_sukub_csv
2025-07-06 03:00:00,56991.733333,98535.425,KPX_public_sukub_csv
2025-07-06 04:00:00,56442.4,98084.333333,KPX_public_sukub_csv
2025-07-06 05:00:00,56332.741667,97740.775,KPX_public_sukub_csv
2025-07-06 06:00:00,56739.008333,95613.883333,KPX_public_sukub_csv
2025-07-06 07:00:00,57301.6,96109.566667,KPX_public_sukub_csv
2025-07-06 08:00:00,58319.216667,95884.066667,KPX_public_sukub_csv
2025-07-06 09:00:00,59557.5,97410.266667,KPX_public_sukub_csv
2025-07-06 10:00:00,60374.7,98643.666667,KPX_public_sukub_csv
2025-07-06 11:00:00,60526.4,99242.833333,KPX_public_sukub_csv
2025-07-06 12:00:00,61524.958333,99693.975,KPX_public_sukub_csv
2025-07-06 13:00:00,63501.858333,99860.65,KPX_public_sukub_csv
2025-07-06 14:00:00,65413.291667,99832.091667,KPX_public_sukub_csv
2025-07-06 15:00:00,67578.891667,100973.808333,KPX_public_sukub_csv
2025-07-06 16:00:00,70727.15,100433.608333,KPX_public_sukub_csv
2025-07-06 17:00:00,74283.2,100120.066667,KPX_public_sukub_csv
2025-07-06 18:00:00,77301.691667,99368.591667,KPX_public_sukub_csv
2025-07-06 19:00:00,78663.491667,98958.266667,KPX_public_sukub_csv
2025-07-06 20:00:00,78349.216667,98741.841667,KPX_public_sukub_csv
2025-07-06 21:00:00,75400.575,99068.208333,KPX_public_sukub_csv
2025-07-06 22:00:00,71714.991667,98704.2,KPX_public_sukub_csv
2025-07-06 23:00:00,67815.718182,98749.736364,KPX_public_sukub_csv
2025-07-07 00:00:00,63091.475,98623.15,KPX_public_sukub_csv
2025-07-07 01:00:00,60235.927273,98833.009091,KPX_public_sukub_csv
2025-07-07 02:00:00,58284.891667,98937.333333,KPX_public_sukub_csv
2025-07-07 03:00:00,57441.491667,98924.833333,KPX_public_sukub_csv
2025-07-07 04:00:00,57600.190909,98448.145455,KPX_public_sukub_csv
2025-07-07 05:00:00,58948.625,98454.108333,KPX_public_sukub_csv
2025-07-07 06:00:00,63187.716667,100013.3,KPX_public_sukub_csv
2025-07-07 07:00:00,70075.783333,101285.916667,KPX_public_sukub_csv
2025-07-07 08:00:00,78564.933333,102211.75,KPX_public_sukub_csv
2025-07-07 09:00:00,82919.808333,103664.916667,KPX_public_sukub_csv
2025-07-07 10:00:00,83403.283333,104590.583333,KPX_public_sukub_csv
2025-07-07 11:00:00,82397.108333,105056.833333,KPX_public_sukub_csv
2025-07-07 12:00:00,80638.866667,105295.666667,KPX_public_sukub_csv
2025-07-07 13:00:00,84502.025,105171.25,KPX_public_sukub_csv
2025-07-07 14:00:00,87018.1,105183.166667,KPX_public_sukub_csv
2025-07-07 15:00:00,88742.341667,104701.75,KPX_public_sukub_csv
2025-07-07 16:00:00,91577.390909,103918.636364,KPX_public_sukub_csv
2025-07-07 17:00:00,92589.858333,103743.833333,KPX_public_sukub_csv
2025-07-07 18:00:00,93288.008333,103357.333333,KPX_public_sukub_csv
2025-07-07 19:00:00,92728.575,103394.25,KPX_public_sukub_csv
2025-07-07 20:00:00,89746.308333,103554.75,KPX_public_sukub_csv
2025-07-07 21:00:00,85117.95,102858.083333,KPX_public_sukub_csv
2025-07-07 22:00:00,80765.65,102416.833333,KPX_public_sukub_csv
2025-07-07 23:00:00,76062.772727,102450.909091,KPX_public_sukub_csv
2025-07-08 00:00:00,70044.666667,102457.333333,KPX_public_sukub_csv
2025-07-08 01:00:00,66773.2,102458.666667,KPX_public_sukub_csv
2025-07-08 02:00:00,64827.891667,101731.666667,KPX_public_sukub_csv
2025-07-08 03:00:00,63403.275,101782.166667,KPX_public_sukub_csv
2025-07-08 04:00:00,63011.233333,101839.166667,KPX_public_sukub_csv
2025-07-08 05:00:00,63895.225,101671.083333,KPX_public_sukub_csv
2025-07-08 06:00:00,67168.375,101447.416667,KPX_public_sukub_csv
2025-07-08 07:00:00,72756.716667,101410.833333,KPX_public_sukub_csv
2025-07-08 08:00:00,79319.975,101518.166667,KPX_public_sukub_csv
2025-07-08 09:00:00,83777.441667,102576.916667,KPX_public_sukub_csv
2025-07-08 10:00:00,85554.975,103380.583333,KPX_public_sukub_csv
2025-07-08 11:00:00,85488.141667,104372.25,KPX_public_sukub_csv
2025-07-08 12:00:00,84140.05,104579.5,KPX_public_sukub_csv
2025-07-08 13:00:00,88102.825,105517.416667,KPX_public_sukub_csv
2025-07-08 14:00:00,90223.083333,105578.583333,KPX_public_sukub_csv
2025-07-08 15:00:00,92000.775,105053.25,KPX_public_sukub_csv
2025-07-08 16:00:00,94882.558333,104986.333333,KPX_public_sukub_csv
2025-07-08 17:00:00,95690.716667,105001.25,KPX_public_sukub_csv
2025-07-08 18:00:00,94758.308333,104076.166667,KPX_public_sukub_csv
2025-07-08 19:00:00,93125.95,103650.916667,KPX_public_sukub_csv
2025-07-08 20:00:00,89981.041667,103310.083333,KPX_public_sukub_csv
2025-07-08 21:00:00,85441.241667,102817.0,KPX_public_sukub_csv
2025-07-08 22:00:00,81326.545455,102183.363636,KPX_public_sukub_csv
2025-07-08 23:00:00,76467.675,102213.333333,KPX_public_sukub_csv
2025-07-09 00:00:00,70721.041667,102153.583333,KPX_public_sukub_csv
2025-07-09 01:00:00,67254.558333,102201.75,KPX_public_sukub_csv
2025-07-09 02:00:00,65093.291667,101200.833333,KPX_public_sukub_csv
2025-07-09 03:00:00,63696.083333,101230.833333,KPX_public_sukub_csv
2025-07-09 04:00:00,63406.691667,101309.0,KPX_public_sukub_csv
2025-07-09 05:00:00,64198.725,101069.333333,KPX_public_sukub_csv
2025-07-09 06:00:00,67442.491667,101218.833333,KPX_public_sukub_csv
2025-07-09 07:00:00,72383.458333,102161.166667,KPX_public_sukub_csv
2025-07-09 08:00:00,78011.375,103245.916667,KPX_public_sukub_csv
2025-07-09 09:00:00,81412.175,104545.5,KPX_public_sukub_csv
2025-07-09 10:00:00,82088.433333,105320.833333,KPX_public_sukub_csv
2025-07-09 11:00:00,81413.791667,105596.333333,KPX_public_sukub_csv
2025-07-09 12:00:00,79337.381818,105989.090909,KPX_public_sukub_csv
2025-07-09 13:00:00,82848.125,106333.083333,KPX_public_sukub_csv
2025-07-09 14:00:00,85331.883333,106676.916667,KPX_public_sukub_csv
2025-07-09 15:00:00,87063.025,106357.0,KPX_public_sukub_csv
2025-07-09 16:00:00,90016.766667,105526.416667,KPX_public_sukub_csv
2025-07-09 17:00:00,91271.658333,105020.0,KPX_public_sukub_csv
2025-07-09 18:00:00,92630.216667,104107.666667,KPX_public_sukub_csv
2025-07-09 19:00:00,92469.291667,103387.666667,KPX_public_sukub_csv
2025-07-09 20:00:00,89941.866667,103319.833333,KPX_public_sukub_csv
2025-07-09 21:00:00,85477.316667,102927.0,KPX_public_sukub_csv
2025-07-09 22:00:00,81176.766667,102445.916667,KPX_public_sukub_csv
2025-07-09 23:00:00,76451.536364,102198.636364,KPX_public_sukub_csv
2025-07-10 00:00:00,70350.541667,102344.416667,KPX_public_sukub_csv
2025-07-10 01:00:00,66880.408333,102360.416667,KPX_public_sukub_csv
2025-07-10 02:00:00,64588.691667,102636.583333,KPX_public_sukub_csv
2025-07-10 03:00:00,63047.775,103431.5,KPX_public_sukub_csv
2025-07-10 04:00:00,62562.541667,103858.916667,KPX_public_sukub_csv
2025-07-10 05:00:00,63365.733333,103310.666667,KPX_public_sukub_csv
2025-07-10 06:00:00,66395.0,103613.333333,KPX_public_sukub_csv
2025-07-10 07:00:00,71186.375,104253.083333,KPX_public_sukub_csv
2025-07-10 08:00:00,76838.158333,103929.583333,KPX_public_sukub_csv
2025-07-10 09:00:00,79774.816667,104725.166667,KPX_public_sukub_csv
2025-07-10 10:00:00,80080.083333,105887.75,KPX_public_sukub_csv
2025-07-10 11:00:00,78819.183333,106658.75,KPX_public_sukub_csv
2025-07-10 12:00:00,76767.341667,107246.75,KPX_public_sukub_csv
2025-07-10 13:00:00,80593.333333,107908.583333,KPX_public_sukub_csv
2025-07-10 14:00:00,83451.016667,107636.5,KPX_public_sukub_csv
2025-07-10 15:00:00,85355.608333,106926.0,KPX_public_sukub_csv
2025-07-10 16:00:00,88348.733333,105959.333333,KPX_public_sukub_csv
2025-07-10 17:00:00,89724.316667,105532.916667,KPX_public_sukub_csv
2025-07-10 18:00:00,90681.55,104551.833333,KPX_public_sukub_csv
2025-07-10 19:00:00,90018.616667,104132.166667,KPX_public_sukub_csv
2025-07-10 20:00:00,87191.775,104089.333333,KPX_public_sukub_csv
2025-07-10 21:00:00,82545.933333,104003.333333,KPX_public_sukub_csv
2025-07-10 22:00:00,78298.933333,103903.666667,KPX_public_sukub_csv
2025-07-10 23:00:00,73998.218182,103945.090909,KPX_public_sukub_csv
2025-07-11 00:00:00,68024.675,102483.5,KPX_public_sukub_csv
2025-07-11 01:00:00,64665.05,102495.833333,KPX_public_sukub_csv
2025-07-11 02:00:00,62475.916667,102560.166667,KPX_public_sukub_csv
2025-07-11 03:00:00,61136.525,102920.0,KPX_public_sukub_csv
2025-07-11 04:00:00,60728.341667,102977.75,KPX_public_sukub_csv
2025-07-11 05:00:00,61349.283333,102722.333333,KPX_public_sukub_csv
2025-07-11 06:00:00,64137.658333,103120.75,KPX_public_sukub_csv
2025-07-11 07:00:00,68068.008333,103743.333333,KPX_public_sukub_csv
2025-07-11 08:00:00,72786.033333,103938.166667,KPX_public_sukub_csv
2025-07-11 09:00:00,75799.766667,104782.25,KPX_public_sukub_csv
2025-07-11 10:00:00,76741.6,105439.666667,KPX_public_sukub_csv
2025-07-11 11:00:00,75774.725,106315.916667,KPX_public_sukub_csv
2025-07-11 12:00:00,73509.716667,106730.0,KPX_public_sukub_csv
2025-07-11 13:00:00,77369.791667,106779.416667,KPX_public_sukub_csv
2025-07-11 14:00:00,80334.033333,106418.833333,KPX_public_sukub_csv
2025-07-11 15:00:00,82453.083333,105921.583333,KPX_public_sukub_csv
2025-07-11 16:00:00,85623.766667,104873.416667,KPX_public_sukub_csv
2025-07-11 17:00:00,86846.458333,104420.083333,KPX_public_sukub_csv
2025-07-11 18:00:00,87185.991667,103446.666667,KPX_public_sukub_csv
2025-07-11 19:00:00,86633.166667,102973.666667,KPX_public_sukub_csv
2025-07-11 20:00:00,84739.258333,102918.666667,KPX_public_sukub_csv
2025-07-11 21:00:00,80486.841667,102830.75,KPX_public_sukub_csv
2025-07-11 22:00:00,76734.9,102281.583333,KPX_public_sukub_csv
2025-07-11 23:00:00,72473.0,101848.75,KPX_public_sukub_csv
2025-07-12 00:00:00,67138.816667,98877.908333,KPX_public_sukub_csv
2025-07-12 01:00:00,63689.425,98671.316667,KPX_public_sukub_csv
2025-07-12 02:00:00,61218.158333,99665.983333,KPX_public_sukub_csv
2025-07-12 03:00:00,59672.683333,100021.25,KPX_public_sukub_csv
2025-07-12 04:00:00,59011.233333,100213.416667,KPX_public_sukub_csv
2025-07-12 05:00:00,58664.158333,100203.583333,KPX_public_sukub_csv
2025-07-12 06:00:00,59096.975,100379.166667,KPX_public_sukub_csv
2025-07-12 07:00:00,59154.016667,100962.0,KPX_public_sukub_csv
2025-07-12 08:00:00,59363.141667,101082.416667,KPX_public_sukub_csv
2025-07-12 09:00:00,61157.383333,101958.666667,KPX_public_sukub_csv
2025-07-12 10:00:00,62563.991667,101365.75,KPX_public_sukub_csv
2025-07-12 11:00:00,62499.125,101438.0,KPX_public_sukub_csv
2025-07-12 12:00:00,62006.416667,101823.166667,KPX_public_sukub_csv
2025-07-12 13:00:00,64003.233333,101987.0,KPX_public_sukub_csv
2025-07-12 14:00:00,65815.475,101504.833333,KPX_public_sukub_csv
2025-07-12 15:00:00,67513.475,100606.416667,KPX_public_sukub_csv
2025-07-12 16:00:00,70833.266667,100089.908333,KPX_public_sukub_csv
2025-07-12 17:00:00,73755.241667,100657.683333,KPX_public_sukub_csv
2025-07-12 18:00:00,76363.591667,99804.891667,KPX_public_sukub_csv
2025-07-12 19:00:00,77134.175,99421.45,KPX_public_sukub_csv
2025-07-12 20:00:00,76423.766667,99287.641667,KPX_public_sukub_csv
2025-07-12 21:00:00,73434.216667,99111.416667,KPX_public_sukub_csv
2025-07-12 22:00:00,70470.341667,98994.466667,KPX_public_sukub_csv
2025-07-12 23:00:00,67173.9,99324.454545,KPX_public_sukub_csv
2025-07-13 00:00:00,62589.475,99448.75,KPX_public_sukub_csv
2025-07-13 01:00:00,59602.825,99527.433333,KPX_public_sukub_csv
2025-07-13 02:00:00,57538.4,98406.766667,KPX_public_sukub_csv
2025-07-13 03:00:00,56074.291667,98470.866667,KPX_public_sukub_csv
2025-07-13 04:00:00,55473.525,98697.375,KPX_public_sukub_csv
2025-07-13 05:00:00,55159.05,98784.425,KPX_public_sukub_csv
2025-07-13 06:00:00,55320.95,98909.475,KPX_public_sukub_csv
2025-07-13 07:00:00,55736.825,99269.341667,KPX_public_sukub_csv
2025-07-13 08:00:00,56882.033333,98623.483333,KPX_public_sukub_csv
2025-07-13 09:00:00,59314.608333,99038.283333,KPX_public_sukub_csv
2025-07-13 10:00:00,61845.016667,99498.766667,KPX_public_sukub_csv
2025-07-13 11:00:00,64919.741667,99180.3,KPX_public_sukub_csv
2025-07-13 12:00:00,67406.983333,98540.891667,KPX_public_sukub_csv
2025-07-13 13:00:00,68872.691667,98036.341667,KPX_public_sukub_csv
2025-07-13 14:00:00,69110.466667,97670.491667,KPX_public_sukub_csv
2025-07-13 15:00:00,69104.625,98549.075,KPX_public_sukub_csv
2025-07-13 16:00:00,69603.741667,99313.691667,KPX_public_sukub_csv
2025-07-13 17:00:00,70765.691667,100209.016667,KPX_public_sukub_csv
2025-07-13 18:00:00,71850.3,100213.363636,KPX_public_sukub_csv
2025-07-13 19:00:00,71969.15,100183.708333,KPX_public_sukub_csv
2025-07-13 20:00:00,71391.425,100228.875,KPX_public_sukub_csv
2025-07-13 21:00:00,68657.058333,100372.0,KPX_public_sukub_csv
2025-07-13 22:00:00,65440.666667,100445.083333,KPX_public_sukub_csv
2025-07-13 23:00:00,62451.963636,100462.545455,KPX_public_sukub_csv
2025-07-14 00:00:00,58656.3,102849.583333,KPX_public_sukub_csv
2025-07-14 01:00:00,56223.55,102815.833333,KPX_public_sukub_csv
2025-07-14 02:00:00,54780.075,101985.0,KPX_public_sukub_csv
2025-07-14 03:00:00,54048.066667,102079.0,KPX_public_sukub_csv
2025-07-14 04:00:00,54298.441667,102251.5,KPX_public_sukub_csv
2025-07-14 05:00:00,55804.016667,102721.75,KPX_public_sukub_csv
2025-07-14 06:00:00,59285.516667,103515.666667,KPX_public_sukub_csv
2025-07-14 07:00:00,64976.883333,104311.166667,KPX_public_sukub_csv
2025-07-14 08:00:00,71430.783333,104768.25,KPX_public_sukub_csv
2025-07-14 09:00:00,75547.975,105695.166667,KPX_public_sukub_csv
2025-07-14 10:00:00,76579.390909,106117.636364,KPX_public_sukub_csv
2025-07-14 11:00:00,75531.466667,106659.333333,KPX_public_sukub_csv
2025-07-14 12:00:00,72990.175,107125.333333,KPX_public_sukub_csv
2025-07-14 13:00:00,75489.5,107480.75,KPX_public_sukub_csv
2025-07-14 14:00:00,77428.658333,107612.333333,KPX_public_sukub_csv
2025-07-14 15:00:00,78619.690909,106522.818182,KPX_public_sukub_csv
2025-07-14 16:00:00,80110.725,105935.25,KPX_public_sukub_csv
2025-07-14 17:00:00,79903.608333,106337.416667,KPX_public_sukub_csv
2025-07-14 18:00:00,79173.591667,105866.666667,KPX_public_sukub_csv
2025-07-14 19:00:00,78252.366667,105524.75,KPX_public_sukub_csv
2025-07-14 20:00:00,76326.825,104916.833333,KPX_public_sukub_csv
2025-07-14 21:00:00,72872.875,104503.166667,KPX_public_sukub_csv
2025-07-14 22:00:00,70186.4,104385.75,KPX_public_sukub_csv
2025-07-14 23:00:00,66996.983333,104320.0,KPX_public_sukub_csv
2025-07-15 00:00:00,62650.683333,104512.833333,KPX_public_sukub_csv
2025-07-15 01:00:00,60387.45,104488.166667,KPX_public_sukub_csv
2025-07-15 02:00:00,59007.45,103656.25,KPX_public_sukub_csv
2025-07-15 03:00:00,58178.25,103530.666667,KPX_public_sukub_csv
2025-07-15 04:00:00,58491.55,103435.5,KPX_public_sukub_csv
2025-07-15 05:00:00,59437.733333,103620.166667,KPX_public_sukub_csv
2025-07-15 06:00:00,62859.441667,103914.833333,KPX_public_sukub_csv
2025-07-15 07:00:00,67849.45,104219.583333,KPX_public_sukub_csv
2025-07-15 08:00:00,73766.216667,104819.833333,KPX_public_sukub_csv
2025-07-15 09:00:00,76911.491667,105277.666667,KPX_public_sukub_csv
2025-07-15 10:00:00,77416.666667,105726.416667,KPX_public_sukub_csv
2025-07-15 11:00:00,76790.266667,105908.5,KPX_public_sukub_csv
2025-07-15 12:00:00,75110.5,105956.416667,KPX_public_sukub_csv
2025-07-15 13:00:00,77491.458333,106185.833333,KPX_public_sukub_csv
2025-07-15 14:00:00,77869.516667,106349.083333,KPX_public_sukub_csv
2025-07-15 15:00:00,77424.258333,106201.25,KPX_public_sukub_csv
2025-07-15 16:00:00,78765.2,105970.916667,KPX_public_sukub_csv
2025-07-15 17:00:00,78686.141667,106079.333333,KPX_public_sukub_csv
2025-07-15 18:00:00,78773.341667,105597.5,KPX_public_sukub_csv
2025-07-15 19:00:00,78626.991667,105106.75,KPX_public_sukub_csv
2025-07-15 20:00:00,76767.7,104897.833333,KPX_public_sukub_csv
2025-07-15 21:00:00,73611.541667,104809.916667,KPX_public_sukub_csv
2025-07-15 22:00:00,71392.8,104707.75,KPX_public_sukub_csv
2025-07-15 23:00:00,68334.636364,104739.0,KPX_public_sukub_csv
2025-07-16 00:00:00,63497.091667,104766.25,KPX_public_sukub_csv
2025-07-16 01:00:00,60892.341667,104813.75,KPX_public_sukub_csv
2025-07-16 02:00:00,59646.65,104908.75,KPX_public_sukub_csv
2025-07-16 03:00:00,58922.725,104992.0,KPX_public_sukub_csv
2025-07-16 04:00:00,58610.866667,104947.5,KPX_public_sukub_csv
2025-07-16 05:00:00,59529.5,104887.333333,KPX_public_sukub_csv
2025-07-16 06:00:00,63186.075,103434.333333,KPX_public_sukub_csv
2025-07-16 07:00:00,68741.825,103513.416667,KPX_public_sukub_csv
2025-07-16 08:00:00,76107.933333,103605.083333,KPX_public_sukub_csv
2025-07-16 09:00:00,81160.433333,103678.0,KPX_public_sukub_csv
2025-07-16 10:00:00,82900.983333,104093.833333,KPX_public_sukub_csv
2025-07-16 11:00:00,81863.558333,103581.166667,KPX_public_sukub_csv
2025-07-16 12:00:00,78935.916667,104300.75,KPX_public_sukub_csv
2025-07-16 13:00:00,80952.633333,105217.083333,KPX_public_sukub_csv
2025-07-16 14:00:00,81319.175,105534.333333,KPX_public_sukub_csv
2025-07-16 15:00:00,81036.408333,105180.166667,KPX_public_sukub_csv
2025-07-16 16:00:00,80629.833333,105426.75,KPX_public_sukub_csv
2025-07-16 17:00:00,78735.708333,106038.166667,KPX_public_sukub_csv
2025-07-16 18:00:00,77465.458333,105790.75,KPX_public_sukub_csv
2025-07-16 19:00:00,76485.85,105381.916667,KPX_public_sukub_csv
2025-07-16 20:00:00,74862.433333,105357.583333,KPX_public_sukub_csv
2025-07-16 21:00:00,71947.7,105559.583333,KPX_public_sukub_csv
2025-07-16 22:00:00,69677.85,104488.083333,KPX_public_sukub_csv
2025-07-16 23:00:00,66934.254545,104472.363636,KPX_public_sukub_csv
2025-07-17 00:00:00,62738.766667,104466.333333,KPX_public_sukub_csv
2025-07-17 01:00:00,60537.033333,104490.416667,KPX_public_sukub_csv
2025-07-17 02:00:00,59531.872727,104535.818182,KPX_public_sukub_csv
2025-07-17 03:00:00,59108.758333,104300.333333,KPX_public_sukub_csv
2025-07-17 04:00:00,58906.158333,104034.416667,KPX_public_sukub_csv
2025-07-17 05:00:00,59734.808333,103994.25,KPX_public_sukub_csv
2025-07-17 06:00:00,63105.35,103983.666667,KPX_public_sukub_csv
2025-07-17 07:00:00,69044.783333,104416.5,KPX_public_sukub_csv
2025-07-17 08:00:00,76377.183333,104658.583333,KPX_public_sukub_csv
2025-07-17 09:00:00,80505.436364,105308.545455,KPX_public_sukub_csv
2025-07-17 10:00:00,82105.308333,105519.583333,KPX_public_sukub_csv
2025-07-17 11:00:00,81336.8,105565.666667,KPX_public_sukub_csv
2025-07-17 12:00:00,79325.209091,105174.090909,KPX_public_sukub_csv
2025-07-17 13:00:00,81659.033333,105002.333333,KPX_public_sukub_csv
2025-07-17 14:00:00,82563.866667,104587.25,KPX_public_sukub_csv
2025-07-17 15:00:00,82503.858333,104582.416667,KPX_public_sukub_csv
2025-07-17 16:00:00,82489.558333,104850.5,KPX_public_sukub_csv
2025-07-17 17:00:00,80880.383333,105288.833333,KPX_public_sukub_csv
2025-07-17 18:00:00,79352.191667,105386.666667,KPX_public_sukub_csv
2025-07-17 19:00:00,77945.325,105615.25,KPX_public_sukub_csv
2025-07-17 20:00:00,75974.041667,105932.75,KPX_public_sukub_csv
2025-07-17 21:00:00,72806.175,105950.75,KPX_public_sukub_csv
2025-07-17 22:00:00,70302.9,105910.083333,KPX_public_sukub_csv
2025-07-17 23:00:00,67475.208333,105791.5,KPX_public_sukub_csv
2025-07-18 00:00:00,63264.683333,105349.083333,KPX_public_sukub_csv
2025-07-18 01:00:00,60886.558333,104796.666667,KPX_public_sukub_csv
2025-07-18 02:00:00,59320.283333,103943.833333,KPX_public_sukub_csv
2025-07-18 03:00:00,58258.516667,103955.916667,KPX_public_sukub_csv
2025-07-18 04:00:00,58138.991667,103881.75,KPX_public_sukub_csv
2025-07-18 05:00:00,58910.475,103770.0,KPX_public_sukub_csv
2025-07-18 06:00:00,61818.3,104049.666667,KPX_public_sukub_csv
2025-07-18 07:00:00,66088.4,104642.916667,KPX_public_sukub_csv
2025-07-18 08:00:00,70910.925,105456.25,KPX_public_sukub_csv
2025-07-18 09:00:00,73747.891667,106538.333333,KPX_public_sukub_csv
2025-07-18 10:00:00,75747.325,107032.833333,KPX_public_sukub_csv
2025-07-18 11:00:00,75463.466667,106695.583333,KPX_public_sukub_csv
2025-07-18 12:00:00,73825.133333,106468.166667,KPX_public_sukub_csv
2025-07-18 13:00:00,76644.175,106200.166667,KPX_public_sukub_csv
2025-07-18 14:00:00,79435.433333,105728.666667,KPX_public_sukub_csv
2025-07-18 15:00:00,80412.791667,105321.25,KPX_public_sukub_csv
2025-07-18 16:00:00,81574.875,105559.5,KPX_public_sukub_csv
2025-07-18 17:00:00,80674.833333,105763.0,KPX_public_sukub_csv
2025-07-18 18:00:00,79476.591667,105674.75,KPX_public_sukub_csv
2025-07-18 19:00:00,78927.85,105484.666667,KPX_public_sukub_csv
2025-07-18 20:00:00,77138.816667,105346.583333,KPX_public_sukub_csv
2025-07-18 21:00:00,73682.25,105264.083333,KPX_public_sukub_csv
2025-07-18 22:00:00,71193.858333,105296.416667,KPX_public_sukub_csv
2025-07-18 23:00:00,68202.790909,105064.454545,KPX_public_sukub_csv
2025-07-19 00:00:00,63658.533333,102922.833333,KPX_public_sukub_csv
2025-07-19 01:00:00,61016.825,102837.25,KPX_public_sukub_csv
2025-07-19 02:00:00,59179.158333,101424.25,KPX_public_sukub_csv
2025-07-19 03:00:00,58041.241667,100865.5,KPX_public_sukub_csv
2025-07-19 04:00:00,57486.808333,100889.333333,KPX_public_sukub_csv
2025-07-19 05:00:00,57435.45,100773.166667,KPX_public_sukub_csv
2025-07-19 06:00:00,58994.958333,100399.916667,KPX_public_sukub_csv
2025-07-19 07:00:00,61026.366667,101231.75,KPX_public_sukub_csv
2025-07-19 08:00:00,63968.025,101187.583333,KPX_public_sukub_csv
2025-07-19 09:00:00,67204.541667,101230.916667,KPX_public_sukub_csv
2025-07-19 10:00:00,69560.408333,101378.75,KPX_public_sukub_csv
2025-07-19 11:00:00,69800.725,101493.25,KPX_public_sukub_csv
2025-07-19 12:00:00,67856.908333,101787.75,KPX_public_sukub_csv
2025-07-19 13:00:00,67733.35,102334.083333,KPX_public_sukub_csv
2025-07-19 14:00:00,67162.941667,102373.416667,KPX_public_sukub_csv
2025-07-19 15:00:00,66862.4,103845.083333,KPX_public_sukub_csv
2025-07-19 16:00:00,67735.891667,103664.25,KPX_public_sukub_csv
2025-07-19 17:00:00,68238.116667,104094.416667,KPX_public_sukub_csv
2025-07-19 18:00:00,69594.858333,103664.833333,KPX_public_sukub_csv
2025-07-19 19:00:00,70405.741667,103270.25,KPX_public_sukub_csv
2025-07-19 20:00:00,69971.108333,103035.916667,KPX_public_sukub_csv
2025-07-19 21:00:00,67778.958333,102969.083333,KPX_public_sukub_csv
2025-07-19 22:00:00,66050.333333,103106.583333,KPX_public_sukub_csv
2025-07-19 23:00:00,63414.966667,103189.25,KPX_public_sukub_csv
2025-07-20 00:00:00,59541.375,101863.583333,KPX_public_sukub_csv
2025-07-20 01:00:00,57060.85,101618.583333,KPX_public_sukub_csv
2025-07-20 02:00:00,55371.541667,100406.5,KPX_public_sukub_csv
2025-07-20 03:00:00,54263.083333,99432.408333,KPX_public_sukub_csv
2025-07-20 04:00:00,53737.583333,99346.6,KPX_public_sukub_csv
2025-07-20 05:00:00,53684.225,99291.516667,KPX_public_sukub_csv
2025-07-20 06:00:00,54345.15,99377.05,KPX_public_sukub_csv
2025-07-20 07:00:00,55022.083333,99957.2,KPX_public_sukub_csv
2025-07-20 08:00:00,55422.466667,100115.525,KPX_public_sukub_csv
2025-07-20 09:00:00,56365.383333,100707.5,KPX_public_sukub_csv
2025-07-20 10:00:00,57742.225,101362.0,KPX_public_sukub_csv
2025-07-20 11:00:00,58329.241667,102169.5,KPX_public_sukub_csv
2025-07-20 12:00:00,58830.716667,103129.5,KPX_public_sukub_csv
2025-07-20 13:00:00,60013.083333,104072.916667,KPX_public_sukub_csv
2025-07-20 14:00:00,60997.441667,103955.0,KPX_public_sukub_csv
2025-07-20 15:00:00,62494.433333,103349.416667,KPX_public_sukub_csv
2025-07-20 16:00:00,65499.4,102635.666667,KPX_public_sukub_csv
2025-07-20 17:00:00,69118.716667,102535.916667,KPX_public_sukub_csv
2025-07-20 18:00:00,72192.391667,102337.916667,KPX_public_sukub_csv
2025-07-20 19:00:00,73489.808333,101863.0,KPX_public_sukub_csv
2025-07-20 20:00:00,73376.816667,101684.916667,KPX_public_sukub_csv
2025-07-20 21:00:00,70646.508333,101568.416667,KPX_public_sukub_csv
2025-07-20 22:00:00,67205.416667,101428.166667,KPX_public_sukub_csv
2025-07-20 23:00:00,63630.666667,101567.916667,KPX_public_sukub_csv
2025-07-21 00:00:00,59476.254545,102980.909091,KPX_public_sukub_csv
2025-07-21 01:00:00,57149.691667,102993.833333,KPX_public_sukub_csv
2025-07-21 02:00:00,55478.825,103187.583333,KPX_public_sukub_csv
2025-07-21 03:00:00,54709.233333,103047.083333,KPX_public_sukub_csv
2025-07-21 04:00:00,54960.033333,103031.75,KPX_public_sukub_csv
2025-07-21 05:00:00,56558.058333,103007.5,KPX_public_sukub_csv
2025-07-21 06:00:00,60541.666667,103214.166667,KPX_public_sukub_csv
2025-07-21 07:00:00,66767.65,103762.083333,KPX_public_sukub_csv
2025-07-21 08:00:00,74504.875,105158.666667,KPX_public_sukub_csv
2025-07-21 09:00:00,78802.6,106039.833333,KPX_public_sukub_csv
2025-07-21 10:00:00,80323.566667,107011.083333,KPX_public_sukub_csv
2025-07-21 11:00:00,79470.816667,107367.25,KPX_public_sukub_csv
2025-07-21 12:00:00,78103.641667,107278.583333,KPX_public_sukub_csv
2025-07-21 13:00:00,81450.583333,107257.916667,KPX_public_sukub_csv
2025-07-21 14:00:00,83429.166667,106663.5,KPX_public_sukub_csv
2025-07-21 15:00:00,84453.35,106105.25,KPX_public_sukub_csv
2025-07-21 16:00:00,86299.316667,105698.583333,KPX_public_sukub_csv
2025-07-21 17:00:00,86313.641667,106045.333333,KPX_public_sukub_csv
2025-07-21 18:00:00,86599.625,105315.25,KPX_public_sukub_csv
2025-07-21 19:00:00,86223.858333,104790.75,KPX_public_sukub_csv
2025-07-21 20:00:00,83927.925,104573.0,KPX_public_sukub_csv
2025-07-21 21:00:00,79737.816667,104420.333333,KPX_public_sukub_csv
2025-07-21 22:00:00,76071.091667,103954.333333,KPX_public_sukub_csv
2025-07-21 23:00:00,71959.95,103999.416667,KPX_public_sukub_csv
2025-07-22 00:00:00,66826.925,104321.75,KPX_public_sukub_csv
2025-07-22 01:00:00,64071.9,104461.0,KPX_public_sukub_csv
2025-07-22 02:00:00,62210.141667,104446.583333,KPX_public_sukub_csv
2025-07-22 03:00:00,60875.708333,104422.333333,KPX_public_sukub_csv
2025-07-22 04:00:00,60644.591667,104330.583333,KPX_public_sukub_csv
2025-07-22 05:00:00,61594.641667,104280.333333,KPX_public_sukub_csv
2025-07-22 06:00:00,64707.391667,104407.75,KPX_public_sukub_csv
2025-07-22 07:00:00,69572.558333,105202.916667,KPX_public_sukub_csv
2025-07-22 08:00:00,75235.258333,105452.916667,KPX_public_sukub_csv
2025-07-22 09:00:00,78807.5,106355.75,KPX_public_sukub_csv
2025-07-22 10:00:00,80365.058333,107385.166667,KPX_public_sukub_csv
2025-07-22 11:00:00,79714.883333,107474.666667,KPX_public_sukub_csv
2025-07-22 12:00:00,77795.675,107590.583333,KPX_public_sukub_csv
2025-07-22 13:00:00,81093.133333,107895.25,KPX_public_sukub_csv
2025-07-22 14:00:00,83133.783333,107609.083333,KPX_public_sukub_csv
2025-07-22 15:00:00,84670.933333,107165.666667,KPX_public_sukub_csv
2025-07-22 16:00:00,86924.441667,106136.333333,KPX_public_sukub_csv
2025-07-22 17:00:00,87815.141667,106038.666667,KPX_public_sukub_csv
2025-07-22 18:00:00,88839.958333,105297.833333,KPX_public_sukub_csv
2025-07-22 19:00:00,88552.083333,105039.583333,KPX_public_sukub_csv
2025-07-22 20:00:00,85978.375,104664.25,KPX_public_sukub_csv
2025-07-22 21:00:00,81500.141667,104658.166667,KPX_public_sukub_csv
2025-07-22 22:00:00,77379.375,104464.166667,KPX_public_sukub_csv
2025-07-22 23:00:00,73051.681818,104373.636364,KPX_public_sukub_csv
2025-07-23 00:00:00,67531.975,104222.166667,KPX_public_sukub_csv
2025-07-23 01:00:00,64367.175,104014.75,KPX_public_sukub_csv
2025-07-23 02:00:00,62493.466667,103675.083333,KPX_public_sukub_csv
2025-07-23 03:00:00,61384.391667,103709.416667,KPX_public_sukub_csv
2025-07-23 04:00:00,61109.566667,103758.083333,KPX_public_sukub_csv
2025-07-23 05:00:00,61997.291667,103720.833333,KPX_public_sukub_csv
2025-07-23 06:00:00,65001.183333,103760.75,KPX_public_sukub_csv
2025-07-23 07:00:00,69653.75,104873.416667,KPX_public_sukub_csv
2025-07-23 08:00:00,75516.908333,105273.083333,KPX_public_sukub_csv
2025-07-23 09:00:00,79138.1,106078.5,KPX_public_sukub_csv
2025-07-23 10:00:00,80559.625,106969.25,KPX_public_sukub_csv
2025-07-23 11:00:00,80037.058333,107292.583333,KPX_public_sukub_csv
2025-07-23 12:00:00,78001.7,107675.083333,KPX_public_sukub_csv
2025-07-23 13:00:00,81551.525,107919.25,KPX_public_sukub_csv
2025-07-23 14:00:00,83840.336364,107589.454545,KPX_public_sukub_csv
2025-07-23 15:00:00,85297.141667,107244.333333,KPX_public_sukub_csv
2025-07-23 16:00:00,87696.058333,106391.0,KPX_public_sukub_csv
2025-07-23 17:00:00,88507.266667,106067.75,KPX_public_sukub_csv
2025-07-23 18:00:00,89479.325,105238.666667,KPX_public_sukub_csv
2025-07-23 19:00:00,88978.225,104894.833333,KPX_public_sukub_csv
2025-07-23 20:00:00,86385.35,104806.666667,KPX_public_sukub_csv
2025-07-23 21:00:00,81907.875,104668.75,KPX_public_sukub_csv
2025-07-23 22:00:00,77824.583333,104645.333333,KPX_public_sukub_csv
2025-07-23 23:00:00,73531.318182,104663.181818,KPX_public_sukub_csv
2025-07-24 00:00:00,67740.658333,104831.916667,KPX_public_sukub_csv
2025-07-24 01:00:00,64707.908333,105093.583333,KPX_public_sukub_csv
2025-07-24 02:00:00,62696.433333,104322.416667,KPX_public_sukub_csv
2025-07-24 03:00:00,61278.766667,104050.833333,KPX_public_sukub_csv
2025-07-24 04:00:00,61091.625,104147.75,KPX_public_sukub_csv
2025-07-24 05:00:00,61914.9,104182.0,KPX_public_sukub_csv
2025-07-24 06:00:00,65090.383333,104275.416667,KPX_public_sukub_csv
2025-07-24 07:00:00,69583.666667,104715.5,KPX_public_sukub_csv
2025-07-24 08:00:00,75270.45,104870.25,KPX_public_sukub_csv
2025-07-24 09:00:00,79121.991667,106475.25,KPX_public_sukub_csv
2025-07-24 10:00:00,80639.8,107084.916667,KPX_public_sukub_csv
2025-07-24 11:00:00,80069.391667,107837.916667,KPX_public_sukub_csv
2025-07-24 12:00:00,78457.608333,108192.916667,KPX_public_sukub_csv
2025-07-24 13:00:00,81765.936364,108551.545455,KPX_public_sukub_csv
2025-07-24 14:00:00,83865.425,108335.5,KPX_public_sukub_csv
2025-07-24 15:00:00,85556.866667,108061.25,KPX_public_sukub_csv
2025-07-24 16:00:00,88637.641667,107060.333333,KPX_public_sukub_csv
2025-07-24 17:00:00,90360.416667,106497.5,KPX_public_sukub_csv
2025-07-24 18:00:00,91385.683333,105330.583333,KPX_public_sukub_csv
2025-07-24 19:00:00,90626.925,104836.333333,KPX_public_sukub_csv
2025-07-24 20:00:00,87919.991667,104878.333333,KPX_public_sukub_csv
2025-07-24 21:00:00,83281.633333,104765.0,KPX_public_sukub_csv
2025-07-24 22:00:00,78910.536364,104703.636364,KPX_public_sukub_csv
2025-07-24 23:00:00,74330.158333,104746.833333,KPX_public_sukub_csv
2025-07-25 00:00:00,68749.091667,104476.0,KPX_public_sukub_csv
2025-07-25 01:00:00,65543.675,104533.333333,KPX_public_sukub_csv
2025-07-25 02:00:00,63305.883333,104036.666667,KPX_public_sukub_csv
2025-07-25 03:00:00,62043.508333,103838.25,KPX_public_sukub_csv
2025-07-25 04:00:00,61545.558333,103926.833333,KPX_public_sukub_csv
2025-07-25 05:00:00,62477.041667,103938.416667,KPX_public_sukub_csv
2025-07-25 06:00:00,65400.133333,103981.583333,KPX_public_sukub_csv
2025-07-25 07:00:00,69577.416667,105293.25,KPX_public_sukub_csv
2025-07-25 08:00:00,75386.158333,105635.333333,KPX_public_sukub_csv
2025-07-25 09:00:00,79283.3,106991.166667,KPX_public_sukub_csv
2025-07-25 10:00:00,80845.883333,107745.333333,KPX_public_sukub_csv
2025-07-25 11:00:00,80678.925,108074.833333,KPX_public_sukub_csv
2025-07-25 12:00:00,79210.65,108488.083333,KPX_public_sukub_csv
2025-07-25 13:00:00,82634.425,108629.583333,KPX_public_sukub_csv
2025-07-25 14:00:00,84912.736364,108071.727273,KPX_public_sukub_csv
2025-07-25 15:00:00,86339.808333,107360.583333,KPX_public_sukub_csv
2025-07-25 16:00:00,88829.116667,106310.5,KPX_public_sukub_csv
2025-07-25 17:00:00,89937.841667,105858.75,KPX_public_sukub_csv
2025-07-25 18:00:00,90594.481818,104697.272727,KPX_public_sukub_csv
2025-07-25 19:00:00,89889.933333,104220.5,KPX_public_sukub_csv
2025-07-25 20:00:00,87633.633333,104204.583333,KPX_public_sukub_csv
2025-07-25 21:00:00,83144.341667,104085.833333,KPX_public_sukub_csv
2025-07-25 22:00:00,79033.875,103962.416667,KPX_public_sukub_csv
2025-07-25 23:00:00,74876.290909,103491.363636,KPX_public_sukub_csv
2025-07-26 00:00:00,69371.716667,101925.166667,KPX_public_sukub_csv
2025-07-26 01:00:00,65822.05,101869.166667,KPX_public_sukub_csv
2025-07-26 02:00:00,63248.55,101270.25,KPX_public_sukub_csv
2025-07-26 03:00:00,61665.625,100821.583333,KPX_public_sukub_csv
2025-07-26 04:00:00,60699.375,100296.5,KPX_public_sukub_csv
2025-07-26 05:00:00,60574.958333,100312.916667,KPX_public_sukub_csv
2025-07-26 06:00:00,61181.083333,100398.5,KPX_public_sukub_csv
2025-07-26 07:00:00,62136.2,100921.0,KPX_public_sukub_csv
2025-07-26 08:00:00,63498.858333,100323.675,KPX_public_sukub_csv
2025-07-26 09:00:00,66075.883333,100640.833333,KPX_public_sukub_csv
2025-07-26 10:00:00,68047.208333,100669.666667,KPX_public_sukub_csv
2025-07-26 11:00:00,68754.366667,100344.666667,KPX_public_sukub_csv
2025-07-26 12:00:00,68625.691667,100784.0,KPX_public_sukub_csv
2025-07-26 13:00:00,70357.208333,101489.083333,KPX_public_sukub_csv
2025-07-26 14:00:00,71732.041667,101594.25,KPX_public_sukub_csv
2025-07-26 15:00:00,73241.718182,100658.936364,KPX_public_sukub_csv
2025-07-26 16:00:00,76224.083333,99134.508333,KPX_public_sukub_csv
2025-07-26 17:00:00,79350.1,98958.691667,KPX_public_sukub_csv
2025-07-26 18:00:00,82178.633333,99099.566667,KPX_public_sukub_csv
2025-07-26 19:00:00,82796.116667,99114.9,KPX_public_sukub_csv
2025-07-26 20:00:00,81738.7,99390.541667,KPX_public_sukub_csv
2025-07-26 21:00:00,78356.825,99175.358333,KPX_public_sukub_csv
2025-07-26 22:00:00,75013.983333,99293.191667,KPX_public_sukub_csv
2025-07-26 23:00:00,71052.883333,99327.008333,KPX_public_sukub_csv
2025-07-27 00:00:00,66219.6,98177.758333,KPX_public_sukub_csv
2025-07-27 01:00:00,62777.445455,97816.036364,KPX_public_sukub_csv
2025-07-27 02:00:00,60468.025,97891.3,KPX_public_sukub_csv
2025-07-27 03:00:00,58914.466667,98080.291667,KPX_public_sukub_csv
2025-07-27 04:00:00,58146.75,98256.475,KPX_public_sukub_csv
2025-07-27 05:00:00,57904.258333,98358.608333,KPX_public_sukub_csv
2025-07-27 06:00:00,58568.8,98381.066667,KPX_public_sukub_csv
2025-07-27 07:00:00,58892.783333,99069.641667,KPX_public_sukub_csv
2025-07-27 08:00:00,59472.183333,99334.433333,KPX_public_sukub_csv
2025-07-27 09:00:00,60846.566667,100341.091667,KPX_public_sukub_csv
2025-07-27 10:00:00,62367.6,101313.166667,KPX_public_sukub_csv
2025-07-27 11:00:00,62886.625,101917.25,KPX_public_sukub_csv
2025-07-27 12:00:00,63462.375,102440.583333,KPX_public_sukub_csv
2025-07-27 13:00:00,65429.95,102746.583333,KPX_public_sukub_csv
2025-07-27 14:00:00,67344.35,102771.5,KPX_public_sukub_csv
2025-07-27 15:00:00,69803.0,103038.916667,KPX_public_sukub_csv
2025-07-27 16:00:00,73528.55,102268.5,KPX_public_sukub_csv
2025-07-27 17:00:00,78118.575,101870.583333,KPX_public_sukub_csv
2025-07-27 18:00:00,81910.233333,101408.333333,KPX_public_sukub_csv
2025-07-27 19:00:00,82699.866667,101261.25,KPX_public_sukub_csv
2025-07-27 20:00:00,81828.0,100690.166667,KPX_public_sukub_csv
2025-07-27 21:00:00,78186.633333,100042.6,KPX_public_sukub_csv
2025-07-27 22:00:00,74097.416667,99897.483333,KPX_public_sukub_csv
2025-07-27 23:00:00,69717.25,99791.108333,KPX_public_sukub_csv
2025-07-28 00:00:00,64951.233333,101040.491667,KPX_public_sukub_csv
2025-07-28 01:00:00,61683.333333,101231.5,KPX_public_sukub_csv
2025-07-28 02:00:00,59627.433333,101086.583333,KPX_public_sukub_csv
2025-07-28 03:00:00,58414.1,100590.75,KPX_public_sukub_csv
2025-07-28 04:00:00,58095.158333,100822.666667,KPX_public_sukub_csv
2025-07-28 05:00:00,59252.875,100739.666667,KPX_public_sukub_csv
2025-07-28 06:00:00,62814.375,100700.333333,KPX_public_sukub_csv
2025-07-28 07:00:00,68256.0,101803.818182,KPX_public_sukub_csv
2025-07-28 08:00:00,74437.35,102851.25,KPX_public_sukub_csv
2025-07-28 09:00:00,78914.745455,103922.272727,KPX_public_sukub_csv
2025-07-28 10:00:00,80734.775,104437.5,KPX_public_sukub_csv
2025-07-28 11:00:00,80665.091667,104857.416667,KPX_public_sukub_csv
2025-07-28 12:00:00,79497.758333,105467.75,KPX_public_sukub_csv
2025-07-28 13:00:00,82377.075,106399.083333,KPX_public_sukub_csv
2025-07-28 14:00:00,84229.116667,106623.333333,KPX_public_sukub_csv
2025-07-28 15:00:00,85920.208333,106413.25,KPX_public_sukub_csv
2025-07-28 16:00:00,88584.358333,105633.166667,KPX_public_sukub_csv
2025-07-28 17:00:00,90233.65,105459.416667,KPX_public_sukub_csv
2025-07-28 18:00:00,91009.05,104478.5,KPX_public_sukub_csv
2025-07-28 19:00:00,90318.125,104063.0,KPX_public_sukub_csv
2025-07-28 20:00:00,87495.033333,103993.5,KPX_public_sukub_csv
2025-07-28 21:00:00,82378.575,103022.416667,KPX_public_sukub_csv
2025-07-28 22:00:00,77853.2,102776.833333,KPX_public_sukub_csv
2025-07-28 23:00:00,73044.733333,102807.916667,KPX_public_sukub_csv
2025-07-29 00:00:00,67881.341667,102359.416667,KPX_public_sukub_csv
2025-07-29 01:00:00,64474.091667,102443.916667,KPX_public_sukub_csv
2025-07-29 02:00:00,62410.633333,101796.0,KPX_public_sukub_csv
2025-07-29 03:00:00,60987.416667,101782.916667,KPX_public_sukub_csv
2025-07-29 04:00:00,60609.991667,101863.75,KPX_public_sukub_csv
2025-07-29 05:00:00,61377.958333,102034.166667,KPX_public_sukub_csv
2025-07-29 06:00:00,64193.233333,101941.916667,KPX_public_sukub_csv
2025-07-29 07:00:00,68642.283333,102761.583333,KPX_public_sukub_csv
2025-07-29 08:00:00,74275.066667,103950.083333,KPX_public_sukub_csv
2025-07-29 09:00:00,78653.058333,104779.0,KPX_public_sukub_csv
2025-07-29 10:00:00,80487.183333,105493.083333,KPX_public_sukub_csv
2025-07-29 11:00:00,80408.275,105670.916667,KPX_public_sukub_csv
2025-07-29 12:00:00,79198.858333,106072.083333,KPX_public_sukub_csv
2025-07-29 13:00:00,81901.190909,106344.727273,KPX_public_sukub_csv
2025-07-29 14:00:00,83918.491667,106112.5,KPX_public_sukub_csv
2025-07-29 15:00:00,85501.85,105446.833333,KPX_public_sukub_csv
2025-07-29 16:00:00,88359.933333,104576.333333,KPX_public_sukub_csv
2025-07-29 17:00:00,90351.466667,104626.416667,KPX_public_sukub_csv
2025-07-29 18:00:00,90991.675,103725.25,KPX_public_sukub_csv
2025-07-29 19:00:00,90396.766667,103441.0,KPX_public_sukub_csv
2025-07-29 20:00:00,87722.533333,103438.583333,KPX_public_sukub_csv
2025-07-29 21:00:00,83121.027273,102632.454545,KPX_public_sukub_csv
2025-07-29 22:00:00,78448.758333,101879.5,KPX_public_sukub_csv
2025-07-29 23:00:00,73666.95,101893.666667,KPX_public_sukub_csv
2025-07-30 00:00:00,68328.3,101445.75,KPX_public_sukub_csv
2025-07-30 01:00:00,64925.2,101268.5,KPX_public_sukub_csv
2025-07-30 02:00:00,62650.0,101332.833333,KPX_public_sukub_csv
2025-07-30 03:00:00,61115.991667,101362.416667,KPX_public_sukub_csv
2025-07-30 04:00:00,60607.55,101374.083333,KPX_public_sukub_csv
2025-07-30 05:00:00,61455.2,101439.333333,KPX_public_sukub_csv
2025-07-30 06:00:00,63877.325,101829.083333,KPX_public_sukub_csv
2025-07-30 07:00:00,67679.025,102530.583333,KPX_public_sukub_csv
2025-07-30 08:00:00,72491.725,103775.25,KPX_public_sukub_csv
2025-07-30 09:00:00,76173.75,104564.833333,KPX_public_sukub_csv
2025-07-30 10:00:00,77603.618182,105185.090909,KPX_public_sukub_csv
2025-07-30 11:00:00,77659.991667,105472.416667,KPX_public_sukub_csv
2025-07-30 12:00:00,76848.958333,105645.75,KPX_public_sukub_csv
2025-07-30 13:00:00,79351.575,106148.583333,KPX_public_sukub_csv
2025-07-30 14:00:00,81703.041667,105699.666667,KPX_public_sukub_csv
2025-07-30 15:00:00,83515.95,104882.333333,KPX_public_sukub_csv
2025-07-30 16:00:00,86470.3,103662.166667,KPX_public_sukub_csv
2025-07-30 17:00:00,87818.508333,103399.666667,KPX_public_sukub_csv
2025-07-30 18:00:00,87726.508333,103003.416667,KPX_public_sukub_csv
2025-07-30 19:00:00,87648.316667,102955.0,KPX_public_sukub_csv
2025-07-30 20:00:00,85402.558333,103314.25,KPX_public_sukub_csv
2025-07-30 21:00:00,80961.166667,103226.833333,KPX_public_sukub_csv
2025-07-30 22:00:00,77160.608333,102937.666667,KPX_public_sukub_csv
2025-07-30 23:00:00,73040.163636,103029.454545,KPX_public_sukub_csv
2025-07-31 00:00:00,67820.925,102479.75,KPX_public_sukub_csv
2025-07-31 01:00:00,64603.641667,102194.666667,KPX_public_sukub_csv
2025-07-31 02:00:00,62390.666667,102265.0,KPX_public_sukub_csv
2025-07-31 03:00:00,60929.783333,102305.666667,KPX_public_sukub_csv
2025-07-31 04:00:00,60490.808333,102309.416667,KPX_public_sukub_csv
2025-07-31 05:00:00,61175.975,102318.75,KPX_public_sukub_csv
2025-07-31 06:00:00,63722.775,102394.416667,KPX_public_sukub_csv
2025-07-31 07:00:00,67712.875,102752.0,KPX_public_sukub_csv
2025-07-31 08:00:00,72274.366667,103827.75,KPX_public_sukub_csv
2025-07-31 09:00:00,75179.091667,105093.083333,KPX_public_sukub_csv
2025-07-31 10:00:00,76166.041667,105796.166667,KPX_public_sukub_csv
2025-07-31 11:00:00,75857.266667,106216.833333,KPX_public_sukub_csv
2025-07-31 12:00:00,74575.325,106634.5,KPX_public_sukub_csv
2025-07-31 13:00:00,76446.075,107113.166667,KPX_public_sukub_csv
2025-07-31 14:00:00,78460.616667,106777.083333,KPX_public_sukub_csv
2025-07-31 15:00:00,80339.591667,106091.0,KPX_public_sukub_csv
2025-07-31 16:00:00,83209.258333,104936.083333,KPX_public_sukub_csv
2025-07-31 17:00:00,85042.791667,104461.75,KPX_public_sukub_csv
2025-07-31 18:00:00,86159.741667,103542.333333,KPX_public_sukub_csv
2025-07-31 19:00:00,86250.975,103351.583333,KPX_public_sukub_csv
2025-07-31 20:00:00,84061.875,103424.416667,KPX_public_sukub_csv
2025-07-31 21:00:00,79923.875,103152.583333,KPX_public_sukub_csv
2025-07-31 22:00:00,76032.983333,102951.083333,KPX_public_sukub_csv
2025-07-31 23:00:00,72360.27,102923.5,KPX_public_sukub_csv
2025-08-01 00:00:00,66877.541667,103144.75,KPX_public_sukub_csv
2025-08-01 01:00:00,63540.033333,103211.0,KPX_public_sukub_csv
2025-08-01 02:00:00,61374.8,103352.833333,KPX_public_sukub_csv
2025-08-01 03:00:00,59976.641667,103267.666667,KPX_public_sukub_csv
2025-08-01 04:00:00,59448.375,103330.916667,KPX_public_sukub_csv
2025-08-01 05:00:00,60117.125,103336.0,KPX_public_sukub_csv
2025-08-01 06:00:00,62446.316667,103441.0,KPX_public_sukub_csv
2025-08-01 07:00:00,65583.716667,104178.833333,KPX_public_sukub_csv
2025-08-01 08:00:00,69090.191667,104630.5,KPX_public_sukub_csv
2025-08-01 09:00:00,72221.533333,106097.5,KPX_public_sukub_csv
2025-08-01 10:00:00,73859.183333,106916.666667,KPX_public_sukub_csv
2025-08-01 11:00:00,73972.016667,107186.333333,KPX_public_sukub_csv
2025-08-01 12:00:00,73873.366667,107543.166667,KPX_public_sukub_csv
2025-08-01 13:00:00,76171.291667,107869.166667,KPX_public_sukub_csv
2025-08-01 14:00:00,78062.625,107544.166667,KPX_public_sukub_csv
2025-08-01 15:00:00,79844.163636,106773.636364,KPX_public_sukub_csv
2025-08-01 16:00:00,82653.275,106113.666667,KPX_public_sukub_csv
2025-08-01 17:00:00,84537.666667,105894.75,KPX_public_sukub_csv
2025-08-01 18:00:00,85660.033333,105048.5,KPX_public_sukub_csv
2025-08-01 19:00:00,85701.875,104760.916667,KPX_public_sukub_csv
2025-08-01 20:00:00,83714.341667,104783.75,KPX_public_sukub_csv
2025-08-01 21:00:00,79630.533333,104602.416667,KPX_public_sukub_csv
2025-08-01 22:00:00,75869.925,104430.166667,KPX_public_sukub_csv
2025-08-01 23:00:00,71903.466667,104260.583333,KPX_public_sukub_csv
2025-08-02 00:00:00,67014.433333,102252.5,KPX_public_sukub_csv
2025-08-02 01:00:00,63639.9,102092.083333,KPX_public_sukub_csv
2025-08-02 02:00:00,61140.808333,101185.5,KPX_public_sukub_csv
2025-08-02 03:00:00,59585.883333,100573.166667,KPX_public_sukub_csv
2025-08-02 04:00:00,58876.658333,100713.916667,KPX_public_sukub_csv
2025-08-02 05:00:00,58871.883333,100665.0,KPX_public_sukub_csv
2025-08-02 06:00:00,59568.475,100402.5,KPX_public_sukub_csv
2025-08-02 07:00:00,60510.575,101047.666667,KPX_public_sukub_csv
2025-08-02 08:00:00,61629.666667,100960.75,KPX_public_sukub_csv
2025-08-02 09:00:00,64163.483333,101767.0,KPX_public_sukub_csv
2025-08-02 10:00:00,66164.958333,102374.083333,KPX_public_sukub_csv
2025-08-02 11:00:00,66712.2,102744.833333,KPX_public_sukub_csv
2025-08-02 12:00:00,67343.475,103008.583333,KPX_public_sukub_csv
2025-08-02 13:00:00,68645.516667,103838.75,KPX_public_sukub_csv
2025-08-02 14:00:00,70019.308333,103935.166667,KPX_public_sukub_csv
2025-08-02 15:00:00,72179.825,102799.0,KPX_public_sukub_csv
2025-08-02 16:00:00,75006.616667,102118.833333,KPX_public_sukub_csv
2025-08-02 17:00:00,78135.454545,102394.636364,KPX_public_sukub_csv
2025-08-02 18:00:00,79920.65,101928.5,KPX_public_sukub_csv
2025-08-02 19:00:00,80552.791667,101557.666667,KPX_public_sukub_csv
2025-08-02 20:00:00,79379.166667,101472.5,KPX_public_sukub_csv
2025-08-02 21:00:00,75810.516667,101429.833333,KPX_public_sukub_csv
2025-08-02 22:00:00,72714.841667,101642.416667,KPX_public_sukub_csv
2025-08-02 23:00:00,69513.572727,101664.636364,KPX_public_sukub_csv
2025-08-03 00:00:00,64914.866667,101461.0,KPX_public_sukub_csv
2025-08-03 01:00:00,61677.275,101202.916667,KPX_public_sukub_csv
2025-08-03 02:00:00,59604.15,101279.083333,KPX_public_sukub_csv
2025-08-03 03:00:00,58073.108333,101151.916667,KPX_public_sukub_csv
2025-08-03 04:00:00,57547.591667,100416.666667,KPX_public_sukub_csv
2025-08-03 05:00:00,57577.758333,100360.166667,KPX_public_sukub_csv
2025-08-03 06:00:00,58516.933333,101090.833333,KPX_public_sukub_csv
2025-08-03 07:00:00,60055.016667,101626.583333,KPX_public_sukub_csv
2025-08-03 08:00:00,62807.591667,101079.833333,KPX_public_sukub_csv
2025-08-03 09:00:00,65583.281818,101254.545455,KPX_public_sukub_csv
2025-08-03 10:00:00,68194.016667,101345.0,KPX_public_sukub_csv
2025-08-03 11:00:00,70459.333333,101175.666667,KPX_public_sukub_csv
2025-08-03 12:00:00,71175.863636,101090.454545,KPX_public_sukub_csv
2025-08-03 13:00:00,71723.908333,101254.916667,KPX_public_sukub_csv
2025-08-03 14:00:00,72354.025,101224.0,KPX_public_sukub_csv
2025-08-03 15:00:00,74019.7,100761.0,KPX_public_sukub_csv
2025-08-03 16:00:00,74976.75,101511.25,KPX_public_sukub_csv
2025-08-03 17:00:00,76003.483333,102279.583333,KPX_public_sukub_csv
2025-08-03 18:00:00,76366.4,102328.5,KPX_public_sukub_csv
2025-08-03 19:00:00,76258.283333,102147.833333,KPX_public_sukub_csv
2025-08-03 20:00:00,74936.558333,102169.666667,KPX_public_sukub_csv
2025-08-03 21:00:00,71275.225,102469.833333,KPX_public_sukub_csv
2025-08-03 22:00:00,67602.7,101960.083333,KPX_public_sukub_csv
2025-08-03 23:00:00,64364.591667,101877.166667,KPX_public_sukub_csv
2025-08-04 00:00:00,60623.575,103311.583333,KPX_public_sukub_csv
2025-08-04 01:00:00,57972.491667,103688.75,KPX_public_sukub_csv
2025-08-04 02:00:00,56390.725,102992.083333,KPX_public_sukub_csv
2025-08-04 03:00:00,55581.208333,103088.666667,KPX_public_sukub_csv
2025-08-04 04:00:00,55705.783333,103004.916667,KPX_public_sukub_csv
2025-08-04 05:00:00,57086.216667,102927.333333,KPX_public_sukub_csv
2025-08-04 06:00:00,60821.525,103434.25,KPX_public_sukub_csv
2025-08-04 07:00:00,66341.15,103757.583333,KPX_public_sukub_csv
2025-08-04 08:00:00,72599.433333,103983.833333,KPX_public_sukub_csv
2025-08-04 09:00:00,77871.558333,104978.75,KPX_public_sukub_csv
2025-08-04 10:00:00,80317.025,106056.5,KPX_public_sukub_csv
2025-08-04 11:00:00,80082.475,106695.083333,KPX_public_sukub_csv
2025-08-04 12:00:00,78644.191667,106981.833333,KPX_public_sukub_csv
2025-08-04 13:00:00,80167.645455,107156.363636,KPX_public_sukub_csv
2025-08-04 14:00:00,81651.341667,106828.25,KPX_public_sukub_csv
2025-08-04 15:00:00,83642.825,106255.5,KPX_public_sukub_csv
2025-08-04 16:00:00,85693.291667,106297.583333,KPX_public_sukub_csv
2025-08-04 17:00:00,85937.391667,106515.25,KPX_public_sukub_csv
2025-08-04 18:00:00,86049.608333,105763.75,KPX_public_sukub_csv
2025-08-04 19:00:00,85803.858333,105222.666667,KPX_public_sukub_csv
2025-08-04 20:00:00,83111.391667,104573.083333,KPX_public_sukub_csv
2025-08-04 21:00:00,79021.733333,104138.25,KPX_public_sukub_csv
2025-08-04 22:00:00,75392.191667,103847.583333,KPX_public_sukub_csv
2025-08-04 23:00:00,71638.127273,103723.181818,KPX_public_sukub_csv
2025-08-05 00:00:00,66641.508333,103901.916667,KPX_public_sukub_csv
2025-08-05 01:00:00,63543.208333,103913.083333,KPX_public_sukub_csv
2025-08-05 02:00:00,61779.283333,103086.166667,KPX_public_sukub_csv
2025-08-05 03:00:00,60563.058333,103051.083333,KPX_public_sukub_csv
2025-08-05 04:00:00,60235.391667,103074.0,KPX_public_sukub_csv
2025-08-05 05:00:00,61286.858333,103083.166667,KPX_public_sukub_csv
2025-08-05 06:00:00,64413.175,103233.0,KPX_public_sukub_csv
2025-08-05 07:00:00,68605.525,103713.25,KPX_public_sukub_csv
2025-08-05 08:00:00,73615.833333,104726.583333,KPX_public_sukub_csv
2025-08-05 09:00:00,77473.991667,105602.333333,KPX_public_sukub_csv
2025-08-05 10:00:00,79321.05,106393.333333,KPX_public_sukub_csv
2025-08-05 11:00:00,79173.4,106655.583333,KPX_public_sukub_csv
2025-08-05 12:00:00,78034.85,106915.833333,KPX_public_sukub_csv
2025-08-05 13:00:00,80211.491667,107333.416667,KPX_public_sukub_csv
2025-08-05 14:00:00,81689.116667,107403.5,KPX_public_sukub_csv
2025-08-05 15:00:00,83143.975,106591.833333,KPX_public_sukub_csv
2025-08-05 16:00:00,86209.266667,106366.0,KPX_public_sukub_csv
2025-08-05 17:00:00,87606.833333,106474.25,KPX_public_sukub_csv
2025-08-05 18:00:00,87905.058333,105567.5,KPX_public_sukub_csv
2025-08-05 19:00:00,87783.85,105148.583333,KPX_public_sukub_csv
2025-08-05 20:00:00,85198.575,104389.166667,KPX_public_sukub_csv
2025-08-05 21:00:00,80815.15,103742.583333,KPX_public_sukub_csv
2025-08-05 22:00:00,77040.066667,103712.0,KPX_public_sukub_csv
2025-08-05 23:00:00,72891.483333,103746.25,KPX_public_sukub_csv
2025-08-06 00:00:00,67874.15,103942.333333,KPX_public_sukub_csv
2025-08-06 01:00:00,64901.775,103802.916667,KPX_public_sukub_csv
2025-08-06 02:00:00,63131.616667,103398.416667,KPX_public_sukub_csv
2025-08-06 03:00:00,62087.425,103424.5,KPX_public_sukub_csv
2025-08-06 04:00:00,61954.5,103408.416667,KPX_public_sukub_csv
2025-08-06 05:00:00,63169.675,103705.5,KPX_public_sukub_csv
2025-08-06 06:00:00,66547.7,103426.583333,KPX_public_sukub_csv
2025-08-06 07:00:00,72108.983333,104038.5,KPX_public_sukub_csv
2025-08-06 08:00:00,80205.1,103820.222222,KPX_public_sukub_csv
2025-08-06 09:00:00,84777.383333,104668.25,KPX_public_sukub_csv
2025-08-06 10:00:00,86951.883333,105144.333333,KPX_public_sukub_csv
2025-08-06 11:00:00,86828.691667,105069.666667,KPX_public_sukub_csv
2025-08-06 12:00:00,85176.525,104906.666667,KPX_public_sukub_csv
2025-08-06 13:00:00,87381.2,104765.083333,KPX_public_sukub_csv
2025-08-06 14:00:00,87877.675,104622.75,KPX_public_sukub_csv
2025-08-06 15:00:00,87093.208333,104327.416667,KPX_public_sukub_csv
2025-08-06 16:00:00,87504.641667,104226.75,KPX_public_sukub_csv
2025-08-06 17:00:00,86482.525,104748.666667,KPX_public_sukub_csv
2025-08-06 18:00:00,86245.554545,104427.090909,KPX_public_sukub_csv
2025-08-06 19:00:00,85923.0,103966.166667,KPX_public_sukub_csv
2025-08-06 20:00:00,83277.5,103830.25,KPX_public_sukub_csv
2025-08-06 21:00:00,79268.275,103449.583333,KPX_public_sukub_csv
2025-08-06 22:00:00,75895.916667,103425.083333,KPX_public_sukub_csv
2025-08-06 23:00:00,71964.833333,103606.583333,KPX_public_sukub_csv
2025-08-07 00:00:00,66959.633333,102363.916667,KPX_public_sukub_csv
2025-08-07 01:00:00,63956.841667,102239.25,KPX_public_sukub_csv
2025-08-07 02:00:00,62141.466667,102450.416667,KPX_public_sukub_csv
2025-08-07 03:00:00,61105.2,102470.25,KPX_public_sukub_csv
2025-08-07 04:00:00,60866.366667,102390.416667,KPX_public_sukub_csv
2025-08-07 05:00:00,61811.416667,102232.5,KPX_public_sukub_csv
2025-08-07 06:00:00,64925.783333,102234.75,KPX_public_sukub_csv
2025-08-07 07:00:00,69749.241667,102622.166667,KPX_public_sukub_csv
2025-08-07 08:00:00,75929.366667,103386.0,KPX_public_sukub_csv
2025-08-07 09:00:00,80761.216667,103884.416667,KPX_public_sukub_csv
2025-08-07 10:00:00,83033.766667,104163.333333,KPX_public_sukub_csv
2025-08-07 11:00:00,81217.936364,104470.636364,KPX_public_sukub_csv
2025-08-07 12:00:00,78424.65,104911.75,KPX_public_sukub_csv
2025-08-07 13:00:00,80584.375,105042.5,KPX_public_sukub_csv
2025-08-07 14:00:00,81695.558333,105081.833333,KPX_public_sukub_csv
2025-08-07 15:00:00,82564.416667,104830.0,KPX_public_sukub_csv
2025-08-07 16:00:00,85354.775,104027.166667,KPX_public_sukub_csv
2025-08-07 17:00:00,86338.808333,103663.75,KPX_public_sukub_csv
2025-08-07 18:00:00,87055.591667,102880.666667,KPX_public_sukub_csv
2025-08-07 19:00:00,86750.2,102418.5,KPX_public_sukub_csv
2025-08-07 20:00:00,83726.233333,102279.583333,KPX_public_sukub_csv
2025-08-07 21:00:00,79309.35,102166.833333,KPX_public_sukub_csv
2025-08-07 22:00:00,75576.675,101777.916667,KPX_public_sukub_csv
2025-08-07 23:00:00,71626.683333,101797.5,KPX_public_sukub_csv
2025-08-08 00:00:00,66800.066667,100884.25,KPX_public_sukub_csv
2025-08-08 01:00:00,63556.541667,100834.083333,KPX_public_sukub_csv
2025-08-08 02:00:00,61569.091667,101359.75,KPX_public_sukub_csv
2025-08-08 03:00:00,60317.441667,101735.333333,KPX_public_sukub_csv
2025-08-08 04:00:00,60073.7,101798.666667,KPX_public_sukub_csv
2025-08-08 05:00:00,60902.55,101772.583333,KPX_public_sukub_csv
2025-08-08 06:00:00,63480.716667,101756.5,KPX_public_sukub_csv
2025-08-08 07:00:00,67625.125,102274.25,KPX_public_sukub_csv
2025-08-08 08:00:00,72795.25,103140.333333,KPX_public_sukub_csv
2025-08-08 09:00:00,76472.108333,104133.25,KPX_public_sukub_csv
2025-08-08 10:00:00,77966.966667,104558.666667,KPX_public_sukub_csv
2025-08-08 11:00:00,77896.2,104683.833333,KPX_public_sukub_csv
2025-08-08 12:00:00,76251.375,104882.75,KPX_public_sukub_csv
2025-08-08 13:00:00,79035.466667,104942.25,KPX_public_sukub_csv
2025-08-08 14:00:00,80654.2,105450.0,KPX_public_sukub_csv
2025-08-08 15:00:00,82092.166667,105028.666667,KPX_public_sukub_csv
2025-08-08 16:00:00,84742.363636,103732.727273,KPX_public_sukub_csv
2025-08-08 17:00:00,84582.658333,103583.5,KPX_public_sukub_csv
2025-08-08 18:00:00,83637.616667,103228.416667,KPX_public_sukub_csv
2025-08-08 19:00:00,83175.275,103010.083333,KPX_public_sukub_csv
2025-08-08 20:00:00,80809.125,102793.666667,KPX_public_sukub_csv
2025-08-08 21:00:00,76790.558333,102286.583333,KPX_public_sukub_csv
2025-08-08 22:00:00,73761.183333,102187.583333,KPX_public_sukub_csv
2025-08-08 23:00:00,70442.758333,102166.083333,KPX_public_sukub_csv
2025-08-09 00:00:00,65918.008333,100189.666667,KPX_public_sukub_csv
2025-08-09 01:00:00,63162.858333,100054.0,KPX_public_sukub_csv
2025-08-09 02:00:00,61197.141667,99426.4,KPX_public_sukub_csv
2025-08-09 03:00:00,59862.683333,99458.7,KPX_public_sukub_csv
2025-08-09 04:00:00,59384.983333,99526.733333,KPX_public_sukub_csv
2025-08-09 05:00:00,59527.466667,99502.791667,KPX_public_sukub_csv
2025-08-09 06:00:00,60469.091667,99323.108333,KPX_public_sukub_csv
2025-08-09 07:00:00,62700.15,99384.025,KPX_public_sukub_csv
2025-08-09 08:00:00,65686.283333,98755.333333,KPX_public_sukub_csv
2025-08-09 09:00:00,68652.883333,98947.966667,KPX_public_sukub_csv
2025-08-09 10:00:00,70924.7,99810.408333,KPX_public_sukub_csv
2025-08-09 11:00:00,72373.616667,99558.625,KPX_public_sukub_csv
2025-08-09 12:00:00,71951.883333,99433.583333,KPX_public_sukub_csv
2025-08-09 13:00:00,72302.191667,99426.608333,KPX_public_sukub_csv
2025-08-09 14:00:00,71771.2,99358.527273,KPX_public_sukub_csv
2025-08-09 15:00:00,71251.375,99380.875,KPX_public_sukub_csv
2025-08-09 16:00:00,70633.866667,99571.325,KPX_public_sukub_csv
2025-08-09 17:00:00,70292.033333,100110.208333,KPX_public_sukub_csv
2025-08-09 18:00:00,70825.883333,100000.475,KPX_public_sukub_csv
2025-08-09 19:00:00,71186.075,99928.4,KPX_public_sukub_csv
2025-08-09 20:00:00,70294.691667,100611.825,KPX_public_sukub_csv
2025-08-09 21:00:00,67828.733333,100784.166667,KPX_public_sukub_csv
2025-08-09 22:00:00,65697.525,100118.083333,KPX_public_sukub_csv
2025-08-09 23:00:00,63064.125,100144.833333,KPX_public_sukub_csv
2025-08-10 00:00:00,59475.066667,100419.166667,KPX_public_sukub_csv
2025-08-10 01:00:00,56894.416667,100694.0,KPX_public_sukub_csv
2025-08-10 02:00:00,55068.55,100749.333333,KPX_public_sukub_csv
2025-08-10 03:00:00,54005.1,100940.333333,KPX_public_sukub_csv
2025-08-10 04:00:00,53619.175,100996.166667,KPX_public_sukub_csv
2025-08-10 05:00:00,53774.625,101047.166667,KPX_public_sukub_csv
2025-08-10 06:00:00,54164.416667,101028.916667,KPX_public_sukub_csv
2025-08-10 07:00:00,54403.858333,101260.583333,KPX_public_sukub_csv
2025-08-10 08:00:00,54844.816667,101093.083333,KPX_public_sukub_csv
2025-08-10 09:00:00,54915.35,102026.333333,KPX_public_sukub_csv
2025-08-10 10:00:00,54904.866667,102885.0,KPX_public_sukub_csv
2025-08-10 11:00:00,54718.816667,103282.666667,KPX_public_sukub_csv
2025-08-10 12:00:00,55025.966667,103576.333333,KPX_public_sukub_csv
2025-08-10 13:00:00,56430.208333,103702.583333,KPX_public_sukub_csv
2025-08-10 14:00:00,58259.016667,103486.083333,KPX_public_sukub_csv
2025-08-10 15:00:00,60701.225,103090.416667,KPX_public_sukub_csv
2025-08-10 16:00:00,63951.258333,101922.0,KPX_public_sukub_csv
2025-08-10 17:00:00,68404.741667,100749.916667,KPX_public_sukub_csv
2025-08-10 18:00:00,71998.95,100821.833333,KPX_public_sukub_csv
2025-08-10 19:00:00,73183.433333,100489.833333,KPX_public_sukub_csv
2025-08-10 20:00:00,72253.275,100333.333333,KPX_public_sukub_csv
2025-08-10 21:00:00,69472.090909,100335.363636,KPX_public_sukub_csv
2025-08-10 22:00:00,66296.208333,100330.166667,KPX_public_sukub_csv
2025-08-10 23:00:00,63133.85,100301.5,KPX_public_sukub_csv
2025-08-11 00:00:00,59226.8,101359.666667,KPX_public_sukub_csv
2025-08-11 01:00:00,56752.158333,101493.0,KPX_public_sukub_csv
2025-08-11 02:00:00,55062.858333,101058.083333,KPX_public_sukub_csv
2025-08-11 03:00:00,54243.166667,101050.083333,KPX_public_sukub_csv
2025-08-11 04:00:00,54445.133333,101148.0,KPX_public_sukub_csv
2025-08-11 05:00:00,56110.358333,101179.0,KPX_public_sukub_csv
2025-08-11 06:00:00,59610.883333,101800.916667,KPX_public_sukub_csv
2025-08-11 07:00:00,65576.458333,102650.5,KPX_public_sukub_csv
2025-08-11 08:00:00,73165.491667,102642.666667,KPX_public_sukub_csv
2025-08-11 09:00:00,78981.833333,103511.416667,KPX_public_sukub_csv
2025-08-11 10:00:00,81174.15,103924.916667,KPX_public_sukub_csv
2025-08-11 11:00:00,81574.858333,103738.583333,KPX_public_sukub_csv
2025-08-11 12:00:00,80513.958333,103470.666667,KPX_public_sukub_csv
2025-08-11 13:00:00,83743.883333,103236.083333,KPX_public_sukub_csv
2025-08-11 14:00:00,85096.033333,102945.25,KPX_public_sukub_csv
2025-08-11 15:00:00,84847.95,102758.166667,KPX_public_sukub_csv
2025-08-11 16:00:00,84668.633333,103003.916667,KPX_public_sukub_csv
2025-08-11 17:00:00,83059.991667,103719.75,KPX_public_sukub_csv
2025-08-11 18:00:00,81736.425,103542.25,KPX_public_sukub_csv
2025-08-11 19:00:00,80716.025,103350.333333,KPX_public_sukub_csv
2025-08-11 20:00:00,77995.141667,103236.083333,KPX_public_sukub_csv
2025-08-11 21:00:00,74210.725,103005.166667,KPX_public_sukub_csv
2025-08-11 22:00:00,71281.933333,102908.166667,KPX_public_sukub_csv
2025-08-11 23:00:00,68057.208333,102765.916667,KPX_public_sukub_csv
2025-08-12 00:00:00,63704.0,102669.916667,KPX_public_sukub_csv
2025-08-12 01:00:00,61165.483333,102689.916667,KPX_public_sukub_csv
2025-08-12 02:00:00,59746.441667,102165.75,KPX_public_sukub_csv
2025-08-12 03:00:00,58795.958333,102417.25,KPX_public_sukub_csv
2025-08-12 04:00:00,58767.316667,102650.333333,KPX_public_sukub_csv
2025-08-12 05:00:00,59973.425,102776.916667,KPX_public_sukub_csv
2025-08-12 06:00:00,62902.325,102811.166667,KPX_public_sukub_csv
2025-08-12 07:00:00,67766.45,102974.916667,KPX_public_sukub_csv
2025-08-12 08:00:00,73957.783333,103183.666667,KPX_public_sukub_csv
2025-08-12 09:00:00,78013.058333,103485.833333,KPX_public_sukub_csv
2025-08-12 10:00:00,79683.466667,104210.666667,KPX_public_sukub_csv
2025-08-12 11:00:00,79472.2,104760.666667,KPX_public_sukub_csv
2025-08-12 12:00:00,77548.925,104946.0,KPX_public_sukub_csv
2025-08-12 13:00:00,79976.591667,104870.0,KPX_public_sukub_csv
2025-08-12 14:00:00,81662.183333,104569.0,KPX_public_sukub_csv
2025-08-12 15:00:00,83258.883333,103888.583333,KPX_public_sukub_csv
2025-08-12 16:00:00,85200.816667,103462.0,KPX_public_sukub_csv
2025-08-12 17:00:00,84983.608333,103771.75,KPX_public_sukub_csv
2025-08-12 18:00:00,83872.5,103392.583333,KPX_public_sukub_csv
2025-08-12 19:00:00,82996.883333,103335.583333,KPX_public_sukub_csv
2025-08-12 20:00:00,80148.333333,103397.416667,KPX_public_sukub_csv
2025-08-12 21:00:00,76148.9,103124.272727,KPX_public_sukub_csv
2025-08-12 22:00:00,73222.475,102784.666667,KPX_public_sukub_csv
2025-08-12 23:00:00,70128.336364,102667.272727,KPX_public_sukub_csv
2025-08-13 00:00:00,65472.55,101653.416667,KPX_public_sukub_csv
2025-08-13 01:00:00,62714.45,101554.083333,KPX_public_sukub_csv
2025-08-13 02:00:00,61073.275,101128.25,KPX_public_sukub_csv
2025-08-13 03:00:00,60304.666667,100970.5,KPX_public_sukub_csv
2025-08-13 04:00:00,60101.308333,101194.75,KPX_public_sukub_csv
2025-08-13 05:00:00,61160.691667,101266.166667,KPX_public_sukub_csv
2025-08-13 06:00:00,64574.5,101397.916667,KPX_public_sukub_csv
2025-08-13 07:00:00,69883.6,101776.083333,KPX_public_sukub_csv
2025-08-13 08:00:00,76244.8,102440.75,KPX_public_sukub_csv
2025-08-13 09:00:00,80214.191667,103040.666667,KPX_public_sukub_csv
2025-08-13 10:00:00,80621.875,103500.166667,KPX_public_sukub_csv
2025-08-13 11:00:00,79460.072727,103867.818182,KPX_public_sukub_csv
2025-08-13 12:00:00,77506.191667,104090.583333,KPX_public_sukub_csv
2025-08-13 13:00:00,80700.5,104433.75,KPX_public_sukub_csv
2025-08-13 14:00:00,82107.033333,104432.833333,KPX_public_sukub_csv
2025-08-13 15:00:00,82760.816667,105187.5,KPX_public_sukub_csv
2025-08-13 16:00:00,84157.472727,104687.636364,KPX_public_sukub_csv
2025-08-13 17:00:00,84931.233333,104606.5,KPX_public_sukub_csv
2025-08-13 18:00:00,85250.008333,103784.083333,KPX_public_sukub_csv
2025-08-13 19:00:00,84514.591667,103509.416667,KPX_public_sukub_csv
2025-08-13 20:00:00,81289.341667,102703.833333,KPX_public_sukub_csv
2025-08-13 21:00:00,77037.533333,101623.25,KPX_public_sukub_csv
2025-08-13 22:00:00,74001.441667,101144.583333,KPX_public_sukub_csv
2025-08-13 23:00:00,70537.575,101194.083333,KPX_public_sukub_csv
2025-08-14 00:00:00,65878.133333,100989.916667,KPX_public_sukub_csv
2025-08-14 01:00:00,63340.316667,100969.083333,KPX_public_sukub_csv
2025-08-14 02:00:00,61674.683333,100698.916667,KPX_public_sukub_csv
2025-08-14 03:00:00,60605.581818,100688.909091,KPX_public_sukub_csv
2025-08-14 04:00:00,60457.041667,100717.0,KPX_public_sukub_csv
2025-08-14 05:00:00,61722.0,100837.666667,KPX_public_sukub_csv
2025-08-14 06:00:00,64898.35,100950.333333,KPX_public_sukub_csv
2025-08-14 07:00:00,69531.5,101571.75,KPX_public_sukub_csv
2025-08-14 08:00:00,75078.208333,102489.5,KPX_public_sukub_csv
2025-08-14 09:00:00,78987.133333,103261.583333,KPX_public_sukub_csv
2025-08-14 10:00:00,80341.75,103941.083333,KPX_public_sukub_csv
2025-08-14 11:00:00,79311.45,104978.5,KPX_public_sukub_csv
2025-08-14 12:00:00,77392.5,105255.083333,KPX_public_sukub_csv
2025-08-14 13:00:00,79759.516667,105407.833333,KPX_public_sukub_csv
2025-08-14 14:00:00,80158.558333,104479.666667,KPX_public_sukub_csv
2025-08-14 15:00:00,80719.141667,103495.75,KPX_public_sukub_csv
2025-08-14 16:00:00,83176.616667,104064.5,KPX_public_sukub_csv
2025-08-14 17:00:00,84001.758333,104063.916667,KPX_public_sukub_csv
2025-08-14 18:00:00,84690.233333,103073.75,KPX_public_sukub_csv
2025-08-14 19:00:00,84284.95,102681.75,KPX_public_sukub_csv
2025-08-14 20:00:00,81682.641667,102702.75,KPX_public_sukub_csv
2025-08-14 21:00:00,77931.5,102406.833333,KPX_public_sukub_csv
2025-08-14 22:00:00,75169.75,101797.5,KPX_public_sukub_csv
2025-08-14 23:00:00,71910.636364,101600.727273,KPX_public_sukub_csv
2025-08-15 00:00:00,66672.958333,98197.1,KPX_public_sukub_csv
2025-08-15 01:00:00,63685.191667,98082.366667,KPX_public_sukub_csv
2025-08-15 02:00:00,61637.2,98022.85,KPX_public_sukub_csv
2025-08-15 03:00:00,60274.5,98036.641667,KPX_public_sukub_csv
2025-08-15 04:00:00,59726.958333,98023.358333,KPX_public_sukub_csv
2025-08-15 05:00:00,59849.05,97992.975,KPX_public_sukub_csv
2025-08-15 06:00:00,60884.333333,98075.3,KPX_public_sukub_csv
2025-08-15 07:00:00,61972.125,98629.158333,KPX_public_sukub_csv
2025-08-15 08:00:00,63445.458333,98932.741667,KPX_public_sukub_csv
2025-08-15 09:00:00,65475.983333,99967.833333,KPX_public_sukub_csv
2025-08-15 10:00:00,66939.8,100555.416667,KPX_public_sukub_csv
2025-08-15 11:00:00,67170.791667,100794.583333,KPX_public_sukub_csv
2025-08-15 12:00:00,66383.35,101003.75,KPX_public_sukub_csv
2025-08-15 13:00:00,68470.3,101419.916667,KPX_public_sukub_csv
2025-08-15 14:00:00,69912.333333,101275.666667,KPX_public_sukub_csv
2025-08-15 15:00:00,71830.741667,100690.25,KPX_public_sukub_csv
2025-08-15 16:00:00,74649.35,99819.191667,KPX_public_sukub_csv
2025-08-15 17:00:00,77126.1,99478.3,KPX_public_sukub_csv
2025-08-15 18:00:00,79858.5,99933.933333,KPX_public_sukub_csv
2025-08-15 19:00:00,80620.658333,100114.875,KPX_public_sukub_csv
2025-08-15 20:00:00,79379.216667,99331.291667,KPX_public_sukub_csv
2025-08-15 21:00:00,75911.333333,98985.358333,KPX_public_sukub_csv
2025-08-15 22:00:00,72350.041667,98862.616667,KPX_public_sukub_csv
2025-08-15 23:00:00,68725.541667,98687.291667,KPX_public_sukub_csv
2025-08-16 00:00:00,64477.075,99128.35,KPX_public_sukub_csv
2025-08-16 01:00:00,61483.775,98409.2,KPX_public_sukub_csv
2025-08-16 02:00:00,59513.6,97660.783333,KPX_public_sukub_csv
2025-08-16 03:00:00,58223.8,97697.25,KPX_public_sukub_csv
2025-08-16 04:00:00,57839.691667,97657.858333,KPX_public_sukub_csv
2025-08-16 05:00:00,58048.758333,97639.241667,KPX_public_sukub_csv
2025-08-16 06:00:00,58981.058333,99419.25,KPX_public_sukub_csv
2025-08-16 07:00:00,60059.741667,100397.4,KPX_public_sukub_csv
2025-08-16 08:00:00,61292.083333,101017.333333,KPX_public_sukub_csv
2025-08-16 09:00:00,62802.416667,101948.75,KPX_public_sukub_csv
2025-08-16 10:00:00,63782.95,102549.083333,KPX_public_sukub_csv
2025-08-16 11:00:00,64332.858333,102805.833333,KPX_public_sukub_csv
2025-08-16 12:00:00,64228.891667,103243.333333,KPX_public_sukub_csv
2025-08-16 13:00:00,65434.116667,103624.583333,KPX_public_sukub_csv
2025-08-16 14:00:00,67052.941667,103380.833333,KPX_public_sukub_csv
2025-08-16 15:00:00,68679.175,102597.416667,KPX_public_sukub_csv
2025-08-16 16:00:00,71607.1,102396.833333,KPX_public_sukub_csv
2025-08-16 17:00:00,74738.166667,101937.583333,KPX_public_sukub_csv
2025-08-16 18:00:00,77475.941667,100915.833333,KPX_public_sukub_csv
2025-08-16 19:00:00,78164.583333,100701.833333,KPX_public_sukub_csv
2025-08-16 20:00:00,76606.608333,100826.5,KPX_public_sukub_csv
2025-08-16 21:00:00,73084.866667,100981.666667,KPX_public_sukub_csv
2025-08-16 22:00:00,70239.854545,100929.181818,KPX_public_sukub_csv
2025-08-16 23:00:00,67089.766667,100772.583333,KPX_public_sukub_csv
2025-08-17 00:00:00,62822.683333,99257.383333,KPX_public_sukub_csv
2025-08-17 01:00:00,59793.466667,99156.258333,KPX_public_sukub_csv
2025-08-17 02:00:00,57812.833333,98778.566667,KPX_public_sukub_csv
2025-08-17 03:00:00,56509.641667,98180.683333,KPX_public_sukub_csv
2025-08-17 04:00:00,56007.145455,98204.409091,KPX_public_sukub_csv
2025-08-17 05:00:00,55998.191667,98144.925,KPX_public_sukub_csv
2025-08-17 06:00:00,56367.725,98280.675,KPX_public_sukub_csv
2025-08-17 07:00:00,56593.641667,98881.416667,KPX_public_sukub_csv
2025-08-17 08:00:00,56776.975,99185.916667,KPX_public_sukub_csv
2025-08-17 09:00:00,58226.716667,100322.9,KPX_public_sukub_csv
2025-08-17 10:00:00,59936.816667,100930.166667,KPX_public_sukub_csv
2025-08-17 11:00:00,60021.233333,101280.666667,KPX_public_sukub_csv
2025-08-17 12:00:00,61088.133333,101531.916667,KPX_public_sukub_csv
2025-08-17 13:00:00,62960.841667,102496.416667,KPX_public_sukub_csv
2025-08-17 14:00:00,64977.063636,102058.727273,KPX_public_sukub_csv
2025-08-17 15:00:00,66698.083333,101685.25,KPX_public_sukub_csv
2025-08-17 16:00:00,69938.183333,100821.583333,KPX_public_sukub_csv
2025-08-17 17:00:00,74199.481818,100381.154545,KPX_public_sukub_csv
2025-08-17 18:00:00,77322.333333,99579.616667,KPX_public_sukub_csv
2025-08-17 19:00:00,78493.966667,99276.833333,KPX_public_sukub_csv
2025-08-17 20:00:00,77256.65,99143.25,KPX_public_sukub_csv
2025-08-17 21:00:00,73960.283333,100217.558333,KPX_public_sukub_csv
2025-08-17 22:00:00,70192.8,100322.833333,KPX_public_sukub_csv
2025-08-17 23:00:00,66383.483333,100306.166667,KPX_public_sukub_csv
2025-08-18 00:00:00,62212.158333,101265.833333,KPX_public_sukub_csv
2025-08-18 01:00:00,59419.983333,101377.333333,KPX_public_sukub_csv
2025-08-18 02:00:00,57920.05,101727.583333,KPX_public_sukub_csv
2025-08-18 03:00:00,57086.35,100493.916667,KPX_public_sukub_csv
2025-08-18 04:00:00,57439.708333,100793.0,KPX_public_sukub_csv
2025-08-18 05:00:00,59300.508333,100971.666667,KPX_public_sukub_csv
2025-08-18 06:00:00,63698.583333,101085.25,KPX_public_sukub_csv
2025-08-18 07:00:00,70405.741667,101615.666667,KPX_public_sukub_csv
2025-08-18 08:00:00,78323.4,102637.25,KPX_public_sukub_csv
2025-08-18 09:00:00,82479.725,104184.583333,KPX_public_sukub_csv
2025-08-18 10:00:00,83375.625,105149.583333,KPX_public_sukub_csv
2025-08-18 11:00:00,82704.525,105471.333333,KPX_public_sukub_csv
2025-08-18 12:00:00,80784.675,106351.25,KPX_public_sukub_csv
2025-08-18 13:00:00,84059.75,106514.25,KPX_public_sukub_csv
2025-08-18 14:00:00,86147.466667,106169.416667,KPX_public_sukub_csv
2025-08-18 15:00:00,87963.241667,106370.5,KPX_public_sukub_csv
2025-08-18 16:00:00,91292.3,105304.5,KPX_public_sukub_csv
2025-08-18 17:00:00,91928.983333,105210.916667,KPX_public_sukub_csv
2025-08-18 18:00:00,91805.516667,104584.916667,KPX_public_sukub_csv
2025-08-18 19:00:00,91014.758333,104538.25,KPX_public_sukub_csv
2025-08-18 20:00:00,87538.216667,104787.083333,KPX_public_sukub_csv
2025-08-18 21:00:00,82797.241667,104127.666667,KPX_public_sukub_csv
2025-08-18 22:00:00,78939.791667,103536.583333,KPX_public_sukub_csv
2025-08-18 23:00:00,74961.390909,103641.0,KPX_public_sukub_csv
2025-08-19 00:00:00,69620.416667,103241.75,KPX_public_sukub_csv
2025-08-19 01:00:00,66645.5,103275.25,KPX_public_sukub_csv
2025-08-19 02:00:00,64775.608333,102467.166667,KPX_public_sukub_csv
2025-08-19 03:00:00,63587.866667,101847.666667,KPX_public_sukub_csv
2025-08-19 04:00:00,63377.275,101883.0,KPX_public_sukub_csv
2025-08-19 05:00:00,64647.775,101903.25,KPX_public_sukub_csv
2025-08-19 06:00:00,68196.133333,102173.75,KPX_public_sukub_csv
2025-08-19 07:00:00,73728.658333,103263.916667,KPX_public_sukub_csv
2025-08-19 08:00:00,80219.808333,103966.0,KPX_public_sukub_csv
2025-08-19 09:00:00,84330.008333,105154.666667,KPX_public_sukub_csv
2025-08-19 10:00:00,85513.633333,105785.75,KPX_public_sukub_csv
2025-08-19 11:00:00,84975.927273,106410.727273,KPX_public_sukub_csv
2025-08-19 12:00:00,82701.591667,106723.25,KPX_public_sukub_csv
2025-08-19 13:00:00,85889.936364,107012.181818,KPX_public_sukub_csv
2025-08-19 14:00:00,87923.427273,106776.545455,KPX_public_sukub_csv
2025-08-19 15:00:00,88886.333333,106121.833333,KPX_public_sukub_csv
2025-08-19 16:00:00,91433.391667,105312.5,KPX_public_sukub_csv
2025-08-19 17:00:00,92992.441667,104591.583333,KPX_public_sukub_csv
2025-08-19 18:00:00,93350.65,103509.0,KPX_public_sukub_csv
2025-08-19 19:00:00,92560.558333,103180.5,KPX_public_sukub_csv
2025-08-19 20:00:00,88956.4,103153.363636,KPX_public_sukub_csv
2025-08-19 21:00:00,84286.183333,103070.583333,KPX_public_sukub_csv
2025-08-19 22:00:00,80303.641667,102918.333333,KPX_public_sukub_csv
2025-08-19 23:00:00,75691.675,102940.333333,KPX_public_sukub_csv
2025-08-20 00:00:00,70408.058333,102727.333333,KPX_public_sukub_csv
2025-08-20 01:00:00,67260.041667,102830.583333,KPX_public_sukub_csv
2025-08-20 02:00:00,65206.75,102762.166667,KPX_public_sukub_csv
2025-08-20 03:00:00,63961.75,101924.166667,KPX_public_sukub_csv
2025-08-20 04:00:00,63678.066667,101841.583333,KPX_public_sukub_csv
2025-08-20 05:00:00,64890.425,101834.0,KPX_public_sukub_csv
2025-08-20 06:00:00,68314.816667,102040.083333,KPX_public_sukub_csv
2025-08-20 07:00:00,73711.4,103406.333333,KPX_public_sukub_csv
2025-08-20 08:00:00,79724.116667,104034.583333,KPX_public_sukub_csv
2025-08-20 09:00:00,83899.15,105824.666667,KPX_public_sukub_csv
2025-08-20 10:00:00,84982.991667,106804.666667,KPX_public_sukub_csv
2025-08-20 11:00:00,84065.116667,107255.166667,KPX_public_sukub_csv
2025-08-20 12:00:00,82308.525,107600.666667,KPX_public_sukub_csv
2025-08-20 13:00:00,85928.975,108547.5,KPX_public_sukub_csv
2025-08-20 14:00:00,88440.125,108649.583333,KPX_public_sukub_csv
2025-08-20 15:00:00,89679.233333,107858.5,KPX_public_sukub_csv
2025-08-20 16:00:00,91660.071273,106899.325455,KPX_public_sukub_csv
2025-08-20 17:00:00,92226.572167,105713.08875,KPX_public_sukub_csv
2025-08-20 18:00:00,93128.175,104872.75,KPX_public_sukub_csv
2025-08-20 19:00:00,92976.533333,104536.25,KPX_public_sukub_csv
2025-08-20 20:00:00,89813.55,104253.666667,KPX_public_sukub_csv
2025-08-20 21:00:00,85043.65,103904.833333,KPX_public_sukub_csv
2025-08-20 22:00:00,80918.275,103929.25,KPX_public_sukub_csv
2025-08-20 23:00:00,76388.95,104008.833333,KPX_public_sukub_csv
2025-08-21 00:00:00,71026.266667,104135.916667,KPX_public_sukub_csv
2025-08-21 01:00:00,67806.525,104311.083333,KPX_public_sukub_csv
2025-08-21 02:00:00,65869.591667,103440.25,KPX_public_sukub_csv
2025-08-21 03:00:00,64676.383333,103205.666667,KPX_public_sukub_csv
2025-08-21 04:00:00,64563.841667,102672.25,KPX_public_sukub_csv
2025-08-21 05:00:00,65729.633333,102059.833333,KPX_public_sukub_csv
2025-08-21 06:00:00,69174.116667,102010.583333,KPX_public_sukub_csv
2025-08-21 07:00:00,74650.975,103194.25,KPX_public_sukub_csv
2025-08-21 08:00:00,80695.383333,103348.0,KPX_public_sukub_csv
2025-08-21 09:00:00,84749.066667,104831.916667,KPX_public_sukub_csv
2025-08-21 10:00:00,85856.125,106334.916667,KPX_public_sukub_csv
2025-08-21 11:00:00,85075.816667,106390.333333,KPX_public_sukub_csv
2025-08-21 12:00:00,83163.858333,106933.166667,KPX_public_sukub_csv
2025-08-21 13:00:00,86562.725,107103.333333,KPX_public_sukub_csv
2025-08-21 14:00:00,88949.133333,106877.333333,KPX_public_sukub_csv
2025-08-21 15:00:00,90458.675,106370.25,KPX_public_sukub_csv
2025-08-21 16:00:00,92438.858333,105144.25,KPX_public_sukub_csv
2025-08-21 17:00:00,93530.416667,104136.333333,KPX_public_sukub_csv
2025-08-21 18:00:00,94575.941667,103319.0,KPX_public_sukub_csv
2025-08-21 19:00:00,94229.875,103417.666667,KPX_public_sukub_csv
2025-08-21 20:00:00,90529.8,103077.75,KPX_public_sukub_csv
2025-08-21 21:00:00,85714.466667,102666.333333,KPX_public_sukub_csv
2025-08-21 22:00:00,81470.691667,102709.0,KPX_public_sukub_csv
2025-08-21 23:00:00,76839.616667,102570.0,KPX_public_sukub_csv
2025-08-22 00:00:00,71459.191667,102829.083333,KPX_public_sukub_csv
2025-08-22 01:00:00,68160.916667,102946.416667,KPX_public_sukub_csv
2025-08-22 02:00:00,66132.541667,101544.0,KPX_public_sukub_csv
2025-08-22 03:00:00,64785.025,100791.916667,KPX_public_sukub_csv
2025-08-22 04:00:00,64219.466667,100974.416667,KPX_public_sukub_csv
2025-08-22 05:00:00,65392.183333,101238.416667,KPX_public_sukub_csv
2025-08-22 06:00:00,68800.25,101169.25,KPX_public_sukub_csv
2025-08-22 07:00:00,74296.475,102436.333333,KPX_public_sukub_csv
2025-08-22 08:00:00,80597.883333,103425.083333,KPX_public_sukub_csv
2025-08-22 09:00:00,84301.141667,104382.75,KPX_public_sukub_csv
2025-08-22 10:00:00,85167.233333,105089.583333,KPX_public_sukub_csv
2025-08-22 11:00:00,84860.091667,105664.916667,KPX_public_sukub_csv
2025-08-22 12:00:00,83415.958333,106148.083333,KPX_public_sukub_csv
2025-08-22 13:00:00,86823.183333,107030.666667,KPX_public_sukub_csv
2025-08-22 14:00:00,88790.516667,106660.833333,KPX_public_sukub_csv
2025-08-22 15:00:00,89900.266667,106014.75,KPX_public_sukub_csv
2025-08-22 16:00:00,92624.841667,105050.416667,KPX_public_sukub_csv
2025-08-22 17:00:00,93253.741667,104178.5,KPX_public_sukub_csv
2025-08-22 18:00:00,92981.366667,103401.583333,KPX_public_sukub_csv
2025-08-22 19:00:00,92400.3,102955.583333,KPX_public_sukub_csv
2025-08-22 20:00:00,89076.483333,103703.916667,KPX_public_sukub_csv
2025-08-22 21:00:00,84484.05,103225.0,KPX_public_sukub_csv
2025-08-22 22:00:00,80728.0,101179.583333,KPX_public_sukub_csv
2025-08-22 23:00:00,76648.5,99961.458333,KPX_public_sukub_csv
2025-08-23 00:00:00,71222.9,97349.983333,KPX_public_sukub_csv
2025-08-23 01:00:00,67749.483333,96630.058333,KPX_public_sukub_csv
2025-08-23 02:00:00,65441.891667,96636.966667,KPX_public_sukub_csv
2025-08-23 03:00:00,63761.441667,96647.825,KPX_public_sukub_csv
2025-08-23 04:00:00,62982.791667,96710.791667,KPX_public_sukub_csv
2025-08-23 05:00:00,63072.433333,96701.858333,KPX_public_sukub_csv
2025-08-23 06:00:00,63972.0,96648.991667,KPX_public_sukub_csv
2025-08-23 07:00:00,65081.133333,97184.358333,KPX_public_sukub_csv
2025-08-23 08:00:00,66511.258333,97448.475,KPX_public_sukub_csv
2025-08-23 09:00:00,69373.025,98446.083333,KPX_public_sukub_csv
2025-08-23 10:00:00,71755.383333,99608.391667,KPX_public_sukub_csv
2025-08-23 11:00:00,72062.925,100203.508333,KPX_public_sukub_csv
2025-08-23 12:00:00,71350.141667,100564.916667,KPX_public_sukub_csv
2025-08-23 13:00:00,73046.091667,100677.666667,KPX_public_sukub_csv
2025-08-23 14:00:00,74205.133333,100544.333333,KPX_public_sukub_csv
2025-08-23 15:00:00,75558.766667,99664.725,KPX_public_sukub_csv
2025-08-23 16:00:00,77980.927273,98884.0,KPX_public_sukub_csv
2025-08-23 17:00:00,80668.708333,98390.625,KPX_public_sukub_csv
2025-08-23 18:00:00,82733.341667,97758.858333,KPX_public_sukub_csv
2025-08-23 19:00:00,83486.166667,97966.016667,KPX_public_sukub_csv
2025-08-23 20:00:00,81675.716667,98055.466667,KPX_public_sukub_csv
2025-08-23 21:00:00,78123.225,97432.933333,KPX_public_sukub_csv
2025-08-23 22:00:00,74947.875,97316.316667,KPX_public_sukub_csv
2025-08-23 23:00:00,71337.683333,97307.975,KPX_public_sukub_csv
2025-08-24 00:00:00,66710.916667,96702.083333,KPX_public_sukub_csv
2025-08-24 01:00:00,63420.4,96535.633333,KPX_public_sukub_csv
2025-08-24 02:00:00,61215.733333,96583.725,KPX_public_sukub_csv
2025-08-24 03:00:00,59709.291667,95871.15,KPX_public_sukub_csv
2025-08-24 04:00:00,59127.458333,96421.425,KPX_public_sukub_csv
2025-08-24 05:00:00,59262.65,96682.033333,KPX_public_sukub_csv
2025-08-24 06:00:00,59910.925,96671.65,KPX_public_sukub_csv
2025-08-24 07:00:00,60596.658333,97090.841667,KPX_public_sukub_csv
2025-08-24 08:00:00,61845.975,97117.158333,KPX_public_sukub_csv
2025-08-24 09:00:00,63413.333333,98126.508333,KPX_public_sukub_csv
2025-08-24 10:00:00,65319.691667,98605.041667,KPX_public_sukub_csv
2025-08-24 11:00:00,65957.825,98978.183333,KPX_public_sukub_csv
2025-08-24 12:00:00,66797.563636,99280.490909,KPX_public_sukub_csv
2025-08-24 13:00:00,68456.558333,99403.283333,KPX_public_sukub_csv
2025-08-24 14:00:00,70129.466667,99186.908333,KPX_public_sukub_csv
2025-08-24 15:00:00,72053.2,98618.433333,KPX_public_sukub_csv
2025-08-24 16:00:00,75443.083333,97857.583333,KPX_public_sukub_csv
2025-08-24 17:00:00,79533.283333,97410.891667,KPX_public_sukub_csv
2025-08-24 18:00:00,82308.9,96814.725,KPX_public_sukub_csv
2025-08-24 19:00:00,83108.866667,96902.65,KPX_public_sukub_csv
2025-08-24 20:00:00,81411.933333,96776.008333,KPX_public_sukub_csv
2025-08-24 21:00:00,77661.25,96261.25,KPX_public_sukub_csv
2025-08-24 22:00:00,73540.458333,96224.291667,KPX_public_sukub_csv
2025-08-24 23:00:00,69780.045455,96182.654545,KPX_public_sukub_csv
2025-08-25 00:00:00,65242.175,97660.216667,KPX_public_sukub_csv
2025-08-25 01:00:00,62344.7,97806.616667,KPX_public_sukub_csv
2025-08-25 02:00:00,60604.633333,98414.991667,KPX_public_sukub_csv
2025-08-25 03:00:00,59555.025,98701.633333,KPX_public_sukub_csv
2025-08-25 04:00:00,59671.2,98871.966667,KPX_public_sukub_csv
2025-08-25 05:00:00,61404.908333,98998.533333,KPX_public_sukub_csv
2025-08-25 06:00:00,65692.041667,99324.216667,KPX_public_sukub_csv
2025-08-25 07:00:00,73057.975,102078.816667,KPX_public_sukub_csv
2025-08-25 08:00:00,81046.866667,102679.916667,KPX_public_sukub_csv
2025-08-25 09:00:00,85666.858333,103783.25,KPX_public_sukub_csv
2025-08-25 10:00:00,86974.283333,104480.333333,KPX_public_sukub_csv
2025-08-25 11:00:00,86434.391667,104906.083333,KPX_public_sukub_csv
2025-08-25 12:00:00,84507.366667,105241.166667,KPX_public_sukub_csv
2025-08-25 13:00:00,87857.233333,106098.416667,KPX_public_sukub_csv
2025-08-25 14:00:00,90253.041667,106584.75,KPX_public_sukub_csv
2025-08-25 15:00:00,92051.791667,106096.833333,KPX_public_sukub_csv
2025-08-25 16:00:00,95071.033333,105277.583333,KPX_public_sukub_csv
2025-08-25 17:00:00,96271.283333,105451.666667,KPX_public_sukub_csv
2025-08-25 18:00:00,95754.375,104381.833333,KPX_public_sukub_csv
2025-08-25 19:00:00,94872.6,104192.416667,KPX_public_sukub_csv
2025-08-25 20:00:00,91090.008333,104083.5,KPX_public_sukub_csv
2025-08-25 21:00:00,86220.233333,103901.0,KPX_public_sukub_csv
2025-08-25 22:00:00,81773.633333,103428.916667,KPX_public_sukub_csv
2025-08-25 23:00:00,77179.833333,102963.833333,KPX_public_sukub_csv
2025-08-26 00:00:00,71507.116667,102968.25,KPX_public_sukub_csv
2025-08-26 01:00:00,68433.05,103050.5,KPX_public_sukub_csv
2025-08-26 02:00:00,66367.175,102342.083333,KPX_public_sukub_csv
2025-08-26 03:00:00,64907.825,102069.75,KPX_public_sukub_csv
2025-08-26 04:00:00,64466.883333,102289.083333,KPX_public_sukub_csv
2025-08-26 05:00:00,65628.041667,102483.416667,KPX_public_sukub_csv
2025-08-26 06:00:00,69053.158333,103045.0,KPX_public_sukub_csv
2025-08-26 07:00:00,75645.683333,103753.583333,KPX_public_sukub_csv
2025-08-26 08:00:00,83939.758333,103669.666667,KPX_public_sukub_csv
2025-08-26 09:00:00,88405.575,104367.166667,KPX_public_sukub_csv
2025-08-26 10:00:00,89920.25,104739.25,KPX_public_sukub_csv
2025-08-26 11:00:00,89503.058333,104769.833333,KPX_public_sukub_csv
2025-08-26 12:00:00,87269.191667,105116.25,KPX_public_sukub_csv
2025-08-26 13:00:00,88297.833333,105566.916667,KPX_public_sukub_csv
2025-08-26 14:00:00,89039.9,105683.416667,KPX_public_sukub_csv
2025-08-26 15:00:00,89242.783333,106114.833333,KPX_public_sukub_csv
2025-08-26 16:00:00,90959.441667,105615.583333,KPX_public_sukub_csv
2025-08-26 17:00:00,91387.375,105387.833333,KPX_public_sukub_csv
2025-08-26 18:00:00,91529.383333,104496.333333,KPX_public_sukub_csv
2025-08-26 19:00:00,90655.533333,104047.416667,KPX_public_sukub_csv
2025-08-26 20:00:00,86969.425,104015.0,KPX_public_sukub_csv
2025-08-26 21:00:00,82156.291667,103419.416667,KPX_public_sukub_csv
2025-08-26 22:00:00,78406.191667,103189.583333,KPX_public_sukub_csv
2025-08-26 23:00:00,74089.225,103261.666667,KPX_public_sukub_csv
2025-08-27 00:00:00,68774.618182,103175.272727,KPX_public_sukub_csv
2025-08-27 01:00:00,65767.858333,103131.666667,KPX_public_sukub_csv
2025-08-27 02:00:00,63950.008333,102491.166667,KPX_public_sukub_csv
2025-08-27 03:00:00,62774.333333,101924.583333,KPX_public_sukub_csv
2025-08-27 04:00:00,62620.033333,102130.083333,KPX_public_sukub_csv
2025-08-27 05:00:00,63903.833333,102222.833333,KPX_public_sukub_csv
2025-08-27 06:00:00,67083.35,102288.416667,KPX_public_sukub_csv
2025-08-27 07:00:00,72388.425,103553.083333,KPX_public_sukub_csv
2025-08-27 08:00:00,78291.266667,103704.0,KPX_public_sukub_csv
2025-08-27 09:00:00,80852.641667,104935.5,KPX_public_sukub_csv
2025-08-27 10:00:00,81052.358333,105734.166667,KPX_public_sukub_csv
2025-08-27 11:00:00,79944.808333,106214.25,KPX_public_sukub_csv
2025-08-27 12:00:00,78042.941667,105923.75,KPX_public_sukub_csv
2025-08-27 13:00:00,81302.263636,106483.0,KPX_public_sukub_csv
2025-08-27 14:00:00,83767.725,106468.916667,KPX_public_sukub_csv
2025-08-27 15:00:00,85332.008333,106182.083333,KPX_public_sukub_csv
2025-08-27 16:00:00,88243.65,105524.25,KPX_public_sukub_csv
2025-08-27 17:00:00,88544.708333,105271.333333,KPX_public_sukub_csv
2025-08-27 18:00:00,88321.241667,104721.5,KPX_public_sukub_csv
2025-08-27 19:00:00,87897.416667,104641.25,KPX_public_sukub_csv
2025-08-27 20:00:00,84505.958333,104239.666667,KPX_public_sukub_csv
2025-08-27 21:00:00,80174.5,103441.5,KPX_public_sukub_csv
2025-08-27 22:00:00,76492.3,102746.181818,KPX_public_sukub_csv
2025-08-27 23:00:00,72686.741667,102654.5,KPX_public_sukub_csv
2025-08-28 00:00:00,67784.733333,102410.25,KPX_public_sukub_csv
2025-08-28 01:00:00,64990.0,102444.833333,KPX_public_sukub_csv
2025-08-28 02:00:00,63055.816667,102129.333333,KPX_public_sukub_csv
2025-08-28 03:00:00,61912.575,101628.916667,KPX_public_sukub_csv
2025-08-28 04:00:00,61919.191667,101643.666667,KPX_public_sukub_csv
2025-08-28 05:00:00,63040.016667,101814.25,KPX_public_sukub_csv
2025-08-28 06:00:00,66316.133333,101892.833333,KPX_public_sukub_csv
2025-08-28 07:00:00,71545.541667,102815.083333,KPX_public_sukub_csv
2025-08-28 08:00:00,77871.333333,103458.333333,KPX_public_sukub_csv
2025-08-28 09:00:00,81160.125,104734.0,KPX_public_sukub_csv
2025-08-28 10:00:00,81865.016667,105449.833333,KPX_public_sukub_csv
2025-08-28 11:00:00,81698.9,105644.75,KPX_public_sukub_csv
2025-08-28 12:00:00,80082.241667,105935.0,KPX_public_sukub_csv
2025-08-28 13:00:00,83625.866667,106469.75,KPX_public_sukub_csv
2025-08-28 14:00:00,86327.866667,106543.75,KPX_public_sukub_csv
2025-08-28 15:00:00,87835.541667,105791.666667,KPX_public_sukub_csv
2025-08-28 16:00:00,90418.133333,104944.833333,KPX_public_sukub_csv
2025-08-28 17:00:00,91410.583333,104936.0,KPX_public_sukub_csv
2025-08-28 18:00:00,91325.808333,104377.166667,KPX_public_sukub_csv
2025-08-28 19:00:00,90777.408333,104302.0,KPX_public_sukub_csv
2025-08-28 20:00:00,87061.283333,104211.083333,KPX_public_sukub_csv
2025-08-28 21:00:00,82552.883333,103243.0,KPX_public_sukub_csv
2025-08-28 22:00:00,78635.15,102679.5,KPX_public_sukub_csv
2025-08-28 23:00:00,74706.936364,102525.727273,KPX_public_sukub_csv
2025-08-29 00:00:00,69296.766667,102518.166667,KPX_public_sukub_csv
2025-08-29 01:00:00,66528.941667,102595.0,KPX_public_sukub_csv
2025-08-29 02:00:00,64575.491667,102649.916667,KPX_public_sukub_csv
2025-08-29 03:00:00,63462.708333,102632.666667,KPX_public_sukub_csv
2025-08-29 04:00:00,63173.333333,102666.166667,KPX_public_sukub_csv
2025-08-29 05:00:00,64591.266667,102725.833333,KPX_public_sukub_csv
2025-08-29 06:00:00,67903.283333,102942.583333,KPX_public_sukub_csv
2025-08-29 07:00:00,73446.65,103544.0,KPX_public_sukub_csv
2025-08-29 08:00:00,79861.116667,104213.0,KPX_public_sukub_csv
2025-08-29 09:00:00,84109.875,105524.5,KPX_public_sukub_csv
2025-08-29 10:00:00,85609.866667,106029.166667,KPX_public_sukub_csv
2025-08-29 11:00:00,85053.533333,106528.083333,KPX_public_sukub_csv
2025-08-29 12:00:00,82987.058333,107107.833333,KPX_public_sukub_csv
2025-08-29 13:00:00,86001.825,107462.083333,KPX_public_sukub_csv
2025-08-29 14:00:00,87906.2,107252.0,KPX_public_sukub_csv
2025-08-29 15:00:00,89232.808333,106443.166667,KPX_public_sukub_csv
2025-08-29 16:00:00,91171.575,105648.333333,KPX_public_sukub_csv
2025-08-29 17:00:00,91639.075,104688.5,KPX_public_sukub_csv
2025-08-29 18:00:00,91791.416667,103887.583333,KPX_public_sukub_csv
2025-08-29 19:00:00,91169.416667,103730.583333,KPX_public_sukub_csv
2025-08-29 20:00:00,87816.125,103937.916667,KPX_public_sukub_csv
2025-08-29 21:00:00,83402.316667,103256.666667,KPX_public_sukub_csv
2025-08-29 22:00:00,79495.675,102739.5,KPX_public_sukub_csv
2025-08-29 23:00:00,75692.7,102440.454545,KPX_public_sukub_csv
2025-08-30 00:00:00,70237.025,101776.583333,KPX_public_sukub_csv
2025-08-30 01:00:00,66921.891667,101746.083333,KPX_public_sukub_csv
2025-08-30 02:00:00,64449.808333,99932.508333,KPX_public_sukub_csv
2025-08-30 03:00:00,62885.641667,97887.458333,KPX_public_sukub_csv
2025-08-30 04:00:00,62135.733333,97917.708333,KPX_public_sukub_csv
2025-08-30 05:00:00,62296.466667,97916.55,KPX_public_sukub_csv
2025-08-30 06:00:00,63155.275,97974.508333,KPX_public_sukub_csv
2025-08-30 07:00:00,64164.541667,98722.308333,KPX_public_sukub_csv
2025-08-30 08:00:00,65264.236364,98766.709091,KPX_public_sukub_csv
2025-08-30 09:00:00,67548.333333,99251.116667,KPX_public_sukub_csv
2025-08-30 10:00:00,69264.0,99839.716667,KPX_public_sukub_csv
2025-08-30 11:00:00,69970.041667,100982.083333,KPX_public_sukub_csv
2025-08-30 12:00:00,69837.633333,101138.916667,KPX_public_sukub_csv
2025-08-30 13:00:00,71431.6,101403.166667,KPX_public_sukub_csv
2025-08-30 14:00:00,72732.016667,101341.166667,KPX_public_sukub_csv
2025-08-30 15:00:00,73807.95,100771.5,KPX_public_sukub_csv
2025-08-30 16:00:00,76388.358333,99877.741667,KPX_public_sukub_csv
2025-08-30 17:00:00,79051.975,99785.941667,KPX_public_sukub_csv
2025-08-30 18:00:00,80783.208333,99758.158333,KPX_public_sukub_csv
2025-08-30 19:00:00,81195.508333,99728.441667,KPX_public_sukub_csv
2025-08-30 20:00:00,79022.058333,99532.65,KPX_public_sukub_csv
2025-08-30 21:00:00,75694.6,99204.733333,KPX_public_sukub_csv
2025-08-30 22:00:00,72801.066667,98983.85,KPX_public_sukub_csv
2025-08-30 23:00:00,69310.175,98505.441667,KPX_public_sukub_csv
2025-08-31 00:00:00,64733.116667,97210.333333,KPX_public_sukub_csv
2025-08-31 01:00:00,61548.991667,97244.325,KPX_public_sukub_csv
2025-08-31 02:00:00,59298.033333,95932.391667,KPX_public_sukub_csv
2025-08-31 03:00:00,57924.258333,95492.841667,KPX_public_sukub_csv
2025-08-31 04:00:00,57220.516667,95563.775,KPX_public_sukub_csv
2025-08-31 05:00:00,57355.633333,95598.091667,KPX_public_sukub_csv
2025-08-31 06:00:00,57926.75,95613.075,KPX_public_sukub_csv
2025-08-31 07:00:00,58513.891667,96148.441667,KPX_public_sukub_csv
2025-08-31 08:00:00,59023.45,95993.891667,KPX_public_sukub_csv
2025-08-31 09:00:00,61100.275,97440.875,KPX_public_sukub_csv
2025-08-31 10:00:00,64563.683333,98446.358333,KPX_public_sukub_csv
2025-08-31 11:00:00,66176.391667,97825.283333,KPX_public_sukub_csv
2025-08-31 12:00:00,67234.425,96958.85,KPX_public_sukub_csv
2025-08-31 13:00:00,68947.858333,97193.275,KPX_public_sukub_csv
2025-08-31 14:00:00,70359.690909,97094.036364,KPX_public_sukub_csv
2025-08-31 15:00:00,70941.566667,97035.041667,KPX_public_sukub_csv
2025-08-31 16:00:00,72376.141667,97436.5,KPX_public_sukub_csv
2025-08-31 17:00:00,74856.625,97966.816667,KPX_public_sukub_csv
2025-08-31 18:00:00,77014.541667,97689.35,KPX_public_sukub_csv
2025-08-31 19:00:00,78123.341667,97436.241667,KPX_public_sukub_csv
2025-08-31 20:00:00,76344.925,97323.291667,KPX_public_sukub_csv
2025-08-31 21:00:00,73000.175,97226.15,KPX_public_sukub_csv
2025-08-31 22:00:00,69577.058333,96378.833333,KPX_public_sukub_csv
2025-08-31 23:00:00,66131.618182,95582.009091,KPX_public_sukub_csv
2025-09-01 00:00:00,62068.583333,97503.433333,KPX_public_sukub_csv
2025-09-01 01:00:00,59539.945455,97749.245455,KPX_public_sukub_csv
2025-09-01 02:00:00,57914.65,96851.341667,KPX_public_sukub_csv
2025-09-01 03:00:00,57023.175,96714.708333,KPX_public_sukub_csv
2025-09-01 04:00:00,57223.883333,96835.358333,KPX_public_sukub_csv
2025-09-01 05:00:00,59061.816667,97057.108333,KPX_public_sukub_csv
2025-09-01 06:00:00,63277.583333,97819.816667,KPX_public_sukub_csv
2025-09-01 07:00:00,70320.241667,98698.191667,KPX_public_sukub_csv
2025-09-01 08:00:00,78328.966667,98741.866667,KPX_public_sukub_csv
2025-09-01 09:00:00,83432.666667,99288.408333,KPX_public_sukub_csv
2025-09-01 10:00:00,85538.591667,99683.483333,KPX_public_sukub_csv
2025-09-01 11:00:00,84372.163636,100060.872727,KPX_public_sukub_csv
2025-09-01 12:00:00,81761.391667,100051.608333,KPX_public_sukub_csv
2025-09-01 13:00:00,85225.85,100616.5,KPX_public_sukub_csv
2025-09-01 14:00:00,88060.058333,100944.5,KPX_public_sukub_csv
2025-09-01 15:00:00,88989.908333,100393.416667,KPX_public_sukub_csv
2025-09-01 16:00:00,89581.725,100228.666667,KPX_public_sukub_csv
2025-09-01 17:00:00,88782.441667,100687.666667,KPX_public_sukub_csv
2025-09-01 18:00:00,88117.75,100235.341667,KPX_public_sukub_csv
2025-09-01 19:00:00,87308.15,100085.725,KPX_public_sukub_csv
2025-09-01 20:00:00,83723.325,99400.708333,KPX_public_sukub_csv
2025-09-01 21:00:00,79472.975,98764.7,KPX_public_sukub_csv
2025-09-01 22:00:00,75840.408333,97765.916667,KPX_public_sukub_csv
2025-09-01 23:00:00,71978.791667,97811.358333,KPX_public_sukub_csv
2025-09-02 00:00:00,67173.666667,97888.116667,KPX_public_sukub_csv
2025-09-02 01:00:00,64486.483333,97972.183333,KPX_public_sukub_csv
2025-09-02 02:00:00,62642.675,97783.158333,KPX_public_sukub_csv
2025-09-02 03:00:00,61475.033333,97816.175,KPX_public_sukub_csv
2025-09-02 04:00:00,61291.275,97849.875,KPX_public_sukub_csv
2025-09-02 05:00:00,62676.933333,97842.508333,KPX_public_sukub_csv
2025-09-02 06:00:00,66153.45,97889.891667,KPX_public_sukub_csv
2025-09-02 07:00:00,71898.85,99044.333333,KPX_public_sukub_csv
2025-09-02 08:00:00,78430.825,98933.775,KPX_public_sukub_csv
2025-09-02 09:00:00,82178.2,99486.4,KPX_public_sukub_csv
2025-09-02 10:00:00,82851.225,99977.7,KPX_public_sukub_csv
2025-09-02 11:00:00,82491.383333,99978.441667,KPX_public_sukub_csv
2025-09-02 12:00:00,79646.816667,100464.333333,KPX_public_sukub_csv
2025-09-02 13:00:00,81639.183333,100471.666667,KPX_public_sukub_csv
2025-09-02 14:00:00,83095.583333,100342.5,KPX_public_sukub_csv
2025-09-02 15:00:00,82871.783333,101236.666667,KPX_public_sukub_csv
2025-09-02 16:00:00,85046.65,101962.5,KPX_public_sukub_csv
2025-09-02 17:00:00,86777.541667,101651.416667,KPX_public_sukub_csv
2025-09-02 18:00:00,87065.183333,101351.583333,KPX_public_sukub_csv
2025-09-02 19:00:00,86385.508333,101332.75,KPX_public_sukub_csv
2025-09-02 20:00:00,82693.833333,100730.333333,KPX_public_sukub_csv
2025-09-02 21:00:00,78466.572727,100029.909091,KPX_public_sukub_csv
2025-09-02 22:00:00,74891.9,99902.45,KPX_public_sukub_csv
2025-09-02 23:00:00,71175.681818,99935.472727,KPX_public_sukub_csv
2025-09-03 00:00:00,66071.708333,99615.025,KPX_public_sukub_csv
2025-09-03 01:00:00,63409.725,99615.808333,KPX_public_sukub_csv
2025-09-03 02:00:00,61628.45,99539.175,KPX_public_sukub_csv
2025-09-03 03:00:00,60535.658333,99576.8,KPX_public_sukub_csv
2025-09-03 04:00:00,60598.85,99657.708333,KPX_public_sukub_csv
2025-09-03 05:00:00,62038.216667,99682.0,KPX_public_sukub_csv
2025-09-03 06:00:00,65167.066667,99703.875,KPX_public_sukub_csv
2025-09-03 07:00:00,69775.608333,100218.483333,KPX_public_sukub_csv
2025-09-03 08:00:00,74375.225,100579.85,KPX_public_sukub_csv
2025-09-03 09:00:00,76722.883333,101566.166667,KPX_public_sukub_csv
2025-09-03 10:00:00,77235.033333,102279.333333,KPX_public_sukub_csv
2025-09-03 11:00:00,76857.325,102538.25,KPX_public_sukub_csv
2025-09-03 12:00:00,75245.641667,102816.083333,KPX_public_sukub_csv
2025-09-03 13:00:00,79578.925,102905.166667,KPX_public_sukub_csv
2025-09-03 14:00:00,82561.325,102763.916667,KPX_public_sukub_csv
2025-09-03 15:00:00,84702.425,102157.5,KPX_public_sukub_csv
2025-09-03 16:00:00,87808.6,101649.363636,KPX_public_sukub_csv
2025-09-03 17:00:00,88540.391667,101252.416667,KPX_public_sukub_csv
2025-09-03 18:00:00,88387.291667,100674.75,KPX_public_sukub_csv
2025-09-03 19:00:00,87494.258333,100649.333333,KPX_public_sukub_csv
2025-09-03 20:00:00,84151.683333,100576.666667,KPX_public_sukub_csv
2025-09-03 21:00:00,79924.516667,100333.175,KPX_public_sukub_csv
2025-09-03 22:00:00,76336.991667,99974.908333,KPX_public_sukub_csv
2025-09-03 23:00:00,72609.627273,99987.954545,KPX_public_sukub_csv
2025-09-04 00:00:00,67611.441667,100118.566667,KPX_public_sukub_csv
2025-09-04 01:00:00,64754.416667,100204.666667,KPX_public_sukub_csv
2025-09-04 02:00:00,62910.575,99287.391667,KPX_public_sukub_csv
2025-09-04 03:00:00,61892.591667,99009.65,KPX_public_sukub_csv
2025-09-04 04:00:00,61788.558333,99233.491667,KPX_public_sukub_csv
2025-09-04 05:00:00,62954.55,99522.108333,KPX_public_sukub_csv
2025-09-04 06:00:00,66306.208333,99684.516667,KPX_public_sukub_csv
2025-09-04 07:00:00,71401.716667,101046.333333,KPX_public_sukub_csv
2025-09-04 08:00:00,77171.166667,101305.083333,KPX_public_sukub_csv
2025-09-04 09:00:00,80526.8,101406.916667,KPX_public_sukub_csv
2025-09-04 10:00:00,81865.125,101572.416667,KPX_public_sukub_csv
2025-09-04 11:00:00,81316.583333,102513.0,KPX_public_sukub_csv
2025-09-04 12:00:00,78750.336364,102896.727273,KPX_public_sukub_csv
2025-09-04 13:00:00,81413.858333,103033.5,KPX_public_sukub_csv
2025-09-04 14:00:00,83130.483333,103125.333333,KPX_public_sukub_csv
2025-09-04 15:00:00,84452.85,103000.333333,KPX_public_sukub_csv
2025-09-04 16:00:00,87410.333333,101644.833333,KPX_public_sukub_csv
2025-09-04 17:00:00,88138.508333,101351.0,KPX_public_sukub_csv
2025-09-04 18:00:00,87661.233333,100694.166667,KPX_public_sukub_csv
2025-09-04 19:00:00,86817.208333,100496.916667,KPX_public_sukub_csv
2025-09-04 20:00:00,83254.075,99538.366667,KPX_public_sukub_csv
2025-09-04 21:00:00,78888.125,99320.133333,KPX_public_sukub_csv
2025-09-04 22:00:00,75446.458333,99352.416667,KPX_public_sukub_csv
2025-09-04 23:00:00,71681.827273,99423.918182,KPX_public_sukub_csv
2025-09-05 00:00:00,66637.475,98611.858333,KPX_public_sukub_csv
2025-09-05 01:00:00,63918.7,98387.541667,KPX_public_sukub_csv
2025-09-05 02:00:00,62200.191667,97822.066667,KPX_public_sukub_csv
2025-09-05 03:00:00,60879.466667,97735.258333,KPX_public_sukub_csv
2025-09-05 04:00:00,60804.216667,97720.583333,KPX_public_sukub_csv
2025-09-05 05:00:00,62287.0,97609.1,KPX_public_sukub_csv
2025-09-05 06:00:00,65331.733333,97639.066667,KPX_public_sukub_csv
2025-09-05 07:00:00,69748.691667,98416.691667,KPX_public_sukub_csv
2025-09-05 08:00:00,74326.35,99445.975,KPX_public_sukub_csv
2025-09-05 09:00:00,76931.583333,100192.675,KPX_public_sukub_csv
2025-09-05 10:00:00,77910.991667,100765.083333,KPX_public_sukub_csv
2025-09-05 11:00:00,77680.808333,100791.166667,KPX_public_sukub_csv
2025-09-05 12:00:00,76405.366667,100857.916667,KPX_public_sukub_csv
2025-09-05 13:00:00,80524.391667,100828.416667,KPX_public_sukub_csv
2025-09-05 14:00:00,83222.041667,100471.916667,KPX_public_sukub_csv
2025-09-05 15:00:00,85512.208333,99879.441667,KPX_public_sukub_csv
2025-09-05 16:00:00,88123.672727,99134.3,KPX_public_sukub_csv
2025-09-05 17:00:00,88029.825,99343.516667,KPX_public_sukub_csv
2025-09-05 18:00:00,87459.741667,99387.075,KPX_public_sukub_csv
2025-09-05 19:00:00,86584.633333,99601.891667,KPX_public_sukub_csv
2025-09-05 20:00:00,83163.075,99571.141667,KPX_public_sukub_csv
2025-09-05 21:00:00,79182.641667,99254.041667,KPX_public_sukub_csv
2025-09-05 22:00:00,75897.933333,98929.333333,KPX_public_sukub_csv
2025-09-05 23:00:00,72461.725,98930.325,KPX_public_sukub_csv
2025-09-06 00:00:00,67568.225,97589.283333,KPX_public_sukub_csv
2025-09-06 01:00:00,64477.975,97515.391667,KPX_public_sukub_csv
2025-09-06 02:00:00,62583.083333,97800.841667,KPX_public_sukub_csv
2025-09-06 03:00:00,61145.583333,97884.558333,KPX_public_sukub_csv
2025-09-06 04:00:00,60473.933333,97955.583333,KPX_public_sukub_csv
2025-09-06 05:00:00,60754.425,97636.225,KPX_public_sukub_csv
2025-09-06 06:00:00,61548.508333,97568.533333,KPX_public_sukub_csv
2025-09-06 07:00:00,62586.841667,98088.166667,KPX_public_sukub_csv
2025-09-06 08:00:00,64163.425,97510.85,KPX_public_sukub_csv
2025-09-06 09:00:00,66853.341667,97064.2,KPX_public_sukub_csv
2025-09-06 10:00:00,68772.991667,98179.366667,KPX_public_sukub_csv
2025-09-06 11:00:00,68437.4,98816.881818,KPX_public_sukub_csv
2025-09-06 12:00:00,68701.358333,98756.0,KPX_public_sukub_csv
2025-09-06 13:00:00,71494.927273,98979.290909,KPX_public_sukub_csv
2025-09-06 14:00:00,72126.833333,98932.033333,KPX_public_sukub_csv
2025-09-06 15:00:00,73206.183333,100283.05,KPX_public_sukub_csv
2025-09-06 16:00:00,74339.575,99586.558333,KPX_public_sukub_csv
2025-09-06 17:00:00,75982.7,99213.441667,KPX_public_sukub_csv
2025-09-06 18:00:00,77186.625,98495.725,KPX_public_sukub_csv
2025-09-06 19:00:00,77388.983333,97613.3,KPX_public_sukub_csv
2025-09-06 20:00:00,75511.891667,97482.833333,KPX_public_sukub_csv
2025-09-06 21:00:00,72501.6,97303.291667,KPX_public_sukub_csv
2025-09-06 22:00:00,69964.233333,96324.683333,KPX_public_sukub_csv
2025-09-06 23:00:00,66930.35,95922.55,KPX_public_sukub_csv
2025-09-07 00:00:00,63018.891667,96462.708333,KPX_public_sukub_csv
2025-09-07 01:00:00,60275.633333,96732.458333,KPX_public_sukub_csv
2025-09-07 02:00:00,58497.333333,97269.8,KPX_public_sukub_csv
2025-09-07 03:00:00,57168.941667,97217.241667,KPX_public_sukub_csv
2025-09-07 04:00:00,56599.55,97195.55,KPX_public_sukub_csv
2025-09-07 05:00:00,56983.245455,97213.409091,KPX_public_sukub_csv
2025-09-07 06:00:00,57747.025,96733.95,KPX_public_sukub_csv
2025-09-07 07:00:00,59348.7,96774.808333,KPX_public_sukub_csv
2025-09-07 08:00:00,61656.175,97221.491667,KPX_public_sukub_csv
2025-09-07 09:00:00,63595.416667,97441.408333,KPX_public_sukub_csv
2025-09-07 10:00:00,64685.425,98118.858333,KPX_public_sukub_csv
2025-09-07 11:00:00,64918.958333,97575.308333,KPX_public_sukub_csv
2025-09-07 12:00:00,65401.141667,97902.491667,KPX_public_sukub_csv
2025-09-07 13:00:00,65709.541667,97665.675,KPX_public_sukub_csv
2025-09-07 14:00:00,66877.4,97033.6,KPX_public_sukub_csv
2025-09-07 15:00:00,68565.175,96557.216667,KPX_public_sukub_csv
2025-09-07 16:00:00,69739.525,96723.583333,KPX_public_sukub_csv
2025-09-07 17:00:00,70801.783333,98320.15,KPX_public_sukub_csv
2025-09-07 18:00:00,72379.908333,98018.208333,KPX_public_sukub_csv
2025-09-07 19:00:00,73174.666667,97791.316667,KPX_public_sukub_csv
2025-09-07 20:00:00,71404.375,97841.791667,KPX_public_sukub_csv
2025-09-07 21:00:00,68545.791667,97133.633333,KPX_public_sukub_csv
2025-09-07 22:00:00,65585.7,97056.466667,KPX_public_sukub_csv
2025-09-07 23:00:00,62476.53,97058.77,KPX_public_sukub_csv
2025-09-08 00:00:00,58807.308333,98977.775,KPX_public_sukub_csv
2025-09-08 01:00:00,56445.825,99471.341667,KPX_public_sukub_csv
2025-09-08 02:00:00,55048.933333,99620.991667,KPX_public_sukub_csv
2025-09-08 03:00:00,54315.9,99177.054545,KPX_public_sukub_csv
2025-09-08 04:00:00,54463.933333,99227.616667,KPX_public_sukub_csv
2025-09-08 05:00:00,56344.55,99255.891667,KPX_public_sukub_csv
2025-09-08 06:00:00,60097.191667,99331.591667,KPX_public_sukub_csv
2025-09-08 07:00:00,65900.391667,100212.366667,KPX_public_sukub_csv
2025-09-08 08:00:00,73093.591667,100692.333333,KPX_public_sukub_csv
2025-09-08 09:00:00,77465.575,100243.416667,KPX_public_sukub_csv
2025-09-08 10:00:00,78926.441667,100575.333333,KPX_public_sukub_csv
2025-09-08 11:00:00,79153.066667,100602.333333,KPX_public_sukub_csv
2025-09-08 12:00:00,77784.341667,100357.75,KPX_public_sukub_csv
2025-09-08 13:00:00,81257.008333,100279.841667,KPX_public_sukub_csv
2025-09-08 14:00:00,82269.566667,100672.0,KPX_public_sukub_csv
2025-09-08 15:00:00,82459.891667,100829.583333,KPX_public_sukub_csv
2025-09-08 16:00:00,83790.641667,100556.25,KPX_public_sukub_csv
2025-09-08 17:00:00,82620.041667,100919.5,KPX_public_sukub_csv
2025-09-08 18:00:00,81764.95,100544.166667,KPX_public_sukub_csv
2025-09-08 19:00:00,80856.333333,100554.916667,KPX_public_sukub_csv
2025-09-08 20:00:00,77390.05,100059.45,KPX_public_sukub_csv
2025-09-08 21:00:00,73607.75,100195.641667,KPX_public_sukub_csv
2025-09-08 22:00:00,70868.518182,99908.381818,KPX_public_sukub_csv
2025-09-08 23:00:00,67785.933333,99009.866667,KPX_public_sukub_csv
2025-09-09 00:00:00,63417.758333,98811.775,KPX_public_sukub_csv
2025-09-09 01:00:00,61016.733333,98892.758333,KPX_public_sukub_csv
2025-09-09 02:00:00,59531.5,99082.966667,KPX_public_sukub_csv
2025-09-09 03:00:00,58622.554545,99318.981818,KPX_public_sukub_csv
2025-09-09 04:00:00,58518.272727,99455.736364,KPX_public_sukub_csv
2025-09-09 05:00:00,59883.5,99585.166667,KPX_public_sukub_csv
2025-09-09 06:00:00,63065.441667,99608.441667,KPX_public_sukub_csv
2025-09-09 07:00:00,68714.608333,99847.35,KPX_public_sukub_csv
2025-09-09 08:00:00,74992.808333,100211.766667,KPX_public_sukub_csv
2025-09-09 09:00:00,78315.781818,100447.545455,KPX_public_sukub_csv
2025-09-09 10:00:00,79936.575,100456.833333,KPX_public_sukub_csv
2025-09-09 11:00:00,79465.566667,100348.5,KPX_public_sukub_csv
2025-09-09 12:00:00,76622.727273,100331.272727,KPX_public_sukub_csv
2025-09-09 13:00:00,79000.075,100235.75,KPX_public_sukub_csv
2025-09-09 14:00:00,80152.145455,99944.0,KPX_public_sukub_csv
2025-09-09 15:00:00,79607.466667,100111.966667,KPX_public_sukub_csv
2025-09-09 16:00:00,79618.108333,100730.25,KPX_public_sukub_csv
2025-09-09 17:00:00,78694.245455,101141.818182,KPX_public_sukub_csv
2025-09-09 18:00:00,78491.416667,100354.683333,KPX_public_sukub_csv
2025-09-09 19:00:00,77862.158333,100074.35,KPX_public_sukub_csv
2025-09-09 20:00:00,74686.225,100053.85,KPX_public_sukub_csv
2025-09-09 21:00:00,71445.1,100070.016667,KPX_public_sukub_csv
2025-09-09 22:00:00,69007.75,99249.758333,KPX_public_sukub_csv
2025-09-09 23:00:00,66386.727273,99299.881818,KPX_public_sukub_csv
2025-09-10 00:00:00,62200.058333,99418.491667,KPX_public_sukub_csv
2025-09-10 01:00:00,59770.025,99417.5,KPX_public_sukub_csv
2025-09-10 02:00:00,58270.041667,99473.35,KPX_public_sukub_csv
2025-09-10 03:00:00,57653.475,99680.666667,KPX_public_sukub_csv
2025-09-10 04:00:00,57619.425,99818.216667,KPX_public_sukub_csv
2025-09-10 05:00:00,58853.025,99955.475,KPX_public_sukub_csv
2025-09-10 06:00:00,61830.783333,99709.85,KPX_public_sukub_csv
2025-09-10 07:00:00,66349.641667,99926.916667,KPX_public_sukub_csv
2025-09-10 08:00:00,70534.283333,100002.65,KPX_public_sukub_csv
2025-09-10 09:00:00,72033.291667,100645.25,KPX_public_sukub_csv
2025-09-10 10:00:00,71658.883333,101465.666667,KPX_public_sukub_csv
2025-09-10 11:00:00,70510.625,102317.75,KPX_public_sukub_csv
2025-09-10 12:00:00,68384.183333,102478.0,KPX_public_sukub_csv
2025-09-10 13:00:00,71971.575,102340.75,KPX_public_sukub_csv
2025-09-10 14:00:00,73798.158333,101880.916667,KPX_public_sukub_csv
2025-09-10 15:00:00,75496.75,101599.5,KPX_public_sukub_csv
2025-09-10 16:00:00,78504.841667,100831.0,KPX_public_sukub_csv
2025-09-10 17:00:00,79674.05,100372.483333,KPX_public_sukub_csv
2025-09-10 18:00:00,80021.9,99654.116667,KPX_public_sukub_csv
2025-09-10 19:00:00,79316.633333,99710.216667,KPX_public_sukub_csv
2025-09-10 20:00:00,76090.266667,99538.108333,KPX_public_sukub_csv
2025-09-10 21:00:00,72656.725,99270.975,KPX_public_sukub_csv
2025-09-10 22:00:00,69899.066667,99048.258333,KPX_public_sukub_csv
2025-09-10 23:00:00,66805.166667,99119.941667,KPX_public_sukub_csv
2025-09-11 00:00:00,62649.966667,99500.408333,KPX_public_sukub_csv
2025-09-11 01:00:00,60276.058333,99795.733333,KPX_public_sukub_csv
2025-09-11 02:00:00,58868.333333,99912.366667,KPX_public_sukub_csv
2025-09-11 03:00:00,57927.208333,100114.741667,KPX_public_sukub_csv
2025-09-11 04:00:00,57871.25,100286.5,KPX_public_sukub_csv
2025-09-11 05:00:00,59063.391667,100486.5,KPX_public_sukub_csv
2025-09-11 06:00:00,61938.45,100573.916667,KPX_public_sukub_csv
2025-09-11 07:00:00,65375.266667,100370.841667,KPX_public_sukub_csv
2025-09-11 08:00:00,68275.766667,101204.208333,KPX_public_sukub_csv
2025-09-11 09:00:00,69279.166667,102847.0,KPX_public_sukub_csv
2025-09-11 10:00:00,69505.766667,103917.083333,KPX_public_sukub_csv
2025-09-11 11:00:00,68555.891667,104112.75,KPX_public_sukub_csv
2025-09-11 12:00:00,66742.383333,104353.25,KPX_public_sukub_csv
2025-09-11 13:00:00,70900.283333,104460.0,KPX_public_sukub_csv
2025-09-11 14:00:00,74033.383333,103963.75,KPX_public_sukub_csv
2025-09-11 15:00:00,76415.741667,103130.083333,KPX_public_sukub_csv
2025-09-11 16:00:00,79674.75,101959.583333,KPX_public_sukub_csv
2025-09-11 17:00:00,81237.691667,101027.25,KPX_public_sukub_csv
2025-09-11 18:00:00,81193.772727,100414.818182,KPX_public_sukub_csv
2025-09-11 19:00:00,80433.625,100890.583333,KPX_public_sukub_csv
2025-09-11 20:00:00,77145.591667,101017.5,KPX_public_sukub_csv
2025-09-11 21:00:00,73353.966667,100747.666667,KPX_public_sukub_csv
2025-09-11 22:00:00,70505.25,100637.916667,KPX_public_sukub_csv
2025-09-11 23:00:00,67402.208333,100560.416667,KPX_public_sukub_csv
2025-09-12 00:00:00,63135.133333,100176.5,KPX_public_sukub_csv
2025-09-12 01:00:00,60784.566667,100152.75,KPX_public_sukub_csv
2025-09-12 02:00:00,59213.566667,100024.616667,KPX_public_sukub_csv
2025-09-12 03:00:00,58328.175,99033.391667,KPX_public_sukub_csv
2025-09-12 04:00:00,58257.141667,98675.666667,KPX_public_sukub_csv
2025-09-12 05:00:00,59530.116667,98797.975,KPX_public_sukub_csv
2025-09-12 06:00:00,62522.891667,98760.041667,KPX_public_sukub_csv
2025-09-12 07:00:00,67243.35,98944.166667,KPX_public_sukub_csv
2025-09-12 08:00:00,72645.366667,100131.516667,KPX_public_sukub_csv
2025-09-12 09:00:00,74849.291667,100529.0,KPX_public_sukub_csv
2025-09-12 10:00:00,76323.816667,100294.833333,KPX_public_sukub_csv
2025-09-12 11:00:00,77173.925,99834.158333,KPX_public_sukub_csv
2025-09-12 12:00:00,76073.366667,100167.725,KPX_public_sukub_csv
2025-09-12 13:00:00,78933.808333,99917.216667,KPX_public_sukub_csv
2025-09-12 14:00:00,79496.475,99801.441667,KPX_public_sukub_csv
2025-09-12 15:00:00,79602.616667,99780.608333,KPX_public_sukub_csv
2025-09-12 16:00:00,80337.058333,100176.916667,KPX_public_sukub_csv
2025-09-12 17:00:00,78779.425,100526.0,KPX_public_sukub_csv
2025-09-12 18:00:00,77775.758333,99858.925,KPX_public_sukub_csv
2025-09-12 19:00:00,76802.266667,99819.516667,KPX_public_sukub_csv
2025-09-12 20:00:00,74059.766667,99665.083333,KPX_public_sukub_csv
2025-09-12 21:00:00,71056.091667,99713.725,KPX_public_sukub_csv
2025-09-12 22:00:00,68965.541667,99804.491667,KPX_public_sukub_csv
2025-09-12 23:00:00,66557.636364,99618.663636,KPX_public_sukub_csv
2025-09-13 00:00:00,62375.216667,96636.575,KPX_public_sukub_csv
2025-09-13 01:00:00,60131.033333,96487.608333,KPX_public_sukub_csv
2025-09-13 02:00:00,58539.7,96069.316667,KPX_public_sukub_csv
2025-09-13 03:00:00,57733.1,95405.991667,KPX_public_sukub_csv
2025-09-13 04:00:00,57264.883333,95426.066667,KPX_public_sukub_csv
2025-09-13 05:00:00,57714.075,95436.0,KPX_public_sukub_csv
2025-09-13 06:00:00,58954.145455,95477.018182,KPX_public_sukub_csv
2025-09-13 07:00:00,61392.25,96355.483333,KPX_public_sukub_csv
2025-09-13 08:00:00,63824.416667,96172.525,KPX_public_sukub_csv
2025-09-13 09:00:00,65907.258333,96143.466667,KPX_public_sukub_csv
2025-09-13 10:00:00,65849.875,96610.475,KPX_public_sukub_csv
2025-09-13 11:00:00,64831.691667,96997.725,KPX_public_sukub_csv
2025-09-13 12:00:00,63318.725,97060.725,KPX_public_sukub_csv
2025-09-13 13:00:00,64238.1,97201.316667,KPX_public_sukub_csv
2025-09-13 14:00:00,64768.591667,97122.033333,KPX_public_sukub_csv
2025-09-13 15:00:00,65767.066667,96668.183333,KPX_public_sukub_csv
2025-09-13 16:00:00,67106.85,96266.558333,KPX_public_sukub_csv
2025-09-13 17:00:00,68420.4,96453.733333,KPX_public_sukub_csv
2025-09-13 18:00:00,70078.858333,96040.433333,KPX_public_sukub_csv
2025-09-13 19:00:00,70161.208333,96835.65,KPX_public_sukub_csv
2025-09-13 20:00:00,68281.566667,96417.808333,KPX_public_sukub_csv
2025-09-13 21:00:00,65683.075,95926.683333,KPX_public_sukub_csv
2025-09-13 22:00:00,63865.991667,95948.066667,KPX_public_sukub_csv
2025-09-13 23:00:00,61606.718182,95851.318182,KPX_public_sukub_csv
2025-09-14 00:00:00,57885.225,95564.9,KPX_public_sukub_csv
2025-09-14 01:00:00,55424.836364,95554.618182,KPX_public_sukub_csv
2025-09-14 02:00:00,53964.775,95556.383333,KPX_public_sukub_csv
2025-09-14 03:00:00,52915.575,95594.341667,KPX_public_sukub_csv
2025-09-14 04:00:00,52632.425,95612.575,KPX_public_sukub_csv
2025-09-14 05:00:00,53135.066667,95652.55,KPX_public_sukub_csv
2025-09-14 06:00:00,53722.958333,95661.916667,KPX_public_sukub_csv
2025-09-14 07:00:00,54186.266667,96153.491667,KPX_public_sukub_csv
2025-09-14 08:00:00,54184.883333,96177.85,KPX_public_sukub_csv
2025-09-14 09:00:00,54737.583333,96887.616667,KPX_public_sukub_csv
2025-09-14 10:00:00,55618.2,97184.983333,KPX_public_sukub_csv
2025-09-14 11:00:00,55162.416667,97460.058333,KPX_public_sukub_csv
2025-09-14 12:00:00,55685.408333,97560.341667,KPX_public_sukub_csv
2025-09-14 13:00:00,57024.5,97167.433333,KPX_public_sukub_csv
2025-09-14 14:00:00,58736.2,96714.125,KPX_public_sukub_csv
2025-09-14 15:00:00,60925.933333,96187.65,KPX_public_sukub_csv
2025-09-14 16:00:00,63627.933333,95668.15,KPX_public_sukub_csv
2025-09-14 17:00:00,66922.216667,95828.625,KPX_public_sukub_csv
2025-09-14 18:00:00,69150.425,95632.441667,KPX_public_sukub_csv
2025-09-14 19:00:00,69794.516667,95840.766667,KPX_public_sukub_csv
2025-09-14 20:00:00,68221.733333,95995.475,KPX_public_sukub_csv
2025-09-14 21:00:00,65475.825,96214.175,KPX_public_sukub_csv
2025-09-14 22:00:00,62987.2,96168.85,KPX_public_sukub_csv
2025-09-14 23:00:00,60346.890909,95819.981818,KPX_public_sukub_csv
2025-09-15 00:00:00,57032.941667,95987.033333,KPX_public_sukub_csv
2025-09-15 01:00:00,54912.525,96016.008333,KPX_public_sukub_csv
2025-09-15 02:00:00,53689.775,96530.275,KPX_public_sukub_csv
2025-09-15 03:00:00,53162.925,96882.566667,KPX_public_sukub_csv
2025-09-15 04:00:00,53266.08,96809.32,KPX_public_sukub_csv
2025-09-15 05:00:00,55203.258333,96807.075,KPX_public_sukub_csv
2025-09-15 06:00:00,58896.025,96684.183333,KPX_public_sukub_csv
2025-09-15 07:00:00,64675.141667,97482.5,KPX_public_sukub_csv
2025-09-15 08:00:00,70978.45,97747.441667,KPX_public_sukub_csv
2025-09-15 09:00:00,74485.091667,98744.208333,KPX_public_sukub_csv
2025-09-15 10:00:00,75991.825,99002.183333,KPX_public_sukub_csv
2025-09-15 11:00:00,75938.608333,98959.158333,KPX_public_sukub_csv
2025-09-15 12:00:00,74941.675,98832.208333,KPX_public_sukub_csv
2025-09-15 13:00:00,78069.818182,98606.390909,KPX_public_sukub_csv
2025-09-15 14:00:00,79989.791667,98738.766667,KPX_public_sukub_csv
2025-09-15 15:00:00,81076.833333,97936.658333,KPX_public_sukub_csv
2025-09-15 16:00:00,82342.008333,97902.583333,KPX_public_sukub_csv
2025-09-15 17:00:00,82183.475,97939.975,KPX_public_sukub_csv
2025-09-15 18:00:00,81977.083333,97318.008333,KPX_public_sukub_csv
2025-09-15 19:00:00,80985.516667,97458.266667,KPX_public_sukub_csv
2025-09-15 20:00:00,77665.975,97438.008333,KPX_public_sukub_csv
2025-09-15 21:00:00,73953.366667,97160.75,KPX_public_sukub_csv
2025-09-15 22:00:00,71170.966667,97298.658333,KPX_public_sukub_csv
2025-09-15 23:00:00,67803.016667,97113.391667,KPX_public_sukub_csv
2025-09-16 00:00:00,63644.533333,96582.425,KPX_public_sukub_csv
2025-09-16 01:00:00,61274.933333,96578.766667,KPX_public_sukub_csv
2025-09-16 02:00:00,59847.991667,96981.225,KPX_public_sukub_csv
2025-09-16 03:00:00,59161.8,97044.166667,KPX_public_sukub_csv
2025-09-16 04:00:00,59207.572727,97111.1,KPX_public_sukub_csv
2025-09-16 05:00:00,60560.608333,96942.091667,KPX_public_sukub_csv
2025-09-16 06:00:00,63944.666667,96920.05,KPX_public_sukub_csv
2025-09-16 07:00:00,69040.458333,97393.058333,KPX_public_sukub_csv
2025-09-16 08:00:00,74238.425,98014.441667,KPX_public_sukub_csv
2025-09-16 09:00:00,76484.441667,99098.45,KPX_public_sukub_csv
2025-09-16 10:00:00,77339.333333,99742.533333,KPX_public_sukub_csv
2025-09-16 11:00:00,77394.916667,100258.916667,KPX_public_sukub_csv
2025-09-16 12:00:00,76138.708333,100266.5,KPX_public_sukub_csv
2025-09-16 13:00:00,79736.433333,100365.083333,KPX_public_sukub_csv
2025-09-16 14:00:00,81773.933333,100062.083333,KPX_public_sukub_csv
2025-09-16 15:00:00,82340.3,99526.558333,KPX_public_sukub_csv
2025-09-16 16:00:00,83466.125,99085.833333,KPX_public_sukub_csv
2025-09-16 17:00:00,83897.65,98969.0,KPX_public_sukub_csv
2025-09-16 18:00:00,84027.808333,98169.591667,KPX_public_sukub_csv
2025-09-16 19:00:00,82886.158333,97898.008333,KPX_public_sukub_csv
2025-09-16 20:00:00,79361.9,97810.966667,KPX_public_sukub_csv
2025-09-16 21:00:00,75578.183333,97781.025,KPX_public_sukub_csv
2025-09-16 22:00:00,72716.875,97538.825,KPX_public_sukub_csv
2025-09-16 23:00:00,69502.072727,97457.572727,KPX_public_sukub_csv
2025-09-17 00:00:00,64783.258333,96704.683333,KPX_public_sukub_csv
2025-09-17 01:00:00,62314.291667,96717.025,KPX_public_sukub_csv
2025-09-17 02:00:00,60981.258333,96712.958333,KPX_public_sukub_csv
2025-09-17 03:00:00,60035.716667,96770.258333,KPX_public_sukub_csv
2025-09-17 04:00:00,60100.925,96847.208333,KPX_public_sukub_csv
2025-09-17 05:00:00,61380.875,96520.55,KPX_public_sukub_csv
2025-09-17 06:00:00,64797.941667,96528.458333,KPX_public_sukub_csv
2025-09-17 07:00:00,69900.108333,97321.641667,KPX_public_sukub_csv
2025-09-17 08:00:00,75943.054545,97896.290909,KPX_public_sukub_csv
2025-09-17 09:00:00,79941.425,98680.791667,KPX_public_sukub_csv
2025-09-17 10:00:00,82037.75,98834.408333,KPX_public_sukub_csv
2025-09-17 11:00:00,82207.366667,98960.091667,KPX_public_sukub_csv
2025-09-17 12:00:00,80293.908333,98947.375,KPX_public_sukub_csv
2025-09-17 13:00:00,83604.666667,98825.083333,KPX_public_sukub_csv
2025-09-17 14:00:00,84461.691667,98429.516667,KPX_public_sukub_csv
2025-09-17 15:00:00,83060.891667,98351.05,KPX_public_sukub_csv
2025-09-17 16:00:00,82216.4,98513.016667,KPX_public_sukub_csv
2025-09-17 17:00:00,80805.716667,99591.008333,KPX_public_sukub_csv
2025-09-17 18:00:00,80577.358333,99764.708333,KPX_public_sukub_csv
2025-09-17 19:00:00,79562.883333,99499.85,KPX_public_sukub_csv
2025-09-17 20:00:00,76414.858333,99284.775,KPX_public_sukub_csv
2025-09-17 21:00:00,73029.916667,99178.783333,KPX_public_sukub_csv
2025-09-17 22:00:00,70484.666667,99098.108333,KPX_public_sukub_csv
2025-09-17 23:00:00,67499.236364,98964.254545,KPX_public_sukub_csv
2025-09-18 00:00:00,63180.966667,98778.516667,KPX_public_sukub_csv
2025-09-18 01:00:00,60795.266667,98913.933333,KPX_public_sukub_csv
2025-09-18 02:00:00,59419.6,97365.075,KPX_public_sukub_csv
2025-09-18 03:00:00,58563.85,97326.458333,KPX_public_sukub_csv
2025-09-18 04:00:00,58522.516667,97292.658333,KPX_public_sukub_csv
2025-09-18 05:00:00,59810.725,97450.225,KPX_public_sukub_csv
2025-09-18 06:00:00,62886.75,98272.633333,KPX_public_sukub_csv
2025-09-18 07:00:00,67683.5,98632.025,KPX_public_sukub_csv
2025-09-18 08:00:00,73626.933333,99174.475,KPX_public_sukub_csv
2025-09-18 09:00:00,77110.381818,98949.918182,KPX_public_sukub_csv
2025-09-18 10:00:00,76779.275,99085.508333,KPX_public_sukub_csv
2025-09-18 11:00:00,73422.683333,99958.141667,KPX_public_sukub_csv
2025-09-18 12:00:00,69299.525,100341.75,KPX_public_sukub_csv
2025-09-18 13:00:00,71647.508333,100494.833333,KPX_public_sukub_csv
2025-09-18 14:00:00,72913.85,100613.583333,KPX_public_sukub_csv
2025-09-18 15:00:00,74313.033333,100555.666667,KPX_public_sukub_csv
2025-09-18 16:00:00,76165.383333,99982.108333,KPX_public_sukub_csv
2025-09-18 17:00:00,76905.391667,99832.591667,KPX_public_sukub_csv
2025-09-18 18:00:00,77169.0,99218.816667,KPX_public_sukub_csv
2025-09-18 19:00:00,76174.375,99257.833333,KPX_public_sukub_csv
2025-09-18 20:00:00,73189.3,98917.441667,KPX_public_sukub_csv
2025-09-18 21:00:00,69793.383333,98487.033333,KPX_public_sukub_csv
2025-09-18 22:00:00,67455.016667,97753.908333,KPX_public_sukub_csv
2025-09-18 23:00:00,64966.218182,97679.881818,KPX_public_sukub_csv
2025-09-19 00:00:00,61037.875,97933.958333,KPX_public_sukub_csv
2025-09-19 01:00:00,58796.525,98117.125,KPX_public_sukub_csv
2025-09-19 02:00:00,57360.658333,97980.0,KPX_public_sukub_csv
2025-09-19 03:00:00,56557.725,97947.666667,KPX_public_sukub_csv
2025-09-19 04:00:00,56557.75,97970.975,KPX_public_sukub_csv
2025-09-19 05:00:00,57880.372727,97922.181818,KPX_public_sukub_csv
2025-09-19 06:00:00,60725.466667,97720.441667,KPX_public_sukub_csv
2025-09-19 07:00:00,65052.291667,97955.375,KPX_public_sukub_csv
2025-09-19 08:00:00,69717.35,97893.241667,KPX_public_sukub_csv
2025-09-19 09:00:00,71931.041667,98975.958333,KPX_public_sukub_csv
2025-09-19 10:00:00,71877.358333,99496.225,KPX_public_sukub_csv
2025-09-19 11:00:00,70262.125,99591.016667,KPX_public_sukub_csv
2025-09-19 12:00:00,68560.825,99795.733333,KPX_public_sukub_csv
2025-09-19 13:00:00,72264.45,99655.425,KPX_public_sukub_csv
2025-09-19 14:00:00,74252.125,99537.916667,KPX_public_sukub_csv
2025-09-19 15:00:00,75013.916667,98834.066667,KPX_public_sukub_csv
2025-09-19 16:00:00,75264.55,98803.975,KPX_public_sukub_csv
2025-09-19 17:00:00,74267.383333,98921.291667,KPX_public_sukub_csv
2025-09-19 18:00:00,73907.091667,98984.583333,KPX_public_sukub_csv
2025-09-19 19:00:00,72873.291667,99086.383333,KPX_public_sukub_csv
2025-09-19 20:00:00,70353.025,98852.791667,KPX_public_sukub_csv
2025-09-19 21:00:00,67534.766667,98049.958333,KPX_public_sukub_csv
2025-09-19 22:00:00,65950.175,97888.608333,KPX_public_sukub_csv
2025-09-19 23:00:00,63539.275,97502.425,KPX_public_sukub_csv
2025-09-20 00:00:00,59990.3,94669.783333,KPX_public_sukub_csv
2025-09-20 01:00:00,57915.275,94025.291667,KPX_public_sukub_csv
2025-09-20 02:00:00,56503.783333,92671.55,KPX_public_sukub_csv
2025-09-20 03:00:00,55586.275,92375.5,KPX_public_sukub_csv
2025-09-20 04:00:00,55248.475,92528.583333,KPX_public_sukub_csv
2025-09-20 05:00:00,55758.391667,92554.733333,KPX_public_sukub_csv
2025-09-20 06:00:00,56849.109091,92379.172727,KPX_public_sukub_csv
2025-09-20 07:00:00,58607.825,91997.716667,KPX_public_sukub_csv
2025-09-20 08:00:00,60064.175,92289.608333,KPX_public_sukub_csv
2025-09-20 09:00:00,60601.608333,92670.658333,KPX_public_sukub_csv
2025-09-20 10:00:00,60583.325,93103.116667,KPX_public_sukub_csv
2025-09-20 11:00:00,60357.55,93612.225,KPX_public_sukub_csv
2025-09-20 12:00:00,58462.9,94280.516667,KPX_public_sukub_csv
2025-09-20 13:00:00,58287.108333,94606.091667,KPX_public_sukub_csv
2025-09-20 14:00:00,58879.983333,94286.875,KPX_public_sukub_csv
2025-09-20 15:00:00,59546.833333,94490.075,KPX_public_sukub_csv
2025-09-20 16:00:00,60911.241667,94114.116667,KPX_public_sukub_csv
2025-09-20 17:00:00,63021.141667,93961.558333,KPX_public_sukub_csv
2025-09-20 18:00:00,65093.991667,93351.683333,KPX_public_sukub_csv
2025-09-20 19:00:00,65478.625,93232.908333,KPX_public_sukub_csv
2025-09-20 20:00:00,64190.808333,93081.475,KPX_public_sukub_csv
2025-09-20 21:00:00,62011.741667,92942.8,KPX_public_sukub_csv
2025-09-20 22:00:00,60563.65,93025.408333,KPX_public_sukub_csv
2025-09-20 23:00:00,58546.833333,92958.966667,KPX_public_sukub_csv
2025-09-21 00:00:00,55135.516667,91832.283333,KPX_public_sukub_csv
2025-09-21 01:00:00,52977.508333,91748.025,KPX_public_sukub_csv
2025-09-21 02:00:00,51420.525,90626.291667,KPX_public_sukub_csv
2025-09-21 03:00:00,50482.025,90644.683333,KPX_public_sukub_csv
2025-09-21 04:00:00,50369.166667,90304.216667,KPX_public_sukub_csv
2025-09-21 05:00:00,50860.925,89855.116667,KPX_public_sukub_csv
2025-09-21 06:00:00,51414.341667,89281.083333,KPX_public_sukub_csv
2025-09-21 07:00:00,51039.183333,88742.133333,KPX_public_sukub_csv
2025-09-21 08:00:00,49239.866667,88753.191667,KPX_public_sukub_csv
2025-09-21 09:00:00,47333.266667,89101.775,KPX_public_sukub_csv
2025-09-21 10:00:00,46924.891667,89268.033333,KPX_public_sukub_csv
2025-09-21 11:00:00,46390.4,89224.816667,KPX_public_sukub_csv
2025-09-21 12:00:00,46689.191667,89323.508333,KPX_public_sukub_csv
2025-09-21 13:00:00,48576.075,89288.658333,KPX_public_sukub_csv
2025-09-21 14:00:00,49904.833333,89916.308333,KPX_public_sukub_csv
2025-09-21 15:00:00,52228.691667,89273.083333,KPX_public_sukub_csv
2025-09-21 16:00:00,56382.916667,88681.416667,KPX_public_sukub_csv
2025-09-21 17:00:00,60784.008333,90008.166667,KPX_public_sukub_csv
2025-09-21 18:00:00,63729.058333,90545.216667,KPX_public_sukub_csv
2025-09-21 19:00:00,64151.308333,90854.858333,KPX_public_sukub_csv
2025-09-21 20:00:00,62856.033333,90760.375,KPX_public_sukub_csv
2025-09-21 21:00:00,60705.125,90511.258333,KPX_public_sukub_csv
2025-09-21 22:00:00,58758.233333,90060.166667,KPX_public_sukub_csv
2025-09-21 23:00:00,56599.554545,90073.554545,KPX_public_sukub_csv
2025-09-22 00:00:00,53559.183333,90480.633333,KPX_public_sukub_csv
2025-09-22 01:00:00,51606.483333,91550.058333,KPX_public_sukub_csv
2025-09-22 02:00:00,50562.036364,92984.990909,KPX_public_sukub_csv
2025-09-22 03:00:00,49868.408333,94538.766667,KPX_public_sukub_csv
2025-09-22 04:00:00,50283.0,95622.8,KPX_public_sukub_csv
2025-09-22 05:00:00,52051.416667,96128.866667,KPX_public_sukub_csv
2025-09-22 06:00:00,55713.916667,96085.783333,KPX_public_sukub_csv
2025-09-22 07:00:00,60034.236364,96585.6,KPX_public_sukub_csv
2025-09-22 08:00:00,63654.125,97372.608333,KPX_public_sukub_csv
2025-09-22 09:00:00,64714.45,98226.941667,KPX_public_sukub_csv
2025-09-22 10:00:00,65024.7,98530.058333,KPX_public_sukub_csv
2025-09-22 11:00:00,65077.033333,98330.791667,KPX_public_sukub_csv
2025-09-22 12:00:00,63666.841667,97988.166667,KPX_public_sukub_csv
2025-09-22 13:00:00,67294.3,97492.890909,KPX_public_sukub_csv
2025-09-22 14:00:00,70183.908333,96805.1,KPX_public_sukub_csv
2025-09-22 15:00:00,71640.525,97059.425,KPX_public_sukub_csv
2025-09-22 16:00:00,73205.816667,96459.158333,KPX_public_sukub_csv
2025-09-22 17:00:00,73016.733333,96427.85,KPX_public_sukub_csv
2025-09-22 18:00:00,73844.725,96278.408333,KPX_public_sukub_csv
2025-09-22 19:00:00,72948.766667,96210.683333,KPX_public_sukub_csv
2025-09-22 20:00:00,70294.091667,95942.633333,KPX_public_sukub_csv
2025-09-22 21:00:00,67245.041667,94873.591667,KPX_public_sukub_csv
2025-09-22 22:00:00,65366.75,94616.15,KPX_public_sukub_csv
2025-09-22 23:00:00,62750.266667,94612.05,KPX_public_sukub_csv
2025-09-23 00:00:00,58907.116667,93797.758333,KPX_public_sukub_csv
2025-09-23 01:00:00,56772.441667,93647.491667,KPX_public_sukub_csv
2025-09-23 02:00:00,55656.05,93692.591667,KPX_public_sukub_csv
2025-09-23 03:00:00,55022.175,93950.35,KPX_public_sukub_csv
2025-09-23 04:00:00,55071.7,94063.866667,KPX_public_sukub_csv
2025-09-23 05:00:00,56573.2,94136.6,KPX_public_sukub_csv
2025-09-23 06:00:00,59597.108333,94140.341667,KPX_public_sukub_csv
2025-09-23 07:00:00,63438.466667,95042.725,KPX_public_sukub_csv
2025-09-23 08:00:00,66861.516667,95426.766667,KPX_public_sukub_csv
2025-09-23 09:00:00,66670.625,96453.55,KPX_public_sukub_csv
2025-09-23 10:00:00,64439.925,94872.716667,KPX_public_sukub_csv
2025-09-23 11:00:00,62082.741667,95036.208333,KPX_public_sukub_csv
2025-09-23 12:00:00,59285.475,95499.616667,KPX_public_sukub_csv
2025-09-23 13:00:00,62892.291667,96585.016667,KPX_public_sukub_csv
2025-09-23 14:00:00,65499.516667,96449.658333,KPX_public_sukub_csv
2025-09-23 15:00:00,68592.45,96127.883333,KPX_public_sukub_csv
2025-09-23 16:00:00,72319.975,97585.0,KPX_public_sukub_csv
2025-09-23 17:00:00,73880.125,97021.466667,KPX_public_sukub_csv
2025-09-23 18:00:00,74852.85,96783.475,KPX_public_sukub_csv
2025-09-23 19:00:00,73792.891667,97528.133333,KPX_public_sukub_csv
2025-09-23 20:00:00,71144.466667,97973.183333,KPX_public_sukub_csv
2025-09-23 21:00:00,68164.65,97335.233333,KPX_public_sukub_csv
2025-09-23 22:00:00,66152.808333,96573.675,KPX_public_sukub_csv
2025-09-23 23:00:00,63550.45,96488.15,KPX_public_sukub_csv
2025-09-24 00:00:00,59737.925,95907.541667,KPX_public_sukub_csv
2025-09-24 01:00:00,57647.125,95880.633333,KPX_public_sukub_csv
2025-09-24 02:00:00,56509.108333,95510.075,KPX_public_sukub_csv
2025-09-24 03:00:00,55703.9,96026.7,KPX_public_sukub_csv
2025-09-24 04:00:00,55816.375,96152.466667,KPX_public_sukub_csv
2025-09-24 05:00:00,57091.491667,96220.1,KPX_public_sukub_csv
2025-09-24 06:00:00,60113.208333,96474.375,KPX_public_sukub_csv
2025-09-24 07:00:00,63963.183333,96923.0,KPX_public_sukub_csv
2025-09-24 08:00:00,68162.925,96962.116667,KPX_public_sukub_csv
2025-09-24 09:00:00,71564.108333,97926.608333,KPX_public_sukub_csv
2025-09-24 10:00:00,73338.325,97728.433333,KPX_public_sukub_csv
2025-09-24 11:00:00,73218.95,95922.241667,KPX_public_sukub_csv
2025-09-24 12:00:00,72143.908333,95239.891667,KPX_public_sukub_csv
2025-09-24 13:00:00,76191.541667,95143.925,KPX_public_sukub_csv
2025-09-24 14:00:00,77893.275,94595.866667,KPX_public_sukub_csv
2025-09-24 15:00:00,78491.533333,94754.391667,KPX_public_sukub_csv
2025-09-24 16:00:00,79155.233333,97448.425,KPX_public_sukub_csv
2025-09-24 17:00:00,77993.7,97842.5,KPX_public_sukub_csv
2025-09-24 18:00:00,77810.016667,97835.566667,KPX_public_sukub_csv
2025-09-24 19:00:00,76630.55,97684.758333,KPX_public_sukub_csv
2025-09-24 20:00:00,73638.675,97488.416667,KPX_public_sukub_csv
2025-09-24 21:00:00,70496.058333,96950.375,KPX_public_sukub_csv
2025-09-24 22:00:00,68380.35,96009.225,KPX_public_sukub_csv
2025-09-24 23:00:00,65877.372727,95984.118182,KPX_public_sukub_csv
2025-09-25 00:00:00,61783.516667,96396.716667,KPX_public_sukub_csv
2025-09-25 01:00:00,59494.675,96582.216667,KPX_public_sukub_csv
2025-09-25 02:00:00,58284.8,95779.675,KPX_public_sukub_csv
2025-09-25 03:00:00,57281.666667,95745.666667,KPX_public_sukub_csv
2025-09-25 04:00:00,57388.391667,95909.066667,KPX_public_sukub_csv
2025-09-25 05:00:00,58849.708333,96156.508333,KPX_public_sukub_csv
2025-09-25 06:00:00,62022.141667,96936.608333,KPX_public_sukub_csv
2025-09-25 07:00:00,67560.5,96894.8,KPX_public_sukub_csv
2025-09-25 08:00:00,73396.9,97395.216667,KPX_public_sukub_csv
2025-09-25 09:00:00,76839.941667,97203.116667,KPX_public_sukub_csv
2025-09-25 10:00:00,77674.6,95797.45,KPX_public_sukub_csv
2025-09-25 11:00:00,76416.575,95456.016667,KPX_public_sukub_csv
2025-09-25 12:00:00,73663.216667,95992.775,KPX_public_sukub_csv
2025-09-25 13:00:00,76057.091667,95887.366667,KPX_public_sukub_csv
2025-09-25 14:00:00,77122.958333,95594.008333,KPX_public_sukub_csv
2025-09-25 15:00:00,76757.05,95355.358333,KPX_public_sukub_csv
2025-09-25 16:00:00,77777.466667,97551.95,KPX_public_sukub_csv
2025-09-25 17:00:00,77495.575,97999.5,KPX_public_sukub_csv
2025-09-25 18:00:00,77845.65,97694.55,KPX_public_sukub_csv
2025-09-25 19:00:00,76626.772727,97489.6,KPX_public_sukub_csv
2025-09-25 20:00:00,73217.091667,97868.675,KPX_public_sukub_csv
2025-09-25 21:00:00,69980.316667,97927.291667,KPX_public_sukub_csv
2025-09-25 22:00:00,67929.566667,97135.425,KPX_public_sukub_csv
2025-09-25 23:00:00,65554.8,97032.472727,KPX_public_sukub_csv
2025-09-26 00:00:00,61475.508333,96606.391667,KPX_public_sukub_csv
2025-09-26 01:00:00,59158.883333,96523.741667,KPX_public_sukub_csv
2025-09-26 02:00:00,57868.716667,95568.766667,KPX_public_sukub_csv
2025-09-26 03:00:00,57133.333333,95626.608333,KPX_public_sukub_csv
2025-09-26 04:00:00,57032.045455,95830.354545,KPX_public_sukub_csv
2025-09-26 05:00:00,58277.708333,96426.683333,KPX_public_sukub_csv
2025-09-26 06:00:00,61050.983333,96799.108333,KPX_public_sukub_csv
2025-09-26 07:00:00,64511.358333,97032.391667,KPX_public_sukub_csv
2025-09-26 08:00:00,67655.483333,97245.283333,KPX_public_sukub_csv
2025-09-26 09:00:00,68106.708333,98535.841667,KPX_public_sukub_csv
2025-09-26 10:00:00,66605.158333,96693.85,KPX_public_sukub_csv
2025-09-26 11:00:00,64602.691667,96730.541667,KPX_public_sukub_csv
2025-09-26 12:00:00,62695.308333,96560.891667,KPX_public_sukub_csv
2025-09-26 13:00:00,66567.883333,96082.408333,KPX_public_sukub_csv
2025-09-26 14:00:00,69281.954545,95784.0,KPX_public_sukub_csv
2025-09-26 15:00:00,71270.491667,95352.425,KPX_public_sukub_csv
2025-09-26 16:00:00,74089.016667,96961.4,KPX_public_sukub_csv
2025-09-26 17:00:00,74367.283333,97402.741667,KPX_public_sukub_csv
2025-09-26 18:00:00,74716.883333,97505.35,KPX_public_sukub_csv
2025-09-26 19:00:00,73415.775,97523.608333,KPX_public_sukub_csv
2025-09-26 20:00:00,70891.925,97001.208333,KPX_public_sukub_csv
2025-09-26 21:00:00,68008.325,96145.266667,KPX_public_sukub_csv
2025-09-26 22:00:00,66185.458333,95862.808333,KPX_public_sukub_csv
2025-09-26 23:00:00,63846.127273,95201.372727,KPX_public_sukub_csv
2025-09-27 00:00:00,59850.675,92800.983333,KPX_public_sukub_csv
2025-09-27 01:00:00,57581.55,92616.225,KPX_public_sukub_csv
2025-09-27 02:00:00,56084.308333,92126.8,KPX_public_sukub_csv
2025-09-27 03:00:00,55061.690909,92060.3,KPX_public_sukub_csv
2025-09-27 04:00:00,54631.95,92150.558333,KPX_public_sukub_csv
2025-09-27 05:00:00,55038.883333,92330.425,KPX_public_sukub_csv
2025-09-27 06:00:00,56022.658333,92246.566667,KPX_public_sukub_csv
2025-09-27 07:00:00,56151.591667,92490.708333,KPX_public_sukub_csv
2025-09-27 08:00:00,54853.775,92246.691667,KPX_public_sukub_csv
2025-09-27 09:00:00,53813.783333,93009.858333,KPX_public_sukub_csv
2025-09-27 10:00:00,54016.741667,93414.916667,KPX_public_sukub_csv
2025-09-27 11:00:00,54202.133333,93290.233333,KPX_public_sukub_csv
2025-09-27 12:00:00,54355.416667,92930.491667,KPX_public_sukub_csv
2025-09-27 13:00:00,57160.975,92551.125,KPX_public_sukub_csv
2025-09-27 14:00:00,59525.866667,91803.0,KPX_public_sukub_csv
2025-09-27 15:00:00,61693.95,91159.841667,KPX_public_sukub_csv
2025-09-27 16:00:00,63427.525,91172.425,KPX_public_sukub_csv
2025-09-27 17:00:00,64414.325,92385.241667,KPX_public_sukub_csv
2025-09-27 18:00:00,66212.191667,92615.958333,KPX_public_sukub_csv
2025-09-27 19:00:00,65984.483333,92533.45,KPX_public_sukub_csv
2025-09-27 20:00:00,64418.95,92421.733333,KPX_public_sukub_csv
2025-09-27 21:00:00,62484.741667,92373.941667,KPX_public_sukub_csv
2025-09-27 22:00:00,61126.025,92139.8,KPX_public_sukub_csv
2025-09-27 23:00:00,59318.391667,91866.55,KPX_public_sukub_csv
2025-09-28 00:00:00,55898.125,91016.208333,KPX_public_sukub_csv
2025-09-28 01:00:00,53697.875,91142.158333,KPX_public_sukub_csv
2025-09-28 02:00:00,52290.891667,90807.058333,KPX_public_sukub_csv
2025-09-28 03:00:00,51421.3,90817.783333,KPX_public_sukub_csv
2025-09-28 04:00:00,50988.9,90810.725,KPX_public_sukub_csv
2025-09-28 05:00:00,51467.9,90802.441667,KPX_public_sukub_csv
2025-09-28 06:00:00,52331.216667,90933.466667,KPX_public_sukub_csv
2025-09-28 07:00:00,53500.491667,90407.691667,KPX_public_sukub_csv
2025-09-28 08:00:00,55156.25,89532.225,KPX_public_sukub_csv
2025-09-28 09:00:00,57363.158333,89513.416667,KPX_public_sukub_csv
2025-09-28 10:00:00,58759.85,89798.533333,KPX_public_sukub_csv
2025-09-28 11:00:00,58557.166667,90231.258333,KPX_public_sukub_csv
2025-09-28 12:00:00,57927.0,90503.308333,KPX_public_sukub_csv
2025-09-28 13:00:00,57891.316667,90792.341667,KPX_public_sukub_csv
2025-09-28 14:00:00,58140.225,90875.466667,KPX_public_sukub_csv
2025-09-28 15:00:00,58930.608333,90987.958333,KPX_public_sukub_csv
2025-09-28 16:00:00,60217.233333,91192.966667,KPX_public_sukub_csv
2025-09-28 17:00:00,61966.283333,91830.7,KPX_public_sukub_csv
2025-09-28 18:00:00,64176.65,92140.975,KPX_public_sukub_csv
2025-09-28 19:00:00,64286.55,92223.625,KPX_public_sukub_csv
2025-09-28 20:00:00,62809.433333,92146.391667,KPX_public_sukub_csv
2025-09-28 21:00:00,60932.841667,92247.175,KPX_public_sukub_csv
2025-09-28 22:00:00,59057.408333,91445.683333,KPX_public_sukub_csv
2025-09-28 23:00:00,56847.558333,91252.991667,KPX_public_sukub_csv
2025-09-29 00:00:00,53838.408333,92826.741667,KPX_public_sukub_csv
2025-09-29 01:00:00,51862.058333,93055.158333,KPX_public_sukub_csv
2025-09-29 02:00:00,50704.658333,92991.833333,KPX_public_sukub_csv
2025-09-29 03:00:00,50250.05,92801.6,KPX_public_sukub_csv
2025-09-29 04:00:00,50799.966667,92732.383333,KPX_public_sukub_csv
2025-09-29 05:00:00,52527.666667,93002.6,KPX_public_sukub_csv
2025-09-29 06:00:00,56083.175,92970.025,KPX_public_sukub_csv
2025-09-29 07:00:00,61118.908333,93398.15,KPX_public_sukub_csv
2025-09-29 08:00:00,65705.916667,93854.958333,KPX_public_sukub_csv
2025-09-29 09:00:00,66802.916667,94861.391667,KPX_public_sukub_csv
2025-09-29 10:00:00,65165.75,94703.125,KPX_public_sukub_csv
2025-09-29 11:00:00,63676.481818,95026.972727,KPX_public_sukub_csv
2025-09-29 12:00:00,61309.766667,95021.175,KPX_public_sukub_csv
2025-09-29 13:00:00,65153.25,94722.391667,KPX_public_sukub_csv
2025-09-29 14:00:00,67213.783333,94179.525,KPX_public_sukub_csv
2025-09-29 15:00:00,68780.208333,93620.233333,KPX_public_sukub_csv
2025-09-29 16:00:00,71730.283333,94177.991667,KPX_public_sukub_csv
2025-09-29 17:00:00,72689.391667,93924.175,KPX_public_sukub_csv
2025-09-29 18:00:00,73669.5,94135.375,KPX_public_sukub_csv
2025-09-29 19:00:00,72356.125,94914.208333,KPX_public_sukub_csv
2025-09-29 20:00:00,69734.766667,94038.308333,KPX_public_sukub_csv
2025-09-29 21:00:00,66853.0,93618.058333,KPX_public_sukub_csv
2025-09-29 22:00:00,65037.175,93362.483333,KPX_public_sukub_csv
2025-09-29 23:00:00,62567.318182,93365.781818,KPX_public_sukub_csv
2025-09-30 00:00:00,58830.95,93749.583333,KPX_public_sukub_csv
2025-09-30 01:00:00,56768.381818,93827.436364,KPX_public_sukub_csv
2025-09-30 02:00:00,55550.75,94124.075,KPX_public_sukub_csv
2025-09-30 03:00:00,54803.666667,94434.441667,KPX_public_sukub_csv
2025-09-30 04:00:00,54893.5,94468.75,KPX_public_sukub_csv
2025-09-30 05:00:00,56166.858333,94497.583333,KPX_public_sukub_csv
2025-09-30 06:00:00,59035.616667,94489.8,KPX_public_sukub_csv
2025-09-30 07:00:00,62476.266667,95534.241667,KPX_public_sukub_csv
2025-09-30 08:00:00,65702.283333,95477.033333,KPX_public_sukub_csv
2025-09-30 09:00:00,66743.575,96028.008333,KPX_public_sukub_csv
2025-09-30 10:00:00,66866.633333,94662.45,KPX_public_sukub_csv
2025-09-30 11:00:00,65126.35,94559.375,KPX_public_sukub_csv
2025-09-30 12:00:00,62487.15,94804.216667,KPX_public_sukub_csv
2025-09-30 13:00:00,65017.358333,94918.75,KPX_public_sukub_csv
2025-09-30 14:00:00,66499.991667,95011.983333,KPX_public_sukub_csv
2025-09-30 15:00:00,68813.875,94458.358333,KPX_public_sukub_csv
2025-09-30 16:00:00,71413.175,96014.683333,KPX_public_sukub_csv
2025-09-30 17:00:00,72255.508333,96373.875,KPX_public_sukub_csv
2025-09-30 18:00:00,73421.041667,96122.575,KPX_public_sukub_csv
2025-09-30 19:00:00,72274.741667,96349.2,KPX_public_sukub_csv
2025-09-30 20:00:00,69799.566667,95818.508333,KPX_public_sukub_csv
2025-09-30 21:00:00,66663.1,95556.633333,KPX_public_sukub_csv
2025-09-30 22:00:00,64924.166667,95533.966667,KPX_public_sukub_csv
2025-09-30 23:00:00,62743.636364,95531.845455,KPX_public_sukub_csv
2025-10-01 00:00:00,58900.975,94538.808333,KPX_public_sukub_csv
2025-10-01 01:00:00,56550.583333,95221.233333,KPX_public_sukub_csv
2025-10-01 02:00:00,55416.336364,95427.7,KPX_public_sukub_csv
2025-10-01 03:00:00,54907.808333,95481.2,KPX_public_sukub_csv
2025-10-01 04:00:00,54949.641667,95517.35,KPX_public_sukub_csv
2025-10-01 05:00:00,56186.675,95559.483333,KPX_public_sukub_csv
2025-10-01 06:00:00,58971.158333,95590.416667,KPX_public_sukub_csv
2025-10-01 07:00:00,62042.566667,96654.491667,KPX_public_sukub_csv
2025-10-01 08:00:00,64261.208333,96449.8,KPX_public_sukub_csv
2025-10-01 09:00:00,64062.991667,97596.816667,KPX_public_sukub_csv
2025-10-01 10:00:00,62488.2,96777.366667,KPX_public_sukub_csv
2025-10-01 11:00:00,60238.233333,97115.2,KPX_public_sukub_csv
2025-10-01 12:00:00,57966.391667,97469.7,KPX_public_sukub_csv
2025-10-01 13:00:00,61732.6,97413.191667,KPX_public_sukub_csv
2025-10-01 14:00:00,64955.416667,97078.108333,KPX_public_sukub_csv
2025-10-01 15:00:00,67877.116667,96195.625,KPX_public_sukub_csv
2025-10-01 16:00:00,71460.491667,98205.658333,KPX_public_sukub_csv
2025-10-01 17:00:00,72413.658333,97547.05,KPX_public_sukub_csv
2025-10-01 18:00:00,73150.683333,97376.9,KPX_public_sukub_csv
2025-10-01 19:00:00,71790.608333,97337.475,KPX_public_sukub_csv
2025-10-01 20:00:00,69356.95,97736.625,KPX_public_sukub_csv
2025-10-01 21:00:00,66608.55,96843.708333,KPX_public_sukub_csv
2025-10-01 22:00:00,64745.872727,96574.127273,KPX_public_sukub_csv
2025-10-01 23:00:00,62586.072727,96521.709091,KPX_public_sukub_csv
2025-10-02 00:00:00,58639.25,96613.908333,KPX_public_sukub_csv
2025-10-02 01:00:00,56482.358333,96614.116667,KPX_public_sukub_csv
2025-10-02 02:00:00,55232.408333,96549.183333,KPX_public_sukub_csv
2025-10-02 03:00:00,54612.841667,96175.433333,KPX_public_sukub_csv
2025-10-02 04:00:00,54751.116667,96480.841667,KPX_public_sukub_csv
2025-10-02 05:00:00,55984.483333,96528.425,KPX_public_sukub_csv
2025-10-02 06:00:00,58747.675,96793.883333,KPX_public_sukub_csv
2025-10-02 07:00:00,62851.641667,97616.925,KPX_public_sukub_csv
2025-10-02 08:00:00,67191.983333,97269.691667,KPX_public_sukub_csv
2025-10-02 09:00:00,68134.283333,97969.3,KPX_public_sukub_csv
2025-10-02 10:00:00,67325.683333,98392.525,KPX_public_sukub_csv
2025-10-02 11:00:00,64772.55,96906.683333,KPX_public_sukub_csv
2025-10-02 12:00:00,61193.891667,97199.75,KPX_public_sukub_csv
2025-10-02 13:00:00,65078.716667,96643.008333,KPX_public_sukub_csv
2025-10-02 14:00:00,69147.066667,95609.183333,KPX_public_sukub_csv
2025-10-02 15:00:00,70008.841667,95146.008333,KPX_public_sukub_csv
2025-10-02 16:00:00,70782.9,97453.2,KPX_public_sukub_csv
2025-10-02 17:00:00,69976.283333,97738.658333,KPX_public_sukub_csv
2025-10-02 18:00:00,70654.475,98499.975,KPX_public_sukub_csv
2025-10-02 19:00:00,69539.516667,98420.608333,KPX_public_sukub_csv
2025-10-02 20:00:00,67536.266667,98390.483333,KPX_public_sukub_csv
2025-10-02 21:00:00,65130.191667,98469.633333,KPX_public_sukub_csv
2025-10-02 22:00:00,63785.7,98372.45,KPX_public_sukub_csv
2025-10-02 23:00:00,61667.6,97333.354545,KPX_public_sukub_csv
2025-10-03 00:00:00,57775.558333,92435.05,KPX_public_sukub_csv
2025-10-03 01:00:00,55524.508333,92073.033333,KPX_public_sukub_csv
2025-10-03 02:00:00,53966.166667,91087.608333,KPX_public_sukub_csv
2025-10-03 03:00:00,52941.2,90982.225,KPX_public_sukub_csv
2025-10-03 04:00:00,52742.445455,91088.2,KPX_public_sukub_csv
2025-10-03 05:00:00,53240.85,91266.575,KPX_public_sukub_csv
2025-10-03 06:00:00,54505.1,91364.925,KPX_public_sukub_csv
2025-10-03 07:00:00,56502.725,91452.708333,KPX_public_sukub_csv
2025-10-03 08:00:00,59018.25,90830.333333,KPX_public_sukub_csv
2025-10-03 09:00:00,60466.316667,90993.116667,KPX_public_sukub_csv
2025-10-03 10:00:00,61088.841667,91275.225,KPX_public_sukub_csv
2025-10-03 11:00:00,60682.541667,91594.85,KPX_public_sukub_csv
2025-10-03 12:00:00,59693.033333,91649.008333,KPX_public_sukub_csv
2025-10-03 13:00:00,60905.058333,91558.608333,KPX_public_sukub_csv
2025-10-03 14:00:00,61503.9,91430.85,KPX_public_sukub_csv
2025-10-03 15:00:00,61716.425,91204.016667,KPX_public_sukub_csv
2025-10-03 16:00:00,62251.533333,91280.75,KPX_public_sukub_csv
2025-10-03 17:00:00,62690.541667,92362.566667,KPX_public_sukub_csv
2025-10-03 18:00:00,63941.566667,92381.966667,KPX_public_sukub_csv
2025-10-03 19:00:00,63572.041667,92396.433333,KPX_public_sukub_csv
2025-10-03 20:00:00,62352.891667,92278.775,KPX_public_sukub_csv
2025-10-03 21:00:00,60452.083333,92203.908333,KPX_public_sukub_csv
2025-10-03 22:00:00,58815.566667,92097.808333,KPX_public_sukub_csv
2025-10-03 23:00:00,57009.245455,91771.418182,KPX_public_sukub_csv
2025-10-04 00:00:00,53934.375,91072.783333,KPX_public_sukub_csv
2025-10-04 01:00:00,51763.283333,90990.7,KPX_public_sukub_csv
2025-10-04 02:00:00,50467.766667,90283.733333,KPX_public_sukub_csv
2025-10-04 03:00:00,49601.118182,90258.290909,KPX_public_sukub_csv
2025-10-04 04:00:00,49392.408333,90165.216667,KPX_public_sukub_csv
2025-10-04 05:00:00,49946.933333,90164.366667,KPX_public_sukub_csv
2025-10-04 06:00:00,50919.691667,90153.725,KPX_public_sukub_csv
2025-10-04 07:00:00,51976.391667,90277.533333,KPX_public_sukub_csv
2025-10-04 08:00:00,52655.883333,89924.383333,KPX_public_sukub_csv
2025-10-04 09:00:00,53135.341667,90612.908333,KPX_public_sukub_csv
2025-10-04 10:00:00,53393.583333,90907.258333,KPX_public_sukub_csv
2025-10-04 11:00:00,53073.941667,91056.708333,KPX_public_sukub_csv
2025-10-04 12:00:00,52811.766667,90260.425,KPX_public_sukub_csv
2025-10-04 13:00:00,53447.691667,89949.175,KPX_public_sukub_csv
2025-10-04 14:00:00,53743.5,89551.583333,KPX_public_sukub_csv
2025-10-04 15:00:00,54680.933333,89106.616667,KPX_public_sukub_csv
2025-10-04 16:00:00,56374.008333,88674.808333,KPX_public_sukub_csv
2025-10-04 17:00:00,58506.708333,89201.225,KPX_public_sukub_csv
2025-10-04 18:00:00,60598.441667,89325.966667,KPX_public_sukub_csv
2025-10-04 19:00:00,60430.041667,89232.433333,KPX_public_sukub_csv
2025-10-04 20:00:00,59016.1,88794.333333,KPX_public_sukub_csv
2025-10-04 21:00:00,57266.241667,88665.216667,KPX_public_sukub_csv
2025-10-04 22:00:00,56438.983333,88593.7,KPX_public_sukub_csv
2025-10-04 23:00:00,54679.863636,88553.081818,KPX_public_sukub_csv
2025-10-05 00:00:00,51432.025,89063.441667,KPX_public_sukub_csv
2025-10-05 01:00:00,49034.983333,89268.008333,KPX_public_sukub_csv
2025-10-05 02:00:00,47627.641667,90155.483333,KPX_public_sukub_csv
2025-10-05 03:00:00,46732.091667,89851.283333,KPX_public_sukub_csv
2025-10-05 04:00:00,46509.366667,89836.05,KPX_public_sukub_csv
2025-10-05 05:00:00,46930.691667,89814.166667,KPX_public_sukub_csv
2025-10-05 06:00:00,47544.091667,89729.708333,KPX_public_sukub_csv
2025-10-05 07:00:00,48140.9,89865.125,KPX_public_sukub_csv
2025-10-05 08:00:00,48489.175,89594.583333,KPX_public_sukub_csv
2025-10-05 09:00:00,48462.975,90276.183333,KPX_public_sukub_csv
2025-10-05 10:00:00,48747.625,90862.675,KPX_public_sukub_csv
2025-10-05 11:00:00,47865.15,91575.541667,KPX_public_sukub_csv
2025-10-05 12:00:00,47379.233333,92029.341667,KPX_public_sukub_csv
2025-10-05 13:00:00,48708.275,92130.175,KPX_public_sukub_csv
2025-10-05 14:00:00,50208.508333,91468.041667,KPX_public_sukub_csv
2025-10-05 15:00:00,51504.108333,90868.141667,KPX_public_sukub_csv
2025-10-05 16:00:00,53259.608333,90135.425,KPX_public_sukub_csv
2025-10-05 17:00:00,55276.9,90385.358333,KPX_public_sukub_csv
2025-10-05 18:00:00,56967.925,90448.383333,KPX_public_sukub_csv
2025-10-05 19:00:00,56631.541667,90544.816667,KPX_public_sukub_csv
2025-10-05 20:00:00,55701.758333,90399.391667,KPX_public_sukub_csv
2025-10-05 21:00:00,54225.8,90279.633333,KPX_public_sukub_csv
2025-10-05 22:00:00,52612.736364,90227.045455,KPX_public_sukub_csv
2025-10-05 23:00:00,50867.327273,90105.390909,KPX_public_sukub_csv
2025-10-06 00:00:00,47959.575,89257.591667,KPX_public_sukub_csv
2025-10-06 01:00:00,45874.875,89305.666667,KPX_public_sukub_csv
2025-10-06 02:00:00,44565.741667,89395.725,KPX_public_sukub_csv
2025-10-06 03:00:00,43878.791667,89423.616667,KPX_public_sukub_csv
2025-10-06 04:00:00,43867.416667,89475.908333,KPX_public_sukub_csv
2025-10-06 05:00:00,44573.2,89497.108333,KPX_public_sukub_csv
2025-10-06 06:00:00,45623.133333,89177.766667,KPX_public_sukub_csv
2025-10-06 07:00:00,46705.7,89230.983333,KPX_public_sukub_csv
2025-10-06 08:00:00,46897.758333,89282.541667,KPX_public_sukub_csv
2025-10-06 09:00:00,46963.266667,90166.941667,KPX_public_sukub_csv
2025-10-06 10:00:00,46809.483333,89307.775,KPX_public_sukub_csv
2025-10-06 11:00:00,46107.725,89280.166667,KPX_public_sukub_csv
2025-10-06 12:00:00,46318.791667,87912.891667,KPX_public_sukub_csv
2025-10-06 13:00:00,46884.166667,87304.891667,KPX_public_sukub_csv
2025-10-06 14:00:00,47835.854545,86956.763636,KPX_public_sukub_csv
2025-10-06 15:00:00,49063.175,86358.425,KPX_public_sukub_csv
2025-10-06 16:00:00,50093.316667,86430.05,KPX_public_sukub_csv
2025-10-06 17:00:00,51395.791667,87538.65,KPX_public_sukub_csv
2025-10-06 18:00:00,52939.308333,87737.075,KPX_public_sukub_csv
2025-10-06 19:00:00,53093.825,87649.741667,KPX_public_sukub_csv
2025-10-06 20:00:00,52528.825,87528.983333,KPX_public_sukub_csv
2025-10-06 21:00:00,51709.458333,87332.083333,KPX_public_sukub_csv
2025-10-06 22:00:00,50630.958333,87221.325,KPX_public_sukub_csv
2025-10-06 23:00:00,49730.933333,87162.433333,KPX_public_sukub_csv
2025-10-07 00:00:00,47132.325,87582.075,KPX_public_sukub_csv
2025-10-07 01:00:00,45311.933333,87629.358333,KPX_public_sukub_csv
2025-10-07 02:00:00,44231.325,87408.541667,KPX_public_sukub_csv
2025-10-07 03:00:00,43653.791667,87296.408333,KPX_public_sukub_csv
2025-10-07 04:00:00,43599.666667,87420.75,KPX_public_sukub_csv
2025-10-07 05:00:00,44274.308333,87547.591667,KPX_public_sukub_csv
2025-10-07 06:00:00,45119.558333,87504.241667,KPX_public_sukub_csv
2025-10-07 07:00:00,46357.158333,87508.308333,KPX_public_sukub_csv
2025-10-07 08:00:00,47249.775,87132.116667,KPX_public_sukub_csv
2025-10-07 09:00:00,48181.891667,87570.533333,KPX_public_sukub_csv
2025-10-07 10:00:00,48455.566667,87684.783333,KPX_public_sukub_csv
2025-10-07 11:00:00,48288.383333,87736.841667,KPX_public_sukub_csv
2025-10-07 12:00:00,48354.275,87812.991667,KPX_public_sukub_csv
2025-10-07 13:00:00,48606.966667,88064.758333,KPX_public_sukub_csv
2025-10-07 14:00:00,49023.666667,87883.716667,KPX_public_sukub_csv
2025-10-07 15:00:00,49961.008333,87284.25,KPX_public_sukub_csv
2025-10-07 16:00:00,52013.3,87170.491667,KPX_public_sukub_csv
2025-10-07 17:00:00,54243.825,88027.341667,KPX_public_sukub_csv
2025-10-07 18:00:00,56473.336364,89076.245455,KPX_public_sukub_csv
2025-10-07 19:00:00,56306.858333,88830.858333,KPX_public_sukub_csv
2025-10-07 20:00:00,55466.25,88194.45,KPX_public_sukub_csv
2025-10-07 21:00:00,54020.925,88217.75,KPX_public_sukub_csv
2025-10-07 22:00:00,52697.908333,88163.708333,KPX_public_sukub_csv
2025-10-07 23:00:00,51244.681818,88061.263636,KPX_public_sukub_csv
2025-10-08 00:00:00,48302.133333,86991.883333,KPX_public_sukub_csv
2025-10-08 01:00:00,46426.408333,86839.791667,KPX_public_sukub_csv
2025-10-08 02:00:00,45160.475,86904.991667,KPX_public_sukub_csv
2025-10-08 03:00:00,44585.441667,87026.125,KPX_public_sukub_csv
2025-10-08 04:00:00,44486.65,87049.291667,KPX_public_sukub_csv
2025-10-08 05:00:00,45191.833333,86939.566667,KPX_public_sukub_csv
2025-10-08 06:00:00,46289.3,86887.575,KPX_public_sukub_csv
2025-10-08 07:00:00,47340.55,86920.941667,KPX_public_sukub_csv
2025-10-08 08:00:00,47613.558333,86493.0,KPX_public_sukub_csv
2025-10-08 09:00:00,47608.483333,86443.766667,KPX_public_sukub_csv
2025-10-08 10:00:00,47926.55,86700.95,KPX_public_sukub_csv
2025-10-08 11:00:00,47773.35,85355.766667,KPX_public_sukub_csv
2025-10-08 12:00:00,47608.683333,82785.075,KPX_public_sukub_csv
2025-10-08 13:00:00,47123.591667,82546.85,KPX_public_sukub_csv
2025-10-08 14:00:00,47435.175,82417.508333,KPX_public_sukub_csv
2025-10-08 15:00:00,49480.533333,82406.541667,KPX_public_sukub_csv
2025-10-08 16:00:00,52924.566667,82076.416667,KPX_public_sukub_csv
2025-10-08 17:00:00,56603.472727,82660.054545,KPX_public_sukub_csv
2025-10-08 18:00:00,59103.133333,83240.466667,KPX_public_sukub_csv
2025-10-08 19:00:00,58894.75,83335.291667,KPX_public_sukub_csv
2025-10-08 20:00:00,57575.3,84303.108333,KPX_public_sukub_csv
2025-10-08 21:00:00,55916.891667,84398.458333,KPX_public_sukub_csv
2025-10-08 22:00:00,54452.808333,84591.708333,KPX_public_sukub_csv
2025-10-08 23:00:00,52736.872727,85004.590909,KPX_public_sukub_csv
2025-10-09 00:00:00,49735.825,84570.608333,KPX_public_sukub_csv
2025-10-09 01:00:00,47688.1,84268.9,KPX_public_sukub_csv
2025-10-09 02:00:00,46218.72,84355.04,KPX_public_sukub_csv
2025-10-09 03:00:00,45747.25,84433.35,KPX_public_sukub_csv
2025-10-09 04:00:00,45692.741667,84497.108333,KPX_public_sukub_csv
2025-10-09 05:00:00,46346.508333,84556.191667,KPX_public_sukub_csv
2025-10-09 06:00:00,47606.191667,84556.075,KPX_public_sukub_csv
2025-10-09 07:00:00,48657.208333,84955.7,KPX_public_sukub_csv
2025-10-09 08:00:00,48654.025,85030.741667,KPX_public_sukub_csv
2025-10-09 09:00:00,48181.933333,86315.633333,KPX_public_sukub_csv
2025-10-09 10:00:00,48320.1,86935.241667,KPX_public_sukub_csv
2025-10-09 11:00:00,48958.275,86309.383333,KPX_public_sukub_csv
2025-10-09 12:00:00,48843.35,86637.85,KPX_public_sukub_csv
2025-10-09 13:00:00,50913.066667,87844.941667,KPX_public_sukub_csv
2025-10-09 14:00:00,52632.533333,88006.841667,KPX_public_sukub_csv
2025-10-09 15:00:00,54911.083333,88108.325,KPX_public_sukub_csv
2025-10-09 16:00:00,57485.108333,87192.725,KPX_public_sukub_csv
2025-10-09 17:00:00,59359.741667,87450.666667,KPX_public_sukub_csv
2025-10-09 18:00:00,61272.75,88310.866667,KPX_public_sukub_csv
2025-10-09 19:00:00,60660.883333,88398.141667,KPX_public_sukub_csv
2025-10-09 20:00:00,59470.616667,88149.283333,KPX_public_sukub_csv
2025-10-09 21:00:00,57644.2,87755.066667,KPX_public_sukub_csv
2025-10-09 22:00:00,56031.416667,86955.116667,KPX_public_sukub_csv
2025-10-09 23:00:00,54187.827273,86533.045455,KPX_public_sukub_csv
2025-10-10 00:00:00,51277.683333,85451.358333,KPX_public_sukub_csv
2025-10-10 01:00:00,49249.775,85292.266667,KPX_public_sukub_csv
2025-10-10 02:00:00,48054.433333,84820.358333,KPX_public_sukub_csv
2025-10-10 03:00:00,47392.358333,84874.791667,KPX_public_sukub_csv
2025-10-10 04:00:00,47529.491667,85029.775,KPX_public_sukub_csv
2025-10-10 05:00:00,48742.825,85302.616667,KPX_public_sukub_csv
2025-10-10 06:00:00,51134.183333,85305.725,KPX_public_sukub_csv
2025-10-10 07:00:00,54205.45,85617.1,KPX_public_sukub_csv
2025-10-10 08:00:00,57148.316667,85824.841667,KPX_public_sukub_csv
2025-10-10 09:00:00,58355.416667,86832.333333,KPX_public_sukub_csv
2025-10-10 10:00:00,57634.125,87430.525,KPX_public_sukub_csv
2025-10-10 11:00:00,55691.75,87780.666667,KPX_public_sukub_csv
2025-10-10 12:00:00,54658.175,87900.775,KPX_public_sukub_csv
2025-10-10 13:00:00,57226.091667,87610.841667,KPX_public_sukub_csv
2025-10-10 14:00:00,59521.141667,87247.008333,KPX_public_sukub_csv
2025-10-10 15:00:00,61781.458333,86936.525,KPX_public_sukub_csv
2025-10-10 16:00:00,64057.983333,86306.308333,KPX_public_sukub_csv
2025-10-10 17:00:00,65242.375,86312.466667,KPX_public_sukub_csv
2025-10-10 18:00:00,66282.183333,86293.716667,KPX_public_sukub_csv
2025-10-10 19:00:00,65305.658333,86358.641667,KPX_public_sukub_csv
2025-10-10 20:00:00,63354.575,86179.316667,KPX_public_sukub_csv
2025-10-10 21:00:00,61201.2,85823.841667,KPX_public_sukub_csv
2025-10-10 22:00:00,59891.233333,85552.008333,KPX_public_sukub_csv
2025-10-10 23:00:00,57981.183333,85352.125,KPX_public_sukub_csv
2025-10-11 00:00:00,54891.45,84085.125,KPX_public_sukub_csv
2025-10-11 01:00:00,52764.366667,83964.658333,KPX_public_sukub_csv
2025-10-11 02:00:00,51413.958333,83455.016667,KPX_public_sukub_csv
2025-10-11 03:00:00,50594.075,83016.775,KPX_public_sukub_csv
2025-10-11 04:00:00,50441.741667,83112.266667,KPX_public_sukub_csv
2025-10-11 05:00:00,51109.866667,83128.033333,KPX_public_sukub_csv
2025-10-11 06:00:00,52312.166667,83032.683333,KPX_public_sukub_csv
2025-10-11 07:00:00,52881.166667,83405.541667,KPX_public_sukub_csv
2025-10-11 08:00:00,52485.741667,83934.191667,KPX_public_sukub_csv
2025-10-11 09:00:00,51831.041667,85246.991667,KPX_public_sukub_csv
2025-10-11 10:00:00,51201.1,85925.1,KPX_public_sukub_csv
2025-10-11 11:00:00,50395.408333,85968.908333,KPX_public_sukub_csv
2025-10-11 12:00:00,49630.458333,86044.25,KPX_public_sukub_csv
2025-10-11 13:00:00,50871.608333,85702.508333,KPX_public_sukub_csv
2025-10-11 14:00:00,52634.983333,87542.5,KPX_public_sukub_csv
2025-10-11 15:00:00,55559.291667,85323.3,KPX_public_sukub_csv
2025-10-11 16:00:00,59551.733333,84577.325,KPX_public_sukub_csv
2025-10-11 17:00:00,62188.558333,84449.266667,KPX_public_sukub_csv
2025-10-11 18:00:00,64052.066667,84949.225,KPX_public_sukub_csv
2025-10-11 19:00:00,63590.5,85538.990909,KPX_public_sukub_csv
2025-10-11 20:00:00,62264.95,85400.716667,KPX_public_sukub_csv
2025-10-11 21:00:00,60421.0,84839.408333,KPX_public_sukub_csv
2025-10-11 22:00:00,59283.533333,83837.133333,KPX_public_sukub_csv
2025-10-11 23:00:00,57470.018182,83661.063636,KPX_public_sukub_csv
2025-10-12 00:00:00,54057.416667,85326.325,KPX_public_sukub_csv
2025-10-12 01:00:00,51837.283333,85435.233333,KPX_public_sukub_csv
2025-10-12 02:00:00,50424.508333,85065.116667,KPX_public_sukub_csv
2025-10-12 03:00:00,49620.783333,84940.383333,KPX_public_sukub_csv
2025-10-12 04:00:00,49377.691667,84933.4,KPX_public_sukub_csv
2025-10-12 05:00:00,49901.633333,85016.158333,KPX_public_sukub_csv
2025-10-12 06:00:00,50803.525,85669.783333,KPX_public_sukub_csv
2025-10-12 07:00:00,51771.375,85929.866667,KPX_public_sukub_csv
2025-10-12 08:00:00,52304.975,85149.25,KPX_public_sukub_csv
2025-10-12 09:00:00,52892.858333,85577.7,KPX_public_sukub_csv
2025-10-12 10:00:00,53583.308333,86236.425,KPX_public_sukub_csv
2025-10-12 11:00:00,53508.318182,86902.9,KPX_public_sukub_csv
2025-10-12 12:00:00,54829.066667,86889.991667,KPX_public_sukub_csv
2025-10-12 13:00:00,56480.033333,86446.808333,KPX_public_sukub_csv
2025-10-12 14:00:00,57087.275,86250.35,KPX_public_sukub_csv
2025-10-12 15:00:00,57926.4,85039.191667,KPX_public_sukub_csv
2025-10-12 16:00:00,59135.283333,84809.341667,KPX_public_sukub_csv
2025-10-12 17:00:00,60802.258333,85570.65,KPX_public_sukub_csv
2025-10-12 18:00:00,62670.675,85807.0,KPX_public_sukub_csv
2025-10-12 19:00:00,62109.641667,86074.333333,KPX_public_sukub_csv
2025-10-12 20:00:00,60976.966667,85943.8,KPX_public_sukub_csv
2025-10-12 21:00:00,59292.891667,85879.425,KPX_public_sukub_csv
2025-10-12 22:00:00,57564.758333,85722.725,KPX_public_sukub_csv
2025-10-12 23:00:00,55750.918182,84977.918182,KPX_public_sukub_csv
2025-10-13 00:00:00,52780.383333,84982.016667,KPX_public_sukub_csv
2025-10-13 01:00:00,50884.441667,84992.791667,KPX_public_sukub_csv
2025-10-13 02:00:00,49991.1,85097.933333,KPX_public_sukub_csv
2025-10-13 03:00:00,49401.133333,85756.558333,KPX_public_sukub_csv
2025-10-13 04:00:00,49806.325,85822.808333,KPX_public_sukub_csv
2025-10-13 05:00:00,51791.075,85873.325,KPX_public_sukub_csv
2025-10-13 06:00:00,55310.525,85952.45,KPX_public_sukub_csv
2025-10-13 07:00:00,60960.366667,86757.85,KPX_public_sukub_csv
2025-10-13 08:00:00,66926.35,87037.816667,KPX_public_sukub_csv
2025-10-13 09:00:00,69981.983333,86700.583333,KPX_public_sukub_csv
2025-10-13 10:00:00,71141.258333,86886.633333,KPX_public_sukub_csv
2025-10-13 11:00:00,70443.883333,87314.175,KPX_public_sukub_csv
2025-10-13 12:00:00,68426.35,87553.416667,KPX_public_sukub_csv
2025-10-13 13:00:00,71462.958333,87916.516667,KPX_public_sukub_csv
2025-10-13 14:00:00,72571.15,88209.433333,KPX_public_sukub_csv
2025-10-13 15:00:00,72759.791667,87481.658333,KPX_public_sukub_csv
2025-10-13 16:00:00,73204.425,87284.941667,KPX_public_sukub_csv
2025-10-13 17:00:00,72299.108333,87990.916667,KPX_public_sukub_csv
2025-10-13 18:00:00,72291.541667,88321.691667,KPX_public_sukub_csv
2025-10-13 19:00:00,70860.625,88559.983333,KPX_public_sukub_csv
2025-10-13 20:00:00,68498.733333,88522.166667,KPX_public_sukub_csv
2025-10-13 21:00:00,65893.2,88300.391667,KPX_public_sukub_csv
2025-10-13 22:00:00,64184.216667,87775.508333,KPX_public_sukub_csv
2025-10-13 23:00:00,62198.445455,87596.554545,KPX_public_sukub_csv
2025-10-14 00:00:00,58379.833333,85916.933333,KPX_public_sukub_csv
2025-10-14 01:00:00,56296.416667,85712.058333,KPX_public_sukub_csv
2025-10-14 02:00:00,55034.116667,85956.583333,KPX_public_sukub_csv
2025-10-14 03:00:00,54399.941667,86749.75,KPX_public_sukub_csv
2025-10-14 04:00:00,54612.508333,86680.683333,KPX_public_sukub_csv
2025-10-14 05:00:00,55887.916667,86598.383333,KPX_public_sukub_csv
2025-10-14 06:00:00,58892.991667,86167.591667,KPX_public_sukub_csv
2025-10-14 07:00:00,63779.525,86297.533333,KPX_public_sukub_csv
2025-10-14 08:00:00,68255.425,87037.616667,KPX_public_sukub_csv
2025-10-14 09:00:00,70020.675,87856.108333,KPX_public_sukub_csv
2025-10-14 10:00:00,69442.616667,88248.825,KPX_public_sukub_csv
2025-10-14 11:00:00,67712.358333,88065.375,KPX_public_sukub_csv
2025-10-14 12:00:00,65042.0,87970.791667,KPX_public_sukub_csv
2025-10-14 13:00:00,67589.983333,88010.508333,KPX_public_sukub_csv
2025-10-14 14:00:00,68769.35,88027.675,KPX_public_sukub_csv
2025-10-14 15:00:00,69675.366667,87813.591667,KPX_public_sukub_csv
2025-10-14 16:00:00,71484.175,87708.9,KPX_public_sukub_csv
2025-10-14 17:00:00,71745.608333,88542.258333,KPX_public_sukub_csv
2025-10-14 18:00:00,72687.766667,88632.816667,KPX_public_sukub_csv
2025-10-14 19:00:00,71304.683333,88481.658333,KPX_public_sukub_csv
2025-10-14 20:00:00,68902.9,88082.75,KPX_public_sukub_csv
2025-10-14 21:00:00,66444.716667,88125.391667,KPX_public_sukub_csv
2025-10-14 22:00:00,64730.691667,88329.783333,KPX_public_sukub_csv
2025-10-14 23:00:00,62682.754545,88404.063636,KPX_public_sukub_csv
2025-10-15 00:00:00,58745.791667,88159.133333,KPX_public_sukub_csv
2025-10-15 01:00:00,56614.283333,88144.366667,KPX_public_sukub_csv
2025-10-15 02:00:00,55341.433333,86468.725,KPX_public_sukub_csv
2025-10-15 03:00:00,54678.533333,85556.625,KPX_public_sukub_csv
2025-10-15 04:00:00,54913.116667,84751.358333,KPX_public_sukub_csv
2025-10-15 05:00:00,56253.183333,85330.958333,KPX_public_sukub_csv
2025-10-15 06:00:00,59140.109091,85522.490909,KPX_public_sukub_csv
2025-10-15 07:00:00,62548.716667,86253.625,KPX_public_sukub_csv
2025-10-15 08:00:00,64963.216667,86386.733333,KPX_public_sukub_csv
2025-10-15 09:00:00,64919.233333,87121.016667,KPX_public_sukub_csv
2025-10-15 10:00:00,65078.483333,87937.633333,KPX_public_sukub_csv
2025-10-15 11:00:00,64591.558333,88106.65,KPX_public_sukub_csv
2025-10-15 12:00:00,63958.933333,87780.85,KPX_public_sukub_csv
2025-10-15 13:00:00,68340.836364,86774.654545,KPX_public_sukub_csv
2025-10-15 14:00:00,70924.066667,86050.775,KPX_public_sukub_csv
2025-10-15 15:00:00,72544.683333,85793.625,KPX_public_sukub_csv
2025-10-15 16:00:00,73226.075,85494.516667,KPX_public_sukub_csv
2025-10-15 17:00:00,72688.616667,87175.266667,KPX_public_sukub_csv
2025-10-15 18:00:00,73153.358333,87975.225,KPX_public_sukub_csv
2025-10-15 19:00:00,71574.475,87977.675,KPX_public_sukub_csv
2025-10-15 20:00:00,69332.325,88285.308333,KPX_public_sukub_csv
2025-10-15 21:00:00,66837.35,88420.15,KPX_public_sukub_csv
2025-10-15 22:00:00,65217.425,88394.525,KPX_public_sukub_csv
2025-10-15 23:00:00,63068.518182,88471.754545,KPX_public_sukub_csv
2025-10-16 00:00:00,59246.416667,87183.366667,KPX_public_sukub_csv
2025-10-16 01:00:00,57217.9,86951.333333,KPX_public_sukub_csv
2025-10-16 02:00:00,55836.775,87730.408333,KPX_public_sukub_csv
2025-10-16 03:00:00,55072.575,87943.683333,KPX_public_sukub_csv
2025-10-16 04:00:00,54984.166667,87376.033333,KPX_public_sukub_csv
2025-10-16 05:00:00,56333.863636,87236.590909,KPX_public_sukub_csv
2025-10-16 06:00:00,59245.525,86876.858333,KPX_public_sukub_csv
2025-10-16 07:00:00,63442.408333,87572.116667,KPX_public_sukub_csv
2025-10-16 08:00:00,67279.483333,88103.458333,KPX_public_sukub_csv
2025-10-16 09:00:00,68331.95,88732.858333,KPX_public_sukub_csv
2025-10-16 10:00:00,68249.566667,88509.166667,KPX_public_sukub_csv
2025-10-16 11:00:00,66838.581818,88614.218182,KPX_public_sukub_csv
2025-10-16 12:00:00,64973.85,88438.183333,KPX_public_sukub_csv
2025-10-16 13:00:00,68178.033333,88576.675,KPX_public_sukub_csv
2025-10-16 14:00:00,69263.833333,89456.633333,KPX_public_sukub_csv
2025-10-16 15:00:00,69860.483333,89406.758333,KPX_public_sukub_csv
2025-10-16 16:00:00,71650.0,89249.133333,KPX_public_sukub_csv
2025-10-16 17:00:00,72204.266667,89467.0,KPX_public_sukub_csv
2025-10-16 18:00:00,73014.833333,89381.741667,KPX_public_sukub_csv
2025-10-16 19:00:00,71448.175,89298.891667,KPX_public_sukub_csv
2025-10-16 20:00:00,68887.491667,88745.275,KPX_public_sukub_csv
2025-10-16 21:00:00,66184.341667,88633.108333,KPX_public_sukub_csv
2025-10-16 22:00:00,64555.816667,89082.475,KPX_public_sukub_csv
2025-10-16 23:00:00,62529.145455,89172.636364,KPX_public_sukub_csv
2025-10-17 00:00:00,58568.025,87611.225,KPX_public_sukub_csv
2025-10-17 01:00:00,56314.091667,87467.733333,KPX_public_sukub_csv
2025-10-17 02:00:00,55000.808333,87413.858333,KPX_public_sukub_csv
2025-10-17 03:00:00,54254.291667,87269.141667,KPX_public_sukub_csv
2025-10-17 04:00:00,54182.183333,86705.366667,KPX_public_sukub_csv
2025-10-17 05:00:00,55523.866667,86593.125,KPX_public_sukub_csv
2025-10-17 06:00:00,58424.3,86245.066667,KPX_public_sukub_csv
2025-10-17 07:00:00,61656.141667,87498.225,KPX_public_sukub_csv
2025-10-17 08:00:00,63106.541667,87923.766667,KPX_public_sukub_csv
2025-10-17 09:00:00,62699.927273,88793.8,KPX_public_sukub_csv
2025-10-17 10:00:00,62234.525,89113.916667,KPX_public_sukub_csv
2025-10-17 11:00:00,61164.316667,88617.775,KPX_public_sukub_csv
2025-10-17 12:00:00,59452.316667,88583.533333,KPX_public_sukub_csv
2025-10-17 13:00:00,64569.975,87871.6,KPX_public_sukub_csv
2025-10-17 14:00:00,67476.925,86378.358333,KPX_public_sukub_csv
2025-10-17 15:00:00,70075.733333,86886.775,KPX_public_sukub_csv
2025-10-17 16:00:00,71668.766667,87478.275,KPX_public_sukub_csv
2025-10-17 17:00:00,70953.441667,87097.666667,KPX_public_sukub_csv
2025-10-17 18:00:00,70989.85,88366.516667,KPX_public_sukub_csv
2025-10-17 19:00:00,69531.833333,88393.975,KPX_public_sukub_csv
2025-10-17 20:00:00,67420.858333,88449.116667,KPX_public_sukub_csv
2025-10-17 21:00:00,64985.025,88352.883333,KPX_public_sukub_csv
2025-10-17 22:00:00,63592.975,88002.85,KPX_public_sukub_csv
2025-10-17 23:00:00,61708.408333,87793.275,KPX_public_sukub_csv
2025-10-18 00:00:00,58072.841667,83321.316667,KPX_public_sukub_csv
2025-10-18 01:00:00,55857.516667,83007.5,KPX_public_sukub_csv
2025-10-18 02:00:00,54367.95,84384.45,KPX_public_sukub_csv
2025-10-18 03:00:00,53527.241667,85188.383333,KPX_public_sukub_csv
2025-10-18 04:00:00,53176.85,85201.216667,KPX_public_sukub_csv
2025-10-18 05:00:00,53660.908333,85530.858333,KPX_public_sukub_csv
2025-10-18 06:00:00,54828.983333,85797.133333,KPX_public_sukub_csv
2025-10-18 07:00:00,56225.3,85663.541667,KPX_public_sukub_csv
2025-10-18 08:00:00,57819.241667,85514.4,KPX_public_sukub_csv
2025-10-18 09:00:00,59238.458333,85623.266667,KPX_public_sukub_csv
2025-10-18 10:00:00,59956.483333,85508.733333,KPX_public_sukub_csv
2025-10-18 11:00:00,59415.175,85093.183333,KPX_public_sukub_csv
2025-10-18 12:00:00,57851.825,85139.3,KPX_public_sukub_csv
2025-10-18 13:00:00,58515.45,85252.25,KPX_public_sukub_csv
2025-10-18 14:00:00,58534.725,85212.458333,KPX_public_sukub_csv
2025-10-18 15:00:00,58699.366667,85058.991667,KPX_public_sukub_csv
2025-10-18 16:00:00,59402.025,85518.375,KPX_public_sukub_csv
2025-10-18 17:00:00,60169.6,86281.975,KPX_public_sukub_csv
2025-10-18 18:00:00,61545.966667,86094.583333,KPX_public_sukub_csv
2025-10-18 19:00:00,60969.381818,86184.890909,KPX_public_sukub_csv
2025-10-18 20:00:00,59830.133333,86157.291667,KPX_public_sukub_csv
2025-10-18 21:00:00,58255.6,85724.558333,KPX_public_sukub_csv
2025-10-18 22:00:00,57474.591667,84892.3,KPX_public_sukub_csv
2025-10-18 23:00:00,56198.818182,84725.490909,KPX_public_sukub_csv
2025-10-19 00:00:00,52722.258333,82937.575,KPX_public_sukub_csv
2025-10-19 01:00:00,50635.975,82858.283333,KPX_public_sukub_csv
2025-10-19 02:00:00,49375.981818,82343.063636,KPX_public_sukub_csv
2025-10-19 03:00:00,48527.325,81843.591667,KPX_public_sukub_csv
2025-10-19 04:00:00,48493.033333,81853.4,KPX_public_sukub_csv
2025-10-19 05:00:00,49255.516667,81885.841667,KPX_public_sukub_csv
2025-10-19 06:00:00,50183.358333,81804.283333,KPX_public_sukub_csv
2025-10-19 07:00:00,50378.891667,81966.858333,KPX_public_sukub_csv
2025-10-19 08:00:00,49527.75,81874.825,KPX_public_sukub_csv
2025-10-19 09:00:00,49012.9,82624.583333,KPX_public_sukub_csv
2025-10-19 10:00:00,48761.75,82008.875,KPX_public_sukub_csv
2025-10-19 11:00:00,48066.9,82165.775,KPX_public_sukub_csv
2025-10-19 12:00:00,48029.3,81869.708333,KPX_public_sukub_csv
2025-10-19 13:00:00,48705.025,81614.958333,KPX_public_sukub_csv
2025-10-19 14:00:00,50174.741667,82052.791667,KPX_public_sukub_csv
2025-10-19 15:00:00,52348.916667,81833.05,KPX_public_sukub_csv
2025-10-19 16:00:00,55114.325,82268.866667,KPX_public_sukub_csv
2025-10-19 17:00:00,57693.441667,82977.458333,KPX_public_sukub_csv
2025-10-19 18:00:00,60173.041667,83118.383333,KPX_public_sukub_csv
2025-10-19 19:00:00,59908.25,82878.25,KPX_public_sukub_csv
2025-10-19 20:00:00,58959.441667,82682.85,KPX_public_sukub_csv
2025-10-19 21:00:00,57180.941667,82641.675,KPX_public_sukub_csv
2025-10-19 22:00:00,55852.841667,82716.983333,KPX_public_sukub_csv
2025-10-19 23:00:00,54230.7,82728.745455,KPX_public_sukub_csv
2025-10-20 00:00:00,51276.858333,83518.0,KPX_public_sukub_csv
2025-10-20 01:00:00,49316.908333,83789.608333,KPX_public_sukub_csv
2025-10-20 02:00:00,48361.975,84015.6,KPX_public_sukub_csv
2025-10-20 03:00:00,48036.475,84224.283333,KPX_public_sukub_csv
2025-10-20 04:00:00,48523.3,84266.933333,KPX_public_sukub_csv
2025-10-20 05:00:00,50510.625,84258.266667,KPX_public_sukub_csv
2025-10-20 06:00:00,54281.075,84212.458333,KPX_public_sukub_csv
2025-10-20 07:00:00,58504.291667,84542.833333,KPX_public_sukub_csv
2025-10-20 08:00:00,60537.141667,86518.45,KPX_public_sukub_csv
2025-10-20 09:00:00,60154.5,88730.6,KPX_public_sukub_csv
2025-10-20 10:00:00,58778.291667,89235.375,KPX_public_sukub_csv
2025-10-20 11:00:00,56298.875,88094.133333,KPX_public_sukub_csv
2025-10-20 12:00:00,53295.708333,87693.95,KPX_public_sukub_csv
2025-10-20 13:00:00,56948.108333,87920.516667,KPX_public_sukub_csv
2025-10-20 14:00:00,59601.933333,87937.066667,KPX_public_sukub_csv
2025-10-20 15:00:00,62522.041667,86918.541667,KPX_public_sukub_csv
2025-10-20 16:00:00,66411.333333,85298.116667,KPX_public_sukub_csv
2025-10-20 17:00:00,68413.158333,85383.508333,KPX_public_sukub_csv
2025-10-20 18:00:00,69588.3,85695.775,KPX_public_sukub_csv
2025-10-20 19:00:00,68075.016667,86098.241667,KPX_public_sukub_csv
2025-10-20 20:00:00,66142.55,86038.908333,KPX_public_sukub_csv
2025-10-20 21:00:00,63860.725,85310.675,KPX_public_sukub_csv
2025-10-20 22:00:00,62455.55,84921.6,KPX_public_sukub_csv
2025-10-20 23:00:00,60457.0,84827.518182,KPX_public_sukub_csv
2025-10-21 00:00:00,56657.833333,85085.983333,KPX_public_sukub_csv
2025-10-21 01:00:00,54558.683333,85146.191667,KPX_public_sukub_csv
2025-10-21 02:00:00,53417.725,84899.583333,KPX_public_sukub_csv
2025-10-21 03:00:00,52905.85,84815.833333,KPX_public_sukub_csv
2025-10-21 04:00:00,53111.618182,84900.527273,KPX_public_sukub_csv
2025-10-21 05:00:00,54747.983333,84918.991667,KPX_public_sukub_csv
2025-10-21 06:00:00,57829.225,84536.391667,KPX_public_sukub_csv
2025-10-21 07:00:00,61785.033333,84565.2,KPX_public_sukub_csv
2025-10-21 08:00:00,65173.291667,84547.191667,KPX_public_sukub_csv
2025-10-21 09:00:00,65729.316667,84760.391667,KPX_public_sukub_csv
2025-10-21 10:00:00,64514.241667,85139.416667,KPX_public_sukub_csv
2025-10-21 11:00:00,62743.433333,85357.825,KPX_public_sukub_csv
2025-10-21 12:00:00,60948.45,85029.925,KPX_public_sukub_csv
2025-10-21 13:00:00,63596.1,84890.258333,KPX_public_sukub_csv
2025-10-21 14:00:00,64862.608333,85155.383333,KPX_public_sukub_csv
2025-10-21 15:00:00,66448.258333,83715.925,KPX_public_sukub_csv
2025-10-21 16:00:00,68287.233333,83315.733333,KPX_public_sukub_csv
2025-10-21 17:00:00,69093.191667,84603.975,KPX_public_sukub_csv
2025-10-21 18:00:00,70441.391667,85176.483333,KPX_public_sukub_csv
2025-10-21 19:00:00,69110.591667,85735.158333,KPX_public_sukub_csv
2025-10-21 20:00:00,67000.641667,85840.858333,KPX_public_sukub_csv
2025-10-21 21:00:00,64799.041667,85992.541667,KPX_public_sukub_csv
2025-10-21 22:00:00,63664.966667,86047.966667,KPX_public_sukub_csv
2025-10-21 23:00:00,61657.416667,86203.95,KPX_public_sukub_csv
2025-10-22 00:00:00,57937.108333,86625.3,KPX_public_sukub_csv
2025-10-22 01:00:00,55826.875,86716.716667,KPX_public_sukub_csv
2025-10-22 02:00:00,54599.1,87359.725,KPX_public_sukub_csv
2025-10-22 03:00:00,54081.083333,88118.9,KPX_public_sukub_csv
2025-10-22 04:00:00,54339.675,88165.466667,KPX_public_sukub_csv
2025-10-22 05:00:00,55871.375,88114.975,KPX_public_sukub_csv
2025-10-22 06:00:00,58771.833333,87579.35,KPX_public_sukub_csv
2025-10-22 07:00:00,61948.516667,87962.408333,KPX_public_sukub_csv
2025-10-22 08:00:00,63170.933333,88760.708333,KPX_public_sukub_csv
2025-10-22 09:00:00,62127.433333,89778.3,KPX_public_sukub_csv
2025-10-22 10:00:00,60507.4,90471.05,KPX_public_sukub_csv
2025-10-22 11:00:00,58565.433333,89942.35,KPX_public_sukub_csv
2025-10-22 12:00:00,56573.575,89595.666667,KPX_public_sukub_csv
2025-10-22 13:00:00,60245.2,89173.441667,KPX_public_sukub_csv
2025-10-22 14:00:00,62328.825,88713.25,KPX_public_sukub_csv
2025-10-22 15:00:00,64622.341667,87900.025,KPX_public_sukub_csv
2025-10-22 16:00:00,67578.825,86309.45,KPX_public_sukub_csv
2025-10-22 17:00:00,68640.133333,86377.583333,KPX_public_sukub_csv
2025-10-22 18:00:00,69712.208333,86799.566667,KPX_public_sukub_csv
2025-10-22 19:00:00,68579.983333,86783.866667,KPX_public_sukub_csv
2025-10-22 20:00:00,66784.325,86439.05,KPX_public_sukub_csv
2025-10-22 21:00:00,64679.516667,86587.925,KPX_public_sukub_csv
2025-10-22 22:00:00,63579.916667,86465.666667,KPX_public_sukub_csv
2025-10-22 23:00:00,61517.008333,86082.841667,KPX_public_sukub_csv
2025-10-23 00:00:00,57783.116667,85939.083333,KPX_public_sukub_csv
2025-10-23 01:00:00,55544.15,85997.458333,KPX_public_sukub_csv
2025-10-23 02:00:00,54332.033333,86108.116667,KPX_public_sukub_csv
2025-10-23 03:00:00,53678.925,86122.333333,KPX_public_sukub_csv
2025-10-23 04:00:00,53861.416667,85479.208333,KPX_public_sukub_csv
2025-10-23 05:00:00,55264.366667,85891.025,KPX_public_sukub_csv
2025-10-23 06:00:00,58196.258333,86404.383333,KPX_public_sukub_csv
2025-10-23 07:00:00,61396.325,86623.383333,KPX_public_sukub_csv
2025-10-23 08:00:00,62601.4,87124.608333,KPX_public_sukub_csv
2025-10-23 09:00:00,61226.908333,88447.816667,KPX_public_sukub_csv
2025-10-23 10:00:00,59571.966667,89174.858333,KPX_public_sukub_csv
2025-10-23 11:00:00,57303.8,88732.233333,KPX_public_sukub_csv
2025-10-23 12:00:00,55412.683333,88549.466667,KPX_public_sukub_csv
2025-10-23 13:00:00,58716.683333,88326.108333,KPX_public_sukub_csv
2025-10-23 14:00:00,60956.166667,88751.725,KPX_public_sukub_csv
2025-10-23 15:00:00,63294.266667,87582.341667,KPX_public_sukub_csv
2025-10-23 16:00:00,66928.533333,86257.525,KPX_public_sukub_csv
2025-10-23 17:00:00,68762.083333,86542.716667,KPX_public_sukub_csv
2025-10-23 18:00:00,69674.608333,87285.625,KPX_public_sukub_csv
2025-10-23 19:00:00,68560.158333,88136.216667,KPX_public_sukub_csv
2025-10-23 20:00:00,66441.991667,88053.183333,KPX_public_sukub_csv
2025-10-23 21:00:00,64168.041667,87591.133333,KPX_public_sukub_csv
2025-10-23 22:00:00,62835.058333,87754.45,KPX_public_sukub_csv
2025-10-23 23:00:00,61080.008333,87716.616667,KPX_public_sukub_csv
2025-10-24 00:00:00,57570.925,88031.983333,KPX_public_sukub_csv
2025-10-24 01:00:00,55581.258333,88195.25,KPX_public_sukub_csv
2025-10-24 02:00:00,54428.116667,88723.008333,KPX_public_sukub_csv
2025-10-24 03:00:00,53773.058333,88784.0,KPX_public_sukub_csv
2025-10-24 04:00:00,54000.033333,89558.491667,KPX_public_sukub_csv
2025-10-24 05:00:00,55490.55,89605.933333,KPX_public_sukub_csv
2025-10-24 06:00:00,58536.3,89130.841667,KPX_public_sukub_csv
2025-10-24 07:00:00,61628.290909,90149.745455,KPX_public_sukub_csv
2025-10-24 08:00:00,63074.6,90819.483333,KPX_public_sukub_csv
2025-10-24 09:00:00,61830.375,91997.891667,KPX_public_sukub_csv
2025-10-24 10:00:00,59504.941667,92152.991667,KPX_public_sukub_csv
2025-10-24 11:00:00,56982.35,91026.166667,KPX_public_sukub_csv
2025-10-24 12:00:00,55029.966667,89202.6,KPX_public_sukub_csv
2025-10-24 13:00:00,58396.108333,88757.116667,KPX_public_sukub_csv
2025-10-24 14:00:00,60625.425,88904.95,KPX_public_sukub_csv
2025-10-24 15:00:00,63328.054545,88114.809091,KPX_public_sukub_csv
2025-10-24 16:00:00,66721.5,86623.408333,KPX_public_sukub_csv
2025-10-24 17:00:00,67988.191667,86532.733333,KPX_public_sukub_csv
2025-10-24 18:00:00,68468.033333,86891.633333,KPX_public_sukub_csv
2025-10-24 19:00:00,67289.35,86792.875,KPX_public_sukub_csv
2025-10-24 20:00:00,65605.083333,86484.233333,KPX_public_sukub_csv
2025-10-24 21:00:00,63662.708333,86123.141667,KPX_public_sukub_csv
2025-10-24 22:00:00,62814.966667,86240.35,KPX_public_sukub_csv
2025-10-24 23:00:00,61106.472727,86056.127273,KPX_public_sukub_csv
2025-10-25 00:00:00,57395.258333,82776.491667,KPX_public_sukub_csv
2025-10-25 01:00:00,55311.591667,82402.616667,KPX_public_sukub_csv
2025-10-25 02:00:00,54020.691667,82089.816667,KPX_public_sukub_csv
2025-10-25 03:00:00,53123.958333,81754.95,KPX_public_sukub_csv
2025-10-25 04:00:00,53006.083333,80769.891667,KPX_public_sukub_csv
2025-10-25 05:00:00,53679.466667,80793.183333,KPX_public_sukub_csv
2025-10-25 06:00:00,54982.816667,80828.191667,KPX_public_sukub_csv
2025-10-25 07:00:00,55379.658333,80897.358333,KPX_public_sukub_csv
2025-10-25 08:00:00,55029.85,80962.533333,KPX_public_sukub_csv
2025-10-25 09:00:00,53846.433333,81860.983333,KPX_public_sukub_csv
2025-10-25 10:00:00,51600.491667,81997.8,KPX_public_sukub_csv
2025-10-25 11:00:00,49366.041667,83274.266667,KPX_public_sukub_csv
2025-10-25 12:00:00,47588.558333,84228.925,KPX_public_sukub_csv
2025-10-25 13:00:00,48735.658333,84291.533333,KPX_public_sukub_csv
2025-10-25 14:00:00,50077.133333,84006.658333,KPX_public_sukub_csv
2025-10-25 15:00:00,52250.441667,83209.1,KPX_public_sukub_csv
2025-10-25 16:00:00,56045.025,82615.733333,KPX_public_sukub_csv
2025-10-25 17:00:00,58819.175,82574.7,KPX_public_sukub_csv
2025-10-25 18:00:00,60606.008333,83353.291667,KPX_public_sukub_csv
2025-10-25 19:00:00,60187.816667,83344.933333,KPX_public_sukub_csv
2025-10-25 20:00:00,59354.490909,83072.745455,KPX_public_sukub_csv
2025-10-25 21:00:00,58069.516667,81741.875,KPX_public_sukub_csv
2025-10-25 22:00:00,57522.608333,81364.866667,KPX_public_sukub_csv
2025-10-25 23:00:00,56347.381818,81195.036364,KPX_public_sukub_csv
2025-10-26 00:00:00,53057.408333,79202.058333,KPX_public_sukub_csv
2025-10-26 01:00:00,50959.358333,79059.85,KPX_public_sukub_csv
2025-10-26 02:00:00,49451.2,79005.808333,KPX_public_sukub_csv
2025-10-26 03:00:00,48740.3,79071.541667,KPX_public_sukub_csv
2025-10-26 04:00:00,48729.791667,79181.6,KPX_public_sukub_csv
2025-10-26 05:00:00,49481.866667,79334.191667,KPX_public_sukub_csv
2025-10-26 06:00:00,50784.808333,79346.516667,KPX_public_sukub_csv
2025-10-26 07:00:00,51355.191667,79381.358333,KPX_public_sukub_csv
2025-10-26 08:00:00,51480.25,79737.533333,KPX_public_sukub_csv
2025-10-26 09:00:00,50301.15,79357.491667,KPX_public_sukub_csv
2025-10-26 10:00:00,48448.808333,79721.841667,KPX_public_sukub_csv
2025-10-26 11:00:00,46329.75,80621.641667,KPX_public_sukub_csv
2025-10-26 12:00:00,45682.491667,80638.183333,KPX_public_sukub_csv
2025-10-26 13:00:00,47961.375,80897.533333,KPX_public_sukub_csv
2025-10-26 14:00:00,50417.616667,81564.875,KPX_public_sukub_csv
2025-10-26 15:00:00,52920.35,80707.825,KPX_public_sukub_csv
2025-10-26 16:00:00,55286.791667,79675.833333,KPX_public_sukub_csv
2025-10-26 17:00:00,57946.1,80332.733333,KPX_public_sukub_csv
2025-10-26 18:00:00,60071.983333,80677.958333,KPX_public_sukub_csv
2025-10-26 19:00:00,59814.758333,80598.083333,KPX_public_sukub_csv
2025-10-26 20:00:00,59100.508333,80499.366667,KPX_public_sukub_csv
2025-10-26 21:00:00,57710.225,80281.458333,KPX_public_sukub_csv
2025-10-26 22:00:00,56559.316667,80417.008333,KPX_public_sukub_csv
2025-10-26 23:00:00,55207.04,80802.5,KPX_public_sukub_csv
2025-10-27 00:00:00,52063.158333,82534.025,KPX_public_sukub_csv
2025-10-27 01:00:00,50081.108333,82763.191667,KPX_public_sukub_csv
2025-10-27 02:00:00,49028.258333,83748.383333,KPX_public_sukub_csv
2025-10-27 03:00:00,48695.858333,84532.2,KPX_public_sukub_csv
2025-10-27 04:00:00,49328.325,84695.608333,KPX_public_sukub_csv
2025-10-27 05:00:00,51415.991667,84644.566667,KPX_public_sukub_csv
2025-10-27 06:00:00,55472.85,84127.0,KPX_public_sukub_csv
2025-10-27 07:00:00,60005.908333,84379.2,KPX_public_sukub_csv
2025-10-27 08:00:00,61237.358333,84858.625,KPX_public_sukub_csv
2025-10-27 09:00:00,59502.358333,86575.1,KPX_public_sukub_csv
2025-10-27 10:00:00,56888.416667,86854.175,KPX_public_sukub_csv
2025-10-27 11:00:00,53969.566667,87635.7,KPX_public_sukub_csv
2025-10-27 12:00:00,51101.758333,87852.525,KPX_public_sukub_csv
2025-10-27 13:00:00,54466.883333,88334.583333,KPX_public_sukub_csv
2025-10-27 14:00:00,57585.508333,87947.95,KPX_public_sukub_csv
2025-10-27 15:00:00,61913.008333,87633.716667,KPX_public_sukub_csv
2025-10-27 16:00:00,67440.45,85608.05,KPX_public_sukub_csv
2025-10-27 17:00:00,69990.191667,85710.433333,KPX_public_sukub_csv
2025-10-27 18:00:00,71000.918182,86208.181818,KPX_public_sukub_csv
2025-10-27 19:00:00,69569.841667,85935.958333,KPX_public_sukub_csv
2025-10-27 20:00:00,67339.009091,85635.136364,KPX_public_sukub_csv
2025-10-27 21:00:00,65062.316667,85270.275,KPX_public_sukub_csv
2025-10-27 22:00:00,64055.133333,85673.241667,KPX_public_sukub_csv
2025-10-27 23:00:00,62270.5,85929.266667,KPX_public_sukub_csv
2025-10-28 00:00:00,58675.516667,85849.35,KPX_public_sukub_csv
2025-10-28 01:00:00,56500.633333,85885.858333,KPX_public_sukub_csv
2025-10-28 02:00:00,55189.175,85650.941667,KPX_public_sukub_csv
2025-10-28 03:00:00,54844.558333,85705.191667,KPX_public_sukub_csv
2025-10-28 04:00:00,55243.525,85707.808333,KPX_public_sukub_csv
2025-10-28 05:00:00,57086.25,85575.983333,KPX_public_sukub_csv
2025-10-28 06:00:00,60133.581818,85035.081818,KPX_public_sukub_csv
2025-10-28 07:00:00,64110.316667,85168.283333,KPX_public_sukub_csv
2025-10-28 08:00:00,63975.975,85762.25,KPX_public_sukub_csv
2025-10-28 09:00:00,61550.808333,87307.85,KPX_public_sukub_csv
2025-10-28 10:00:00,58701.216667,87182.083333,KPX_public_sukub_csv
2025-10-28 11:00:00,55646.45,87295.74,KPX_public_sukub_csv
2025-10-28 12:00:00,51817.466667,87002.45,KPX_public_sukub_csv
2025-10-28 13:00:00,55260.916667,86810.683333,KPX_public_sukub_csv
2025-10-28 14:00:00,58617.266667,86969.891667,KPX_public_sukub_csv
2025-10-28 15:00:00,62566.991667,86843.4,KPX_public_sukub_csv
2025-10-28 16:00:00,68025.75,84904.758333,KPX_public_sukub_csv
2025-10-28 17:00:00,70568.566667,84591.858333,KPX_public_sukub_csv
2025-10-28 18:00:00,71481.866667,85441.558333,KPX_public_sukub_csv
2025-10-28 19:00:00,70248.709091,85275.636364,KPX_public_sukub_csv
2025-10-28 20:00:00,67963.566667,85177.225,KPX_public_sukub_csv
2025-10-28 21:00:00,65649.875,84965.891667,KPX_public_sukub_csv
2025-10-28 22:00:00,64519.425,84556.05,KPX_public_sukub_csv
2025-10-28 23:00:00,62715.016667,84246.0,KPX_public_sukub_csv
2025-10-29 00:00:00,59074.541667,84421.741667,KPX_public_sukub_csv
2025-10-29 01:00:00,56830.166667,84510.283333,KPX_public_sukub_csv
2025-10-29 02:00:00,55500.525,85829.05,KPX_public_sukub_csv
2025-10-29 03:00:00,55017.533333,86109.258333,KPX_public_sukub_csv
2025-10-29 04:00:00,55426.225,86152.725,KPX_public_sukub_csv
2025-10-29 05:00:00,57012.083333,86120.708333,KPX_public_sukub_csv
2025-10-29 06:00:00,60295.958333,86450.541667,KPX_public_sukub_csv
2025-10-29 07:00:00,64023.9,86278.025,KPX_public_sukub_csv
2025-10-29 08:00:00,64883.35,86919.908333,KPX_public_sukub_csv
2025-10-29 09:00:00,62739.108333,88290.208333,KPX_public_sukub_csv
2025-10-29 10:00:00,59680.883333,88556.816667,KPX_public_sukub_csv
2025-10-29 11:00:00,56342.325,87908.033333,KPX_public_sukub_csv
2025-10-29 12:00:00,53059.991667,87051.816667,KPX_public_sukub_csv
2025-10-29 13:00:00,56449.841667,87189.883333,KPX_public_sukub_csv
2025-10-29 14:00:00,59618.058333,87498.316667,KPX_public_sukub_csv
2025-10-29 15:00:00,63264.741667,86512.866667,KPX_public_sukub_csv
2025-10-29 16:00:00,68121.358333,85323.525,KPX_public_sukub_csv
2025-10-29 17:00:00,69926.491667,85326.583333,KPX_public_sukub_csv
2025-10-29 18:00:00,70812.808333,86384.75,KPX_public_sukub_csv
2025-10-29 19:00:00,69758.508333,86693.016667,KPX_public_sukub_csv
2025-10-29 20:00:00,67706.908333,85920.075,KPX_public_sukub_csv
2025-10-29 21:00:00,65723.316667,85599.716667,KPX_public_sukub_csv
2025-10-29 22:00:00,64579.65,85857.425,KPX_public_sukub_csv
2025-10-29 23:00:00,62968.709091,85791.7,KPX_public_sukub_csv
2025-10-30 00:00:00,59015.85,86452.366667,KPX_public_sukub_csv
2025-10-30 01:00:00,56799.508333,86631.141667,KPX_public_sukub_csv
2025-10-30 02:00:00,55559.566667,86311.3,KPX_public_sukub_csv
2025-10-30 03:00:00,54845.575,86514.458333,KPX_public_sukub_csv
2025-10-30 04:00:00,55121.858333,86827.125,KPX_public_sukub_csv
2025-10-30 05:00:00,56820.308333,86855.008333,KPX_public_sukub_csv
2025-10-30 06:00:00,60150.925,86738.65,KPX_public_sukub_csv
2025-10-30 07:00:00,63866.341667,87104.916667,KPX_public_sukub_csv
2025-10-30 08:00:00,64970.791667,87994.016667,KPX_public_sukub_csv
2025-10-30 09:00:00,63395.175,88729.291667,KPX_public_sukub_csv
2025-10-30 10:00:00,61858.75,89036.75,KPX_public_sukub_csv
2025-10-30 11:00:00,60154.941667,88779.633333,KPX_public_sukub_csv
2025-10-30 12:00:00,57867.808333,87429.891667,KPX_public_sukub_csv
2025-10-30 13:00:00,62277.345455,87518.0,KPX_public_sukub_csv
2025-10-30 14:00:00,65546.75,86778.283333,KPX_public_sukub_csv
2025-10-30 15:00:00,67299.908333,86015.991667,KPX_public_sukub_csv
2025-10-30 16:00:00,69531.666667,85473.233333,KPX_public_sukub_csv
2025-10-30 17:00:00,70431.275,86561.9,KPX_public_sukub_csv
2025-10-30 18:00:00,71115.533333,87418.975,KPX_public_sukub_csv
2025-10-30 19:00:00,69736.083333,87904.308333,KPX_public_sukub_csv
2025-10-30 20:00:00,67531.291667,87625.008333,KPX_public_sukub_csv
2025-10-30 21:00:00,65269.3,87430.916667,KPX_public_sukub_csv
2025-10-30 22:00:00,64265.283333,87829.583333,KPX_public_sukub_csv
2025-10-30 23:00:00,62598.163636,88052.1,KPX_public_sukub_csv
2025-10-31 00:00:00,58636.716667,88130.916667,KPX_public_sukub_csv
2025-10-31 01:00:00,56270.1,88164.791667,KPX_public_sukub_csv
2025-10-31 02:00:00,55141.283333,87326.641667,KPX_public_sukub_csv
2025-10-31 03:00:00,54535.891667,87230.225,KPX_public_sukub_csv
2025-10-31 04:00:00,54851.575,87200.75,KPX_public_sukub_csv
2025-10-31 05:00:00,56303.366667,87135.791667,KPX_public_sukub_csv
2025-10-31 06:00:00,59500.941667,86694.5,KPX_public_sukub_csv
2025-10-31 07:00:00,63411.566667,87339.475,KPX_public_sukub_csv
2025-10-31 08:00:00,65289.633333,87618.916667,KPX_public_sukub_csv
2025-10-31 09:00:00,63460.466667,88743.15,KPX_public_sukub_csv
2025-10-31 10:00:00,60465.008333,89672.208333,KPX_public_sukub_csv
2025-10-31 11:00:00,57164.475,89842.133333,KPX_public_sukub_csv
2025-10-31 12:00:00,53757.208333,88751.516667,KPX_public_sukub_csv
2025-10-31 13:00:00,57046.033333,88346.533333,KPX_public_sukub_csv
2025-10-31 14:00:00,59915.825,87662.416667,KPX_public_sukub_csv
2025-10-31 15:00:00,63440.516667,87207.283333,KPX_public_sukub_csv
2025-10-31 16:00:00,67416.333333,85591.391667,KPX_public_sukub_csv
2025-10-31 17:00:00,68785.608333,85145.391667,KPX_public_sukub_csv
2025-10-31 18:00:00,69082.891667,85545.925,KPX_public_sukub_csv
2025-10-31 19:00:00,67752.808333,86000.891667,KPX_public_sukub_csv
2025-10-31 20:00:00,65740.975,85892.241667,KPX_public_sukub_csv
2025-10-31 21:00:00,63931.491667,85646.75,KPX_public_sukub_csv
2025-10-31 22:00:00,63250.883333,85927.875,KPX_public_sukub_csv
2025-10-31 23:00:00,61528.45,86040.941667,KPX_public_sukub_csv
2025-11-01 00:00:00,57648.591667,84972.708333,KPX_public_sukub_csv
2025-11-01 01:00:00,55378.666667,84805.041667,KPX_public_sukub_csv
2025-11-01 02:00:00,53883.041667,84825.883333,KPX_public_sukub_csv
2025-11-01 03:00:00,53053.783333,84993.1,KPX_public_sukub_csv
2025-11-01 04:00:00,53111.775,85096.458333,KPX_public_sukub_csv
2025-11-01 05:00:00,53993.341667,85251.958333,KPX_public_sukub_csv
2025-11-01 06:00:00,55263.125,85353.625,KPX_public_sukub_csv
2025-11-01 07:00:00,55497.05,85644.991667,KPX_public_sukub_csv
2025-11-01 08:00:00,52681.933333,86176.408333,KPX_public_sukub_csv
2025-11-01 09:00:00,49573.391667,87935.1,KPX_public_sukub_csv
2025-11-01 10:00:00,47526.141667,87809.458333,KPX_public_sukub_csv
2025-11-01 11:00:00,45560.591667,87751.133333,KPX_public_sukub_csv
2025-11-01 12:00:00,44193.091667,86279.45,KPX_public_sukub_csv
2025-11-01 13:00:00,45800.508333,85882.491667,KPX_public_sukub_csv
2025-11-01 14:00:00,47844.808333,84858.083333,KPX_public_sukub_csv
2025-11-01 15:00:00,51626.283333,83448.483333,KPX_public_sukub_csv
2025-11-01 16:00:00,56177.383333,80868.108333,KPX_public_sukub_csv
2025-11-01 17:00:00,58910.716667,80714.666667,KPX_public_sukub_csv
2025-11-01 18:00:00,60448.183333,81911.766667,KPX_public_sukub_csv
2025-11-01 19:00:00,60096.875,82017.908333,KPX_public_sukub_csv
2025-11-01 20:00:00,59377.183333,81974.375,KPX_public_sukub_csv
2025-11-01 21:00:00,58227.2,81648.681818,KPX_public_sukub_csv
2025-11-01 22:00:00,57952.5,81505.363636,KPX_public_sukub_csv
2025-11-01 23:00:00,56849.490909,81449.809091,KPX_public_sukub_csv
2025-11-02 00:00:00,53526.391667,80181.625,KPX_public_sukub_csv
2025-11-02 01:00:00,51175.0,80273.775,KPX_public_sukub_csv
2025-11-02 02:00:00,49784.691667,80091.058333,KPX_public_sukub_csv
2025-11-02 03:00:00,49169.275,79622.366667,KPX_public_sukub_csv
2025-11-02 04:00:00,49228.1,79565.616667,KPX_public_sukub_csv
2025-11-02 05:00:00,50191.675,79576.391667,KPX_public_sukub_csv
2025-11-02 06:00:00,51358.5,79577.458333,KPX_public_sukub_csv
2025-11-02 07:00:00,51456.6,78895.1,KPX_public_sukub_csv
2025-11-02 08:00:00,48699.575,79963.891667,KPX_public_sukub_csv
2025-11-02 09:00:00,45555.733333,82010.441667,KPX_public_sukub_csv
2025-11-02 10:00:00,44389.116667,82758.025,KPX_public_sukub_csv
2025-11-02 11:00:00,42346.625,83443.158333,KPX_public_sukub_csv
2025-11-02 12:00:00,41242.266667,83846.183333,KPX_public_sukub_csv
2025-11-02 13:00:00,42301.616667,84787.216667,KPX_public_sukub_csv
2025-11-02 14:00:00,44872.281818,84282.245455,KPX_public_sukub_csv
2025-11-02 15:00:00,48958.25,84654.583333,KPX_public_sukub_csv
2025-11-02 16:00:00,54148.333333,83231.95,KPX_public_sukub_csv
2025-11-02 17:00:00,58237.241667,82601.183333,KPX_public_sukub_csv
2025-11-02 18:00:00,60448.891667,84838.233333,KPX_public_sukub_csv
2025-11-02 19:00:00,60305.666667,86099.616667,KPX_public_sukub_csv
2025-11-02 20:00:00,59689.216667,86310.2,KPX_public_sukub_csv
2025-11-02 21:00:00,58543.583333,85971.566667,KPX_public_sukub_csv
2025-11-02 22:00:00,57377.241667,85985.3,KPX_public_sukub_csv
2025-11-02 23:00:00,56035.5,85956.908333,KPX_public_sukub_csv
2025-11-03 00:00:00,53235.841667,86925.458333,KPX_public_sukub_csv
2025-11-03 01:00:00,51147.4,87096.933333,KPX_public_sukub_csv
2025-11-03 02:00:00,49949.341667,87475.716667,KPX_public_sukub_csv
2025-11-03 03:00:00,49710.333333,87618.7,KPX_public_sukub_csv
2025-11-03 04:00:00,50516.441667,87507.158333,KPX_public_sukub_csv
2025-11-03 05:00:00,52827.383333,87389.3,KPX_public_sukub_csv
2025-11-03 06:00:00,57032.116667,87126.058333,KPX_public_sukub_csv
2025-11-03 07:00:00,62434.841667,88097.808333,KPX_public_sukub_csv
2025-11-03 08:00:00,64826.108333,89634.133333,KPX_public_sukub_csv
2025-11-03 09:00:00,62831.5,90624.841667,KPX_public_sukub_csv
2025-11-03 10:00:00,60142.0,91010.408333,KPX_public_sukub_csv
2025-11-03 11:00:00,57425.475,91034.883333,KPX_public_sukub_csv
2025-11-03 12:00:00,54245.041667,90762.95,KPX_public_sukub_csv
2025-11-03 13:00:00,57571.325,91646.666667,KPX_public_sukub_csv
2025-11-03 14:00:00,60995.341667,91223.916667,KPX_public_sukub_csv
2025-11-03 15:00:00,64472.158333,89865.908333,KPX_public_sukub_csv
2025-11-03 16:00:00,68877.283333,87846.558333,KPX_public_sukub_csv
2025-11-03 17:00:00,70763.8,88309.475,KPX_public_sukub_csv
2025-11-03 18:00:00,71146.758333,88917.641667,KPX_public_sukub_csv
2025-11-03 19:00:00,70011.3,89062.116667,KPX_public_sukub_csv
2025-11-03 20:00:00,67730.033333,88115.883333,KPX_public_sukub_csv
2025-11-03 21:00:00,65568.383333,87366.05,KPX_public_sukub_csv
2025-11-03 22:00:00,64542.858333,87206.933333,KPX_public_sukub_csv
2025-11-03 23:00:00,62874.583333,87185.675,KPX_public_sukub_csv
2025-11-04 00:00:00,58945.658333,87130.25,KPX_public_sukub_csv
2025-11-04 01:00:00,56578.566667,87318.341667,KPX_public_sukub_csv
2025-11-04 02:00:00,55185.541667,86264.166667,KPX_public_sukub_csv
2025-11-04 03:00:00,54591.766667,86022.5,KPX_public_sukub_csv
2025-11-04 04:00:00,54933.908333,86043.091667,KPX_public_sukub_csv
2025-11-04 05:00:00,56543.608333,86024.683333,KPX_public_sukub_csv
2025-11-04 06:00:00,59981.0,86622.566667,KPX_public_sukub_csv
2025-11-04 07:00:00,64379.316667,86731.441667,KPX_public_sukub_csv
2025-11-04 08:00:00,66547.916667,87771.758333,KPX_public_sukub_csv
2025-11-04 09:00:00,64239.925,89353.791667,KPX_public_sukub_csv
2025-11-04 10:00:00,61306.908333,89827.866667,KPX_public_sukub_csv
2025-11-04 11:00:00,58201.891667,89763.475,KPX_public_sukub_csv
2025-11-04 12:00:00,54456.316667,89707.741667,KPX_public_sukub_csv
2025-11-04 13:00:00,57975.716667,89898.2,KPX_public_sukub_csv
2025-11-04 14:00:00,60916.033333,89209.041667,KPX_public_sukub_csv
2025-11-04 15:00:00,64410.125,87975.608333,KPX_public_sukub_csv
2025-11-04 16:00:00,68542.616667,87144.725,KPX_public_sukub_csv
2025-11-04 17:00:00,70087.308333,86719.058333,KPX_public_sukub_csv
2025-11-04 18:00:00,70528.35,89603.116667,KPX_public_sukub_csv
2025-11-04 19:00:00,69354.781818,90075.854545,KPX_public_sukub_csv
2025-11-04 20:00:00,67220.816667,89968.025,KPX_public_sukub_csv
2025-11-04 21:00:00,65252.383333,88813.166667,KPX_public_sukub_csv
2025-11-04 22:00:00,64058.666667,87863.725,KPX_public_sukub_csv
2025-11-04 23:00:00,62425.709091,87738.427273,KPX_public_sukub_csv
2025-11-05 00:00:00,58374.016667,88238.4,KPX_public_sukub_csv
2025-11-05 01:00:00,56133.666667,88347.25,KPX_public_sukub_csv
2025-11-05 02:00:00,55007.641667,88406.825,KPX_public_sukub_csv
2025-11-05 03:00:00,54493.916667,88982.375,KPX_public_sukub_csv
2025-11-05 04:00:00,54876.791667,89432.533333,KPX_public_sukub_csv
2025-11-05 05:00:00,56535.55,89396.133333,KPX_public_sukub_csv
2025-11-05 06:00:00,60072.916667,88982.233333,KPX_public_sukub_csv
2025-11-05 07:00:00,64690.125,89464.441667,KPX_public_sukub_csv
2025-11-05 08:00:00,66816.15,89966.933333,KPX_public_sukub_csv
2025-11-05 09:00:00,64141.25,91407.041667,KPX_public_sukub_csv
2025-11-05 10:00:00,60454.658333,92351.841667,KPX_public_sukub_csv
2025-11-05 11:00:00,57356.291667,92193.6,KPX_public_sukub_csv
2025-11-05 12:00:00,54055.163636,92112.727273,KPX_public_sukub_csv
2025-11-05 13:00:00,57767.825,92792.258333,KPX_public_sukub_csv
2025-11-05 14:00:00,61276.775,92974.066667,KPX_public_sukub_csv
2025-11-05 15:00:00,64618.266667,90503.483333,KPX_public_sukub_csv
2025-11-05 16:00:00,68273.391667,90104.091667,KPX_public_sukub_csv
2025-11-05 17:00:00,69464.527273,90760.845455,KPX_public_sukub_csv
2025-11-05 18:00:00,69512.55,92047.775,KPX_public_sukub_csv
2025-11-05 19:00:00,68603.35,91875.416667,KPX_public_sukub_csv
2025-11-05 20:00:00,66700.25,91702.533333,KPX_public_sukub_csv
2025-11-05 21:00:00,64827.033333,91456.258333,KPX_public_sukub_csv
2025-11-05 22:00:00,64090.733333,91274.65,KPX_public_sukub_csv
2025-11-05 23:00:00,62439.5,91268.272727,KPX_public_sukub_csv
2025-11-06 00:00:00,58396.416667,90615.266667,KPX_public_sukub_csv
2025-11-06 01:00:00,56112.55,90537.4,KPX_public_sukub_csv
2025-11-06 02:00:00,54928.825,89944.425,KPX_public_sukub_csv
2025-11-06 03:00:00,54520.6,89942.7,KPX_public_sukub_csv
2025-11-06 04:00:00,54972.816667,90003.4,KPX_public_sukub_csv
2025-11-06 05:00:00,56664.2,90095.283333,KPX_public_sukub_csv
2025-11-06 06:00:00,60137.525,90033.883333,KPX_public_sukub_csv
2025-11-06 07:00:00,64314.716667,89796.908333,KPX_public_sukub_csv
2025-11-06 08:00:00,66585.175,89874.05,KPX_public_sukub_csv
2025-11-06 09:00:00,64837.758333,91039.766667,KPX_public_sukub_csv
2025-11-06 10:00:00,61701.7,91802.85,KPX_public_sukub_csv
2025-11-06 11:00:00,58253.85,92187.0,KPX_public_sukub_csv
2025-11-06 12:00:00,54372.458333,91891.033333,KPX_public_sukub_csv
2025-11-06 13:00:00,57823.041667,91928.95,KPX_public_sukub_csv
2025-11-06 14:00:00,60622.516667,92984.6,KPX_public_sukub_csv
2025-11-06 15:00:00,63785.1,92964.291667,KPX_public_sukub_csv
2025-11-06 16:00:00,67833.85,91557.466667,KPX_public_sukub_csv
2025-11-06 17:00:00,69336.566667,91923.466667,KPX_public_sukub_csv
2025-11-06 18:00:00,70136.083333,92395.95,KPX_public_sukub_csv
2025-11-06 19:00:00,69045.333333,92551.258333,KPX_public_sukub_csv
2025-11-06 20:00:00,67140.591667,92261.908333,KPX_public_sukub_csv
2025-11-06 21:00:00,65078.958333,91859.408333,KPX_public_sukub_csv
2025-11-06 22:00:00,64105.666667,91638.375,KPX_public_sukub_csv
2025-11-06 23:00:00,62379.836364,91566.863636,KPX_public_sukub_csv
2025-11-07 00:00:00,58293.0,89884.716667,KPX_public_sukub_csv
2025-11-07 01:00:00,55971.875,89780.433333,KPX_public_sukub_csv
2025-11-07 02:00:00,54753.708333,89616.75,KPX_public_sukub_csv
2025-11-07 03:00:00,54262.95,89685.25,KPX_public_sukub_csv
2025-11-07 04:00:00,54432.508333,89768.241667,KPX_public_sukub_csv
2025-11-07 05:00:00,56157.7,89838.675,KPX_public_sukub_csv
2025-11-07 06:00:00,59563.4,89774.141667,KPX_public_sukub_csv
2025-11-07 07:00:00,63848.166667,89767.958333,KPX_public_sukub_csv
2025-11-07 08:00:00,66359.008333,89948.225,KPX_public_sukub_csv
2025-11-07 09:00:00,64413.966667,91144.208333,KPX_public_sukub_csv
2025-11-07 10:00:00,61251.266667,91919.816667,KPX_public_sukub_csv
2025-11-07 11:00:00,57255.583333,91807.366667,KPX_public_sukub_csv
2025-11-07 12:00:00,53994.9,91856.441667,KPX_public_sukub_csv
2025-11-07 13:00:00,57625.041667,91504.2,KPX_public_sukub_csv
2025-11-07 14:00:00,60191.191667,90923.233333,KPX_public_sukub_csv
2025-11-07 15:00:00,62900.491667,90214.916667,KPX_public_sukub_csv
2025-11-07 16:00:00,66377.575,89394.141667,KPX_public_sukub_csv
2025-11-07 17:00:00,67372.216667,89661.983333,KPX_public_sukub_csv
2025-11-07 18:00:00,67919.625,90147.7,KPX_public_sukub_csv
2025-11-07 19:00:00,66888.608333,90586.208333,KPX_public_sukub_csv
2025-11-07 20:00:00,65341.5,90269.691667,KPX_public_sukub_csv
2025-11-07 21:00:00,63349.033333,89921.708333,KPX_public_sukub_csv
2025-11-07 22:00:00,62714.141667,89567.55,KPX_public_sukub_csv
2025-11-07 23:00:00,61285.858333,89169.366667,KPX_public_sukub_csv
2025-11-08 00:00:00,57464.725,86439.008333,KPX_public_sukub_csv
2025-11-08 01:00:00,54994.025,86249.0,KPX_public_sukub_csv
2025-11-08 02:00:00,53460.816667,87521.65,KPX_public_sukub_csv
2025-11-08 03:00:00,52889.291667,87811.333333,KPX_public_sukub_csv
2025-11-08 04:00:00,52956.416667,87767.858333,KPX_public_sukub_csv
2025-11-08 05:00:00,53663.7,87809.833333,KPX_public_sukub_csv
2025-11-08 06:00:00,54891.608333,87826.925,KPX_public_sukub_csv
2025-11-08 07:00:00,55678.783333,87637.125,KPX_public_sukub_csv
2025-11-08 08:00:00,56203.6,86946.833333,KPX_public_sukub_csv
2025-11-08 09:00:00,56588.383333,87151.741667,KPX_public_sukub_csv
2025-11-08 10:00:00,55676.458333,87599.55,KPX_public_sukub_csv
2025-11-08 11:00:00,54592.225,87688.125,KPX_public_sukub_csv
2025-11-08 12:00:00,53886.258333,87588.791667,KPX_public_sukub_csv
2025-11-08 13:00:00,54670.25,87124.0,KPX_public_sukub_csv
2025-11-08 14:00:00,55274.616667,86721.241667,KPX_public_sukub_csv
2025-11-08 15:00:00,56272.933333,86400.208333,KPX_public_sukub_csv
2025-11-08 16:00:00,57106.35,86224.05,KPX_public_sukub_csv
2025-11-08 17:00:00,58735.733333,87769.791667,KPX_public_sukub_csv
2025-11-08 18:00:00,60059.125,88588.666667,KPX_public_sukub_csv
2025-11-08 19:00:00,59518.883333,88052.658333,KPX_public_sukub_csv
2025-11-08 20:00:00,58669.416667,87992.025,KPX_public_sukub_csv
2025-11-08 21:00:00,57552.008333,87936.058333,KPX_public_sukub_csv
2025-11-08 22:00:00,57402.041667,88025.383333,KPX_public_sukub_csv
2025-11-08 23:00:00,56693.775,87919.816667,KPX_public_sukub_csv
2025-11-09 00:00:00,53577.175,86082.608333,KPX_public_sukub_csv
2025-11-09 01:00:00,51103.583333,85883.958333,KPX_public_sukub_csv
2025-11-09 02:00:00,49717.65,84796.066667,KPX_public_sukub_csv
2025-11-09 03:00:00,49078.416667,83785.991667,KPX_public_sukub_csv
2025-11-09 04:00:00,49176.858333,83024.808333,KPX_public_sukub_csv
2025-11-09 05:00:00,49963.1,83035.233333,KPX_public_sukub_csv
2025-11-09 06:00:00,51314.275,83440.366667,KPX_public_sukub_csv
2025-11-09 07:00:00,51467.491667,84048.583333,KPX_public_sukub_csv
2025-11-09 08:00:00,49975.0,84177.291667,KPX_public_sukub_csv
2025-11-09 09:00:00,47136.475,84584.0,KPX_public_sukub_csv
2025-11-09 10:00:00,44686.95,85502.15,KPX_public_sukub_csv
2025-11-09 11:00:00,42635.108333,86146.783333,KPX_public_sukub_csv
2025-11-09 12:00:00,41729.533333,84857.95,KPX_public_sukub_csv
2025-11-09 13:00:00,42431.425,84151.6,KPX_public_sukub_csv
2025-11-09 14:00:00,44742.95,84661.441667,KPX_public_sukub_csv
2025-11-09 15:00:00,48761.391667,84114.991667,KPX_public_sukub_csv
2025-11-09 16:00:00,53629.166667,82754.575,KPX_public_sukub_csv
2025-11-09 17:00:00,57466.116667,83571.783333,KPX_public_sukub_csv
2025-11-09 18:00:00,59266.15,85472.058333,KPX_public_sukub_csv
2025-11-09 19:00:00,59198.95,85743.883333,KPX_public_sukub_csv
2025-11-09 20:00:00,58620.541667,85690.841667,KPX_public_sukub_csv
2025-11-09 21:00:00,57356.966667,85316.483333,KPX_public_sukub_csv
2025-11-09 22:00:00,56391.125,85613.841667,KPX_public_sukub_csv
2025-11-09 23:00:00,55432.045455,85703.118182,KPX_public_sukub_csv
2025-11-10 00:00:00,52302.333333,88273.2,KPX_public_sukub_csv
2025-11-10 01:00:00,50305.091667,87677.408333,KPX_public_sukub_csv
2025-11-10 02:00:00,48922.608333,87159.725,KPX_public_sukub_csv
2025-11-10 03:00:00,48626.066667,87491.7,KPX_public_sukub_csv
2025-11-10 04:00:00,49342.525,87590.833333,KPX_public_sukub_csv
2025-11-10 05:00:00,51617.241667,88359.966667,KPX_public_sukub_csv
2025-11-10 06:00:00,56248.991667,89968.825,KPX_public_sukub_csv
2025-11-10 07:00:00,61848.283333,89965.75,KPX_public_sukub_csv
2025-11-10 08:00:00,63986.083333,90415.225,KPX_public_sukub_csv
2025-11-10 09:00:00,61427.575,92098.716667,KPX_public_sukub_csv
2025-11-10 10:00:00,58493.608333,91689.75,KPX_public_sukub_csv
2025-11-10 11:00:00,55721.633333,91912.458333,KPX_public_sukub_csv
2025-11-10 12:00:00,52648.983333,92180.6,KPX_public_sukub_csv
2025-11-10 13:00:00,56284.725,91724.625,KPX_public_sukub_csv
2025-11-10 14:00:00,59490.9,91482.466667,KPX_public_sukub_csv
2025-11-10 15:00:00,62876.933333,90141.991667,KPX_public_sukub_csv
2025-11-10 16:00:00,67702.708333,88804.8,KPX_public_sukub_csv
2025-11-10 17:00:00,69497.408333,89133.425,KPX_public_sukub_csv
2025-11-10 18:00:00,70301.891667,90476.116667,KPX_public_sukub_csv
2025-11-10 19:00:00,69373.458333,90110.216667,KPX_public_sukub_csv
2025-11-10 20:00:00,67358.333333,90488.4,KPX_public_sukub_csv
2025-11-10 21:00:00,65203.825,90158.066667,KPX_public_sukub_csv
2025-11-10 22:00:00,64349.191667,90292.141667,KPX_public_sukub_csv
2025-11-10 23:00:00,62883.963636,90229.209091,KPX_public_sukub_csv
2025-11-11 00:00:00,58888.641667,88936.741667,KPX_public_sukub_csv
2025-11-11 01:00:00,56716.616667,87951.333333,KPX_public_sukub_csv
2025-11-11 02:00:00,55604.55,89079.866667,KPX_public_sukub_csv
2025-11-11 03:00:00,55092.375,90157.466667,KPX_public_sukub_csv
2025-11-11 04:00:00,55581.741667,90145.416667,KPX_public_sukub_csv
2025-11-11 05:00:00,57373.408333,89981.541667,KPX_public_sukub_csv
2025-11-11 06:00:00,60913.866667,90000.091667,KPX_public_sukub_csv
2025-11-11 07:00:00,65348.958333,89904.166667,KPX_public_sukub_csv
2025-11-11 08:00:00,67481.908333,89678.991667,KPX_public_sukub_csv
2025-11-11 09:00:00,64554.833333,90768.45,KPX_public_sukub_csv
2025-11-11 10:00:00,60835.175,91148.325,KPX_public_sukub_csv
2025-11-11 11:00:00,57767.6,91234.316667,KPX_public_sukub_csv
2025-11-11 12:00:00,54400.516667,91303.275,KPX_public_sukub_csv
2025-11-11 13:00:00,58847.4,90823.941667,KPX_public_sukub_csv
2025-11-11 14:00:00,61863.683333,90478.591667,KPX_public_sukub_csv
2025-11-11 15:00:00,65205.4,90069.266667,KPX_public_sukub_csv
2025-11-11 16:00:00,69034.941667,89966.066667,KPX_public_sukub_csv
2025-11-11 17:00:00,70270.5,90361.058333,KPX_public_sukub_csv
2025-11-11 18:00:00,70882.225,91059.0,KPX_public_sukub_csv
2025-11-11 19:00:00,70105.508333,90669.891667,KPX_public_sukub_csv
2025-11-11 20:00:00,68115.266667,90537.291667,KPX_public_sukub_csv
2025-11-11 21:00:00,66007.275,90135.908333,KPX_public_sukub_csv
2025-11-11 22:00:00,64926.666667,90284.366667,KPX_public_sukub_csv
2025-11-11 23:00:00,63421.45,90304.216667,KPX_public_sukub_csv
2025-11-12 00:00:00,59622.033333,90030.333333,KPX_public_sukub_csv
2025-11-12 01:00:00,57581.133333,89995.583333,KPX_public_sukub_csv
2025-11-12 02:00:00,56096.975,90145.725,KPX_public_sukub_csv
2025-11-12 03:00:00,55361.5,90355.541667,KPX_public_sukub_csv
2025-11-12 04:00:00,55455.783333,90475.675,KPX_public_sukub_csv
2025-11-12 05:00:00,57081.275,90429.091667,KPX_public_sukub_csv
2025-11-12 06:00:00,60776.25,90770.191667,KPX_public_sukub_csv
2025-11-12 07:00:00,65365.466667,90820.766667,KPX_public_sukub_csv
2025-11-12 08:00:00,67886.716667,90876.733333,KPX_public_sukub_csv
2025-11-12 09:00:00,66079.916667,90861.35,KPX_public_sukub_csv
2025-11-12 10:00:00,64372.366667,90481.433333,KPX_public_sukub_csv
2025-11-12 11:00:00,62418.475,90462.891667,KPX_public_sukub_csv
2025-11-12 12:00:00,59026.75,90212.275,KPX_public_sukub_csv
2025-11-12 13:00:00,62816.666667,89557.15,KPX_public_sukub_csv
2025-11-12 14:00:00,65385.458333,88940.491667,KPX_public_sukub_csv
2025-11-12 15:00:00,67663.433333,88505.966667,KPX_public_sukub_csv
2025-11-12 16:00:00,69543.566667,88700.683333,KPX_public_sukub_csv
2025-11-12 17:00:00,70082.558333,90713.558333,KPX_public_sukub_csv
2025-11-12 18:00:00,70113.708333,91239.958333,KPX_public_sukub_csv
2025-11-12 19:00:00,69136.691667,91498.225,KPX_public_sukub_csv
2025-11-12 20:00:00,67346.025,91463.941667,KPX_public_sukub_csv
2025-11-12 21:00:00,65273.841667,91555.091667,KPX_public_sukub_csv
2025-11-12 22:00:00,64373.554545,91540.527273,KPX_public_sukub_csv
2025-11-12 23:00:00,62941.541667,91712.55,KPX_public_sukub_csv
2025-11-13 00:00:00,59165.041667,91778.6,KPX_public_sukub_csv
2025-11-13 01:00:00,56916.983333,91630.741667,KPX_public_sukub_csv
2025-11-13 02:00:00,55636.181818,92255.545455,KPX_public_sukub_csv
2025-11-13 03:00:00,55055.608333,92561.65,KPX_public_sukub_csv
2025-11-13 04:00:00,55516.241667,92651.783333,KPX_public_sukub_csv
2025-11-13 05:00:00,57486.358333,92668.45,KPX_public_sukub_csv
2025-11-13 06:00:00,60820.525,93054.4,KPX_public_sukub_csv
2025-11-13 07:00:00,64790.916667,93049.925,KPX_public_sukub_csv
2025-11-13 08:00:00,68091.116667,92902.958333,KPX_public_sukub_csv
2025-11-13 09:00:00,66597.825,93920.4,KPX_public_sukub_csv
2025-11-13 10:00:00,63333.883333,94826.458333,KPX_public_sukub_csv
2025-11-13 11:00:00,60004.466667,94533.425,KPX_public_sukub_csv
2025-11-13 12:00:00,55851.991667,94795.858333,KPX_public_sukub_csv
2025-11-13 13:00:00,58726.175,94768.416667,KPX_public_sukub_csv
2025-11-13 14:00:00,61375.133333,94276.841667,KPX_public_sukub_csv
2025-11-13 15:00:00,64774.433333,93138.283333,KPX_public_sukub_csv
2025-11-13 16:00:00,68424.458333,91456.966667,KPX_public_sukub_csv
2025-11-13 17:00:00,69748.925,92274.975,KPX_public_sukub_csv
2025-11-13 18:00:00,70036.441667,92850.658333,KPX_public_sukub_csv
2025-11-13 19:00:00,69094.233333,92482.233333,KPX_public_sukub_csv
2025-11-13 20:00:00,67330.216667,92099.1,KPX_public_sukub_csv
2025-11-13 21:00:00,65177.741667,91751.516667,KPX_public_sukub_csv
2025-11-13 22:00:00,64211.1,92037.058333,KPX_public_sukub_csv
2025-11-13 23:00:00,62946.290909,92173.863636,KPX_public_sukub_csv
2025-11-14 00:00:00,58919.033333,91062.041667,KPX_public_sukub_csv
2025-11-14 01:00:00,56644.5,90806.016667,KPX_public_sukub_csv
2025-11-14 02:00:00,55623.5,91012.583333,KPX_public_sukub_csv
2025-11-14 03:00:00,55025.741667,91102.041667,KPX_public_sukub_csv
2025-11-14 04:00:00,55305.783333,91187.55,KPX_public_sukub_csv
2025-11-14 05:00:00,57009.658333,91204.433333,KPX_public_sukub_csv
2025-11-14 06:00:00,60398.375,90785.2,KPX_public_sukub_csv
2025-11-14 07:00:00,64810.075,91687.141667,KPX_public_sukub_csv
2025-11-14 08:00:00,66556.991667,92207.3,KPX_public_sukub_csv
2025-11-14 09:00:00,63233.3,93980.533333,KPX_public_sukub_csv
2025-11-14 10:00:00,59486.35,94838.625,KPX_public_sukub_csv
2025-11-14 11:00:00,56410.891667,94836.041667,KPX_public_sukub_csv
2025-11-14 12:00:00,52937.675,94428.783333,KPX_public_sukub_csv
2025-11-14 13:00:00,56441.925,94246.691667,KPX_public_sukub_csv
2025-11-14 14:00:00,59327.708333,93818.783333,KPX_public_sukub_csv
2025-11-14 15:00:00,63108.336364,93320.590909,KPX_public_sukub_csv
2025-11-14 16:00:00,67523.333333,90946.233333,KPX_public_sukub_csv
2025-11-14 17:00:00,68734.625,90318.583333,KPX_public_sukub_csv
2025-11-14 18:00:00,68697.016667,91466.141667,KPX_public_sukub_csv
2025-11-14 19:00:00,67941.008333,91933.516667,KPX_public_sukub_csv
2025-11-14 20:00:00,66440.816667,91987.925,KPX_public_sukub_csv
2025-11-14 21:00:00,64604.775,91899.425,KPX_public_sukub_csv
2025-11-14 22:00:00,63930.966667,91895.691667,KPX_public_sukub_csv
2025-11-14 23:00:00,62603.033333,91118.408333,KPX_public_sukub_csv
2025-11-15 00:00:00,58735.866667,87316.066667,KPX_public_sukub_csv
2025-11-15 01:00:00,56383.466667,86927.475,KPX_public_sukub_csv
2025-11-15 02:00:00,54984.091667,86357.791667,KPX_public_sukub_csv
2025-11-15 03:00:00,54319.0,86293.666667,KPX_public_sukub_csv
2025-11-15 04:00:00,54452.741667,86296.5,KPX_public_sukub_csv
2025-11-15 05:00:00,55351.391667,86337.908333,KPX_public_sukub_csv
2025-11-15 06:00:00,56987.675,86323.675,KPX_public_sukub_csv
2025-11-15 07:00:00,57554.2,86342.408333,KPX_public_sukub_csv
2025-11-15 08:00:00,55156.290909,86967.981818,KPX_public_sukub_csv
2025-11-15 09:00:00,50913.516667,87907.891667,KPX_public_sukub_csv
2025-11-15 10:00:00,48075.55,88345.908333,KPX_public_sukub_csv
2025-11-15 11:00:00,45732.575,88543.75,KPX_public_sukub_csv
2025-11-15 12:00:00,43892.433333,86515.733333,KPX_public_sukub_csv
2025-11-15 13:00:00,45307.816667,86152.058333,KPX_public_sukub_csv
2025-11-15 14:00:00,47769.833333,85557.825,KPX_public_sukub_csv
2025-11-15 15:00:00,51961.408333,84899.125,KPX_public_sukub_csv
2025-11-15 16:00:00,56492.25,83039.033333,KPX_public_sukub_csv
2025-11-15 17:00:00,59402.416667,83415.366667,KPX_public_sukub_csv
2025-11-15 18:00:00,60567.066667,84287.633333,KPX_public_sukub_csv
2025-11-15 19:00:00,60335.383333,83920.5,KPX_public_sukub_csv
2025-11-15 20:00:00,59740.316667,84021.158333,KPX_public_sukub_csv
2025-11-15 21:00:00,58600.475,83441.341667,KPX_public_sukub_csv
2025-11-15 22:00:00,58543.875,82791.558333,KPX_public_sukub_csv
2025-11-15 23:00:00,57815.07,82598.8,KPX_public_sukub_csv
2025-11-16 00:00:00,54479.1,81485.783333,KPX_public_sukub_csv
2025-11-16 01:00:00,52163.908333,81431.583333,KPX_public_sukub_csv
2025-11-16 02:00:00,50676.291667,81450.066667,KPX_public_sukub_csv
2025-11-16 03:00:00,50024.675,81470.916667,KPX_public_sukub_csv
2025-11-16 04:00:00,50267.133333,81469.266667,KPX_public_sukub_csv
2025-11-16 05:00:00,51248.983333,81416.241667,KPX_public_sukub_csv
2025-11-16 06:00:00,52560.583333,81376.108333,KPX_public_sukub_csv
2025-11-16 07:00:00,52774.991667,81436.966667,KPX_public_sukub_csv
2025-11-16 08:00:00,50748.791667,80974.191667,KPX_public_sukub_csv
2025-11-16 09:00:00,47297.258333,82621.008333,KPX_public_sukub_csv
2025-11-16 10:00:00,44851.516667,83632.975,KPX_public_sukub_csv
2025-11-16 11:00:00,42741.833333,83878.666667,KPX_public_sukub_csv
2025-11-16 12:00:00,42078.216667,83740.941667,KPX_public_sukub_csv
2025-11-16 13:00:00,43070.225,84310.216667,KPX_public_sukub_csv
2025-11-16 14:00:00,45116.658333,85713.466667,KPX_public_sukub_csv
2025-11-16 15:00:00,49308.833333,85077.708333,KPX_public_sukub_csv
2025-11-16 16:00:00,54498.775,84800.891667,KPX_public_sukub_csv
2025-11-16 17:00:00,58600.241667,84996.191667,KPX_public_sukub_csv
2025-11-16 18:00:00,60466.191667,86766.233333,KPX_public_sukub_csv
2025-11-16 19:00:00,60237.325,87007.633333,KPX_public_sukub_csv
2025-11-16 20:00:00,59671.325,85896.266667,KPX_public_sukub_csv
2025-11-16 21:00:00,58455.958333,85548.133333,KPX_public_sukub_csv
2025-11-16 22:00:00,57428.85,85524.975,KPX_public_sukub_csv
2025-11-16 23:00:00,56123.618182,85231.636364,KPX_public_sukub_csv
2025-11-17 00:00:00,53079.725,85631.566667,KPX_public_sukub_csv
2025-11-17 01:00:00,51038.3,86513.566667,KPX_public_sukub_csv
2025-11-17 02:00:00,49947.05,87183.125,KPX_public_sukub_csv
2025-11-17 03:00:00,49795.791667,87463.858333,KPX_public_sukub_csv
2025-11-17 04:00:00,50572.125,87567.2,KPX_public_sukub_csv
2025-11-17 05:00:00,52848.533333,87691.616667,KPX_public_sukub_csv
2025-11-17 06:00:00,57405.9,87255.6,KPX_public_sukub_csv
2025-11-17 07:00:00,63463.716667,87937.008333,KPX_public_sukub_csv
2025-11-17 08:00:00,68036.1,87984.766667,KPX_public_sukub_csv
2025-11-17 09:00:00,66688.233333,88770.183333,KPX_public_sukub_csv
2025-11-17 10:00:00,65368.908333,88602.7,KPX_public_sukub_csv
2025-11-17 11:00:00,64739.291667,88023.9,KPX_public_sukub_csv
2025-11-17 12:00:00,61567.25,88050.341667,KPX_public_sukub_csv
2025-11-17 13:00:00,65278.875,88534.908333,KPX_public_sukub_csv
2025-11-17 14:00:00,67386.9,89327.175,KPX_public_sukub_csv
2025-11-17 15:00:00,69798.508333,89339.783333,KPX_public_sukub_csv
2025-11-17 16:00:00,73158.463636,92178.3,KPX_public_sukub_csv
2025-11-17 17:00:00,74565.975,91696.791667,KPX_public_sukub_csv
2025-11-17 18:00:00,74033.175,91491.833333,KPX_public_sukub_csv
2025-11-17 19:00:00,72392.658333,91752.716667,KPX_public_sukub_csv
2025-11-17 20:00:00,70012.183333,92685.35,KPX_public_sukub_csv
2025-11-17 21:00:00,67521.25,92770.916667,KPX_public_sukub_csv
2025-11-17 22:00:00,66424.041667,92495.358333,KPX_public_sukub_csv
2025-11-17 23:00:00,64869.691667,92435.383333,KPX_public_sukub_csv
2025-11-18 00:00:00,61044.125,94032.825,KPX_public_sukub_csv
2025-11-18 01:00:00,58671.5,94499.275,KPX_public_sukub_csv
2025-11-18 02:00:00,57430.191667,93817.741667,KPX_public_sukub_csv
2025-11-18 03:00:00,56983.009091,93258.745455,KPX_public_sukub_csv
2025-11-18 04:00:00,57511.008333,93503.033333,KPX_public_sukub_csv
2025-11-18 05:00:00,59472.291667,93614.833333,KPX_public_sukub_csv
2025-11-18 06:00:00,63534.933333,94032.55,KPX_public_sukub_csv
2025-11-18 07:00:00,69055.033333,94422.35,KPX_public_sukub_csv
2025-11-18 08:00:00,73636.85,94764.725,KPX_public_sukub_csv
2025-11-18 09:00:00,72950.166667,95594.908333,KPX_public_sukub_csv
2025-11-18 10:00:00,69772.241667,95421.958333,KPX_public_sukub_csv
2025-11-18 11:00:00,65547.233333,95447.966667,KPX_public_sukub_csv
2025-11-18 12:00:00,60148.2,95820.35,KPX_public_sukub_csv
2025-11-18 13:00:00,63730.316667,95629.916667,KPX_public_sukub_csv
2025-11-18 14:00:00,67563.9,95208.55,KPX_public_sukub_csv
2025-11-18 15:00:00,71344.991667,95059.041667,KPX_public_sukub_csv
2025-11-18 16:00:00,75021.508333,95403.575,KPX_public_sukub_csv
2025-11-18 17:00:00,76235.2,95533.091667,KPX_public_sukub_csv
2025-11-18 18:00:00,75584.108333,95775.458333,KPX_public_sukub_csv
2025-11-18 19:00:00,73890.133333,95447.433333,KPX_public_sukub_csv
2025-11-18 20:00:00,71201.716667,95222.466667,KPX_public_sukub_csv
2025-11-18 21:00:00,68723.575,94254.658333,KPX_public_sukub_csv
2025-11-18 22:00:00,67601.516667,94176.225,KPX_public_sukub_csv
2025-11-18 23:00:00,66168.118182,94600.536364,KPX_public_sukub_csv
2025-11-19 00:00:00,62252.591667,93516.641667,KPX_public_sukub_csv
2025-11-19 01:00:00,59718.918182,93560.954545,KPX_public_sukub_csv
2025-11-19 02:00:00,58434.85,94312.8,KPX_public_sukub_csv
2025-11-19 03:00:00,57828.208333,94531.525,KPX_public_sukub_csv
2025-11-19 04:00:00,58219.975,94124.091667,KPX_public_sukub_csv
2025-11-19 05:00:00,59827.708333,93944.016667,KPX_public_sukub_csv
2025-11-19 06:00:00,63965.441667,94271.383333,KPX_public_sukub_csv
2025-11-19 07:00:00,69585.916667,95478.358333,KPX_public_sukub_csv
2025-11-19 08:00:00,73952.733333,95761.841667,KPX_public_sukub_csv
2025-11-19 09:00:00,72247.925,96050.858333,KPX_public_sukub_csv
2025-11-19 10:00:00,68712.483333,96898.333333,KPX_public_sukub_csv
2025-11-19 11:00:00,65522.766667,95214.775,KPX_public_sukub_csv
2025-11-19 12:00:00,61344.825,94875.083333,KPX_public_sukub_csv
2025-11-19 13:00:00,64704.966667,95147.133333,KPX_public_sukub_csv
2025-11-19 14:00:00,67778.075,94774.233333,KPX_public_sukub_csv
2025-11-19 15:00:00,70952.575,94156.0,KPX_public_sukub_csv
2025-11-19 16:00:00,74109.283333,94988.258333,KPX_public_sukub_csv
2025-11-19 17:00:00,75292.091667,95342.016667,KPX_public_sukub_csv
2025-11-19 18:00:00,74517.766667,95388.908333,KPX_public_sukub_csv
2025-11-19 19:00:00,73123.258333,95413.208333,KPX_public_sukub_csv
2025-11-19 20:00:00,70896.833333,95688.291667,KPX_public_sukub_csv
2025-11-19 21:00:00,68462.0,95272.491667,KPX_public_sukub_csv
2025-11-19 22:00:00,67521.875,95510.991667,KPX_public_sukub_csv
2025-11-19 23:00:00,66028.416667,95526.958333,KPX_public_sukub_csv
2025-11-20 00:00:00,62309.241667,95162.566667,KPX_public_sukub_csv
2025-11-20 01:00:00,59724.008333,95117.5,KPX_public_sukub_csv
2025-11-20 02:00:00,58209.9,95453.345455,KPX_public_sukub_csv
2025-11-20 03:00:00,57339.7,95525.558333,KPX_public_sukub_csv
2025-11-20 04:00:00,57658.116667,95515.808333,KPX_public_sukub_csv
2025-11-20 05:00:00,59323.608333,95583.5,KPX_public_sukub_csv
2025-11-20 06:00:00,63060.416667,95731.233333,KPX_public_sukub_csv
2025-11-20 07:00:00,68492.133333,95643.95,KPX_public_sukub_csv
2025-11-20 08:00:00,73473.066667,96485.85,KPX_public_sukub_csv
2025-11-20 09:00:00,72368.45,97341.116667,KPX_public_sukub_csv
2025-11-20 10:00:00,68652.608333,96749.325,KPX_public_sukub_csv
2025-11-20 11:00:00,65664.708333,96953.066667,KPX_public_sukub_csv
2025-11-20 12:00:00,62129.733333,97003.85,KPX_public_sukub_csv
2025-11-20 13:00:00,65648.045455,96990.881818,KPX_public_sukub_csv
2025-11-20 14:00:00,67523.925,96434.783333,KPX_public_sukub_csv
2025-11-20 15:00:00,70022.518182,96290.263636,KPX_public_sukub_csv
2025-11-20 16:00:00,72516.0,96962.683333,KPX_public_sukub_csv
2025-11-20 17:00:00,73710.491667,97343.433333,KPX_public_sukub_csv
2025-11-20 18:00:00,73232.391667,97468.05,KPX_public_sukub_csv
2025-11-20 19:00:00,71889.266667,97577.925,KPX_public_sukub_csv
2025-11-20 20:00:00,69606.283333,96624.241667,KPX_public_sukub_csv
2025-11-20 21:00:00,67372.516667,96127.616667,KPX_public_sukub_csv
2025-11-20 22:00:00,66421.775,95992.058333,KPX_public_sukub_csv
2025-11-20 23:00:00,65099.433333,95947.758333,KPX_public_sukub_csv
2025-11-21 00:00:00,61178.8,94747.45,KPX_public_sukub_csv
2025-11-21 01:00:00,58713.016667,94556.075,KPX_public_sukub_csv
2025-11-21 02:00:00,57304.991667,95040.333333,KPX_public_sukub_csv
2025-11-21 03:00:00,56710.183333,95227.491667,KPX_public_sukub_csv
2025-11-21 04:00:00,57093.166667,95332.841667,KPX_public_sukub_csv
2025-11-21 05:00:00,59110.9,95062.783333,KPX_public_sukub_csv
2025-11-21 06:00:00,63031.6,95144.590909,KPX_public_sukub_csv
2025-11-21 07:00:00,68371.833333,95514.475,KPX_public_sukub_csv
2025-11-21 08:00:00,71219.325,96752.483333,KPX_public_sukub_csv
2025-11-21 09:00:00,68068.616667,97630.216667,KPX_public_sukub_csv
2025-11-21 10:00:00,64129.375,98171.925,KPX_public_sukub_csv
2025-11-21 11:00:00,60755.458333,98248.158333,KPX_public_sukub_csv
2025-11-21 12:00:00,56862.208333,98012.333333,KPX_public_sukub_csv
2025-11-21 13:00:00,60336.4,98737.025,KPX_public_sukub_csv
2025-11-21 14:00:00,63262.233333,97979.541667,KPX_public_sukub_csv
2025-11-21 15:00:00,67033.458333,96690.358333,KPX_public_sukub_csv
2025-11-21 16:00:00,71072.833333,96500.866667,KPX_public_sukub_csv
2025-11-21 17:00:00,72171.491667,97440.958333,KPX_public_sukub_csv
2025-11-21 18:00:00,71243.766667,97889.45,KPX_public_sukub_csv
2025-11-21 19:00:00,69980.375,97503.175,KPX_public_sukub_csv
2025-11-21 20:00:00,68132.258333,96014.7,KPX_public_sukub_csv
2025-11-21 21:00:00,66004.491667,95609.125,KPX_public_sukub_csv
2025-11-21 22:00:00,65276.425,94880.4,KPX_public_sukub_csv
2025-11-21 23:00:00,64000.7,94730.866667,KPX_public_sukub_csv
2025-11-22 00:00:00,60391.333333,89833.75,KPX_public_sukub_csv
2025-11-22 01:00:00,57575.65,89294.441667,KPX_public_sukub_csv
2025-11-22 02:00:00,56204.183333,88897.658333,KPX_public_sukub_csv
2025-11-22 03:00:00,55395.425,89153.925,KPX_public_sukub_csv
2025-11-22 04:00:00,55458.866667,89285.408333,KPX_public_sukub_csv
2025-11-22 05:00:00,56322.083333,89397.95,KPX_public_sukub_csv
2025-11-22 06:00:00,57859.045455,88890.381818,KPX_public_sukub_csv
2025-11-22 07:00:00,59000.166667,87263.116667,KPX_public_sukub_csv
2025-11-22 08:00:00,57773.091667,87232.666667,KPX_public_sukub_csv
2025-11-22 09:00:00,54131.108333,87505.833333,KPX_public_sukub_csv
2025-11-22 10:00:00,51156.225,87895.408333,KPX_public_sukub_csv
2025-11-22 11:00:00,48787.2,88294.158333,KPX_public_sukub_csv
2025-11-22 12:00:00,46897.866667,88233.666667,KPX_public_sukub_csv
2025-11-22 13:00:00,48376.2,88153.463636,KPX_public_sukub_csv
2025-11-22 14:00:00,50452.358333,87521.7,KPX_public_sukub_csv
2025-11-22 15:00:00,54218.741667,86225.225,KPX_public_sukub_csv
2025-11-22 16:00:00,58173.658333,84970.058333,KPX_public_sukub_csv
2025-11-22 17:00:00,61106.575,86044.916667,KPX_public_sukub_csv
2025-11-22 18:00:00,62125.891667,86756.291667,KPX_public_sukub_csv
2025-11-22 19:00:00,61804.233333,86819.133333,KPX_public_sukub_csv
2025-11-22 20:00:00,61109.863636,86637.172727,KPX_public_sukub_csv
2025-11-22 21:00:00,59950.125,86678.041667,KPX_public_sukub_csv
2025-11-22 22:00:00,59717.466667,86491.45,KPX_public_sukub_csv
2025-11-22 23:00:00,58897.066667,86178.483333,KPX_public_sukub_csv
2025-11-23 00:00:00,55702.991667,85644.125,KPX_public_sukub_csv
2025-11-23 01:00:00,53293.5,85574.908333,KPX_public_sukub_csv
2025-11-23 02:00:00,51799.933333,86615.608333,KPX_public_sukub_csv
2025-11-23 03:00:00,51181.966667,86672.391667,KPX_public_sukub_csv
2025-11-23 04:00:00,51320.083333,86735.133333,KPX_public_sukub_csv
2025-11-23 05:00:00,52241.333333,86784.5,KPX_public_sukub_csv
2025-11-23 06:00:00,53563.233333,86835.058333,KPX_public_sukub_csv
2025-11-23 07:00:00,53976.7,86652.7,KPX_public_sukub_csv
2025-11-23 08:00:00,52762.025,86406.766667,KPX_public_sukub_csv
2025-11-23 09:00:00,50118.95,87524.058333,KPX_public_sukub_csv
2025-11-23 10:00:00,47677.2,88514.775,KPX_public_sukub_csv
2025-11-23 11:00:00,46241.491667,88675.625,KPX_public_sukub_csv
2025-11-23 12:00:00,46128.166667,88709.933333,KPX_public_sukub_csv
2025-11-23 13:00:00,46951.783333,89513.308333,KPX_public_sukub_csv
2025-11-23 14:00:00,48905.566667,89957.491667,KPX_public_sukub_csv
2025-11-23 15:00:00,52073.45,88932.991667,KPX_public_sukub_csv
2025-11-23 16:00:00,56126.075,88621.466667,KPX_public_sukub_csv
2025-11-23 17:00:00,59956.025,89102.891667,KPX_public_sukub_csv
2025-11-23 18:00:00,61275.258333,89203.308333,KPX_public_sukub_csv
2025-11-23 19:00:00,60753.9,89084.183333,KPX_public_sukub_csv
2025-11-23 20:00:00,59924.916667,89312.658333,KPX_public_sukub_csv
2025-11-23 21:00:00,58600.15,89173.183333,KPX_public_sukub_csv
2025-11-23 22:00:00,57962.358333,89127.216667,KPX_public_sukub_csv
2025-11-23 23:00:00,57027.85,88859.7,KPX_public_sukub_csv
2025-11-24 00:00:00,53982.05,91038.9,KPX_public_sukub_csv
2025-11-24 01:00:00,51658.675,91204.608333,KPX_public_sukub_csv
2025-11-24 02:00:00,50477.708333,92675.95,KPX_public_sukub_csv
2025-11-24 03:00:00,50201.316667,92845.466667,KPX_public_sukub_csv
2025-11-24 04:00:00,50930.933333,92824.2,KPX_public_sukub_csv
2025-11-24 05:00:00,53209.041667,92927.291667,KPX_public_sukub_csv
2025-11-24 06:00:00,57610.525,92823.408333,KPX_public_sukub_csv
2025-11-24 07:00:00,63858.641667,92581.791667,KPX_public_sukub_csv
2025-11-24 08:00:00,69347.225,92652.3,KPX_public_sukub_csv
2025-11-24 09:00:00,68606.508333,92172.458333,KPX_public_sukub_csv
2025-11-24 10:00:00,65453.616667,93436.325,KPX_public_sukub_csv
2025-11-24 11:00:00,62640.008333,93842.616667,KPX_public_sukub_csv
2025-11-24 12:00:00,58962.875,94123.525,KPX_public_sukub_csv
2025-11-24 13:00:00,62251.725,93979.941667,KPX_public_sukub_csv
2025-11-24 14:00:00,64923.541667,93548.2,KPX_public_sukub_csv
2025-11-24 15:00:00,67985.241667,92258.141667,KPX_public_sukub_csv
2025-11-24 16:00:00,70833.609091,92969.618182,KPX_public_sukub_csv
2025-11-24 17:00:00,71990.541667,93890.183333,KPX_public_sukub_csv
2025-11-24 18:00:00,71345.391667,94469.075,KPX_public_sukub_csv
2025-11-24 19:00:00,69978.666667,94446.175,KPX_public_sukub_csv
2025-11-24 20:00:00,67622.858333,93709.375,KPX_public_sukub_csv
2025-11-24 21:00:00,65432.516667,93633.558333,KPX_public_sukub_csv
2025-11-24 22:00:00,64626.091667,93439.983333,KPX_public_sukub_csv
2025-11-24 23:00:00,63193.041667,93496.691667,KPX_public_sukub_csv
2025-11-25 00:00:00,59599.258333,93691.566667,KPX_public_sukub_csv
2025-11-25 01:00:00,57190.0,93676.1,KPX_public_sukub_csv
2025-11-25 02:00:00,55877.108333,93154.366667,KPX_public_sukub_csv
2025-11-25 03:00:00,55417.566667,93147.791667,KPX_public_sukub_csv
2025-11-25 04:00:00,55926.166667,93627.041667,KPX_public_sukub_csv
2025-11-25 05:00:00,57754.25,93774.9,KPX_public_sukub_csv
2025-11-25 06:00:00,61323.841667,94550.116667,KPX_public_sukub_csv
2025-11-25 07:00:00,66432.216667,94721.833333,KPX_public_sukub_csv
2025-11-25 08:00:00,72515.55,95190.25,KPX_public_sukub_csv
2025-11-25 09:00:00,74268.458333,95483.308333,KPX_public_sukub_csv
2025-11-25 10:00:00,73395.375,95878.625,KPX_public_sukub_csv
2025-11-25 11:00:00,71133.225,96707.991667,KPX_public_sukub_csv
2025-11-25 12:00:00,67545.425,96276.033333,KPX_public_sukub_csv
2025-11-25 13:00:00,71240.316667,95739.841667,KPX_public_sukub_csv
2025-11-25 14:00:00,72759.475,95830.766667,KPX_public_sukub_csv
2025-11-25 15:00:00,73721.691667,94778.9,KPX_public_sukub_csv
2025-11-25 16:00:00,75194.941667,95025.691667,KPX_public_sukub_csv
2025-11-25 17:00:00,75254.875,95818.483333,KPX_public_sukub_csv
2025-11-25 18:00:00,73725.1,95373.35,KPX_public_sukub_csv
2025-11-25 19:00:00,71975.554545,95109.436364,KPX_public_sukub_csv
2025-11-25 20:00:00,69315.975,94996.8,KPX_public_sukub_csv
2025-11-25 21:00:00,66993.466667,95049.808333,KPX_public_sukub_csv
2025-11-25 22:00:00,66167.966667,94617.041667,KPX_public_sukub_csv
2025-11-25 23:00:00,64700.272727,94362.590909,KPX_public_sukub_csv
2025-11-26 00:00:00,60814.108333,94251.466667,KPX_public_sukub_csv
2025-11-26 01:00:00,58314.516667,94498.991667,KPX_public_sukub_csv
2025-11-26 02:00:00,56911.091667,93771.591667,KPX_public_sukub_csv
2025-11-26 03:00:00,56262.416667,93723.35,KPX_public_sukub_csv
2025-11-26 04:00:00,56817.166667,93886.133333,KPX_public_sukub_csv
2025-11-26 05:00:00,58647.766667,93989.191667,KPX_public_sukub_csv
2025-11-26 06:00:00,62313.625,94565.958333,KPX_public_sukub_csv
2025-11-26 07:00:00,67883.775,94892.05,KPX_public_sukub_csv
2025-11-26 08:00:00,72438.390909,95561.563636,KPX_public_sukub_csv
2025-11-26 09:00:00,70996.75,96143.775,KPX_public_sukub_csv
2025-11-26 10:00:00,67996.736364,96606.263636,KPX_public_sukub_csv
2025-11-26 11:00:00,65229.3,96602.875,KPX_public_sukub_csv
2025-11-26 12:00:00,60657.9,96663.233333,KPX_public_sukub_csv
2025-11-26 13:00:00,63252.433333,96973.708333,KPX_public_sukub_csv
2025-11-26 14:00:00,65589.75,96585.241667,KPX_public_sukub_csv
2025-11-26 15:00:00,68419.191667,95601.133333,KPX_public_sukub_csv
2025-11-26 16:00:00,71890.308333,94396.525,KPX_public_sukub_csv
2025-11-26 17:00:00,73243.291667,94556.333333,KPX_public_sukub_csv
2025-11-26 18:00:00,72620.625,94880.391667,KPX_public_sukub_csv
2025-11-26 19:00:00,71455.883333,94926.166667,KPX_public_sukub_csv
2025-11-26 20:00:00,69189.483333,94789.908333,KPX_public_sukub_csv
2025-11-26 21:00:00,67034.408333,94392.483333,KPX_public_sukub_csv
2025-11-26 22:00:00,66276.033333,93256.966667,KPX_public_sukub_csv
2025-11-26 23:00:00,64977.936364,93075.563636,KPX_public_sukub_csv
2025-11-27 00:00:00,61203.425,93510.35,KPX_public_sukub_csv
2025-11-27 01:00:00,58839.991667,93832.683333,KPX_public_sukub_csv
2025-11-27 02:00:00,57285.358333,93510.4,KPX_public_sukub_csv
2025-11-27 03:00:00,56403.158333,93260.916667,KPX_public_sukub_csv
2025-11-27 04:00:00,56779.358333,93280.575,KPX_public_sukub_csv
2025-11-27 05:00:00,58731.0,93320.541667,KPX_public_sukub_csv
2025-11-27 06:00:00,62333.441667,93420.183333,KPX_public_sukub_csv
2025-11-27 07:00:00,67847.575,93325.075,KPX_public_sukub_csv
2025-11-27 08:00:00,73419.808333,93928.833333,KPX_public_sukub_csv
2025-11-27 09:00:00,74116.316667,94585.275,KPX_public_sukub_csv
2025-11-27 10:00:00,75239.641667,94315.816667,KPX_public_sukub_csv
2025-11-27 11:00:00,74047.466667,94704.791667,KPX_public_sukub_csv
2025-11-27 12:00:00,70300.891667,94883.95,KPX_public_sukub_csv
2025-11-27 13:00:00,73093.366667,94764.675,KPX_public_sukub_csv
2025-11-27 14:00:00,73951.566667,94625.691667,KPX_public_sukub_csv
2025-11-27 15:00:00,74976.966667,94208.858333,KPX_public_sukub_csv
2025-11-27 16:00:00,76014.308333,94492.925,KPX_public_sukub_csv
2025-11-27 17:00:00,75937.633333,95141.258333,KPX_public_sukub_csv
2025-11-27 18:00:00,74366.05,95018.525,KPX_public_sukub_csv
2025-11-27 19:00:00,72573.108333,95451.766667,KPX_public_sukub_csv
2025-11-27 20:00:00,69926.358333,95424.533333,KPX_public_sukub_csv
2025-11-27 21:00:00,67798.916667,95431.141667,KPX_public_sukub_csv
2025-11-27 22:00:00,66884.272727,95442.318182,KPX_public_sukub_csv
2025-11-27 23:00:00,65394.0,95389.733333,KPX_public_sukub_csv
2025-11-28 00:00:00,61640.491667,95804.733333,KPX_public_sukub_csv
2025-11-28 01:00:00,59229.691667,95937.558333,KPX_public_sukub_csv
2025-11-28 02:00:00,57716.108333,95108.625,KPX_public_sukub_csv
2025-11-28 03:00:00,57126.5,94418.55,KPX_public_sukub_csv
2025-11-28 04:00:00,57521.141667,94404.883333,KPX_public_sukub_csv
2025-11-28 05:00:00,59311.666667,94363.758333,KPX_public_sukub_csv
2025-11-28 06:00:00,63315.708333,94593.758333,KPX_public_sukub_csv
2025-11-28 07:00:00,68904.541667,94595.658333,KPX_public_sukub_csv
2025-11-28 08:00:00,72953.35,95430.858333,KPX_public_sukub_csv
2025-11-28 09:00:00,70592.191667,96656.175,KPX_public_sukub_csv
2025-11-28 10:00:00,66169.233333,96387.083333,KPX_public_sukub_csv
2025-11-28 11:00:00,62543.625,96298.75,KPX_public_sukub_csv
2025-11-28 12:00:00,58164.541667,96490.441667,KPX_public_sukub_csv
2025-11-28 13:00:00,61256.558333,96512.441667,KPX_public_sukub_csv
2025-11-28 14:00:00,64036.875,95873.458333,KPX_public_sukub_csv
2025-11-28 15:00:00,68035.775,94399.108333,KPX_public_sukub_csv
2025-11-28 16:00:00,72187.225,93736.916667,KPX_public_sukub_csv
2025-11-28 17:00:00,73594.458333,93817.4,KPX_public_sukub_csv
2025-11-28 18:00:00,72363.783333,95047.508333,KPX_public_sukub_csv
2025-11-28 19:00:00,71160.591667,96803.25,KPX_public_sukub_csv
2025-11-28 20:00:00,69034.618182,96586.854545,KPX_public_sukub_csv
2025-11-28 21:00:00,66976.241667,95803.425,KPX_public_sukub_csv
2025-11-28 22:00:00,66491.533333,95321.058333,KPX_public_sukub_csv
2025-11-28 23:00:00,65581.3,94701.183333,KPX_public_sukub_csv
2025-11-29 00:00:00,62029.25,92764.083333,KPX_public_sukub_csv
2025-11-29 01:00:00,59318.063636,91871.090909,KPX_public_sukub_csv
2025-11-29 02:00:00,57536.366667,90709.358333,KPX_public_sukub_csv
2025-11-29 03:00:00,56613.158333,90060.741667,KPX_public_sukub_csv
2025-11-29 04:00:00,56715.675,89733.833333,KPX_public_sukub_csv
2025-11-29 05:00:00,57569.058333,89784.158333,KPX_public_sukub_csv
2025-11-29 06:00:00,59190.783333,89882.541667,KPX_public_sukub_csv
2025-11-29 07:00:00,60433.008333,90088.366667,KPX_public_sukub_csv
2025-11-29 08:00:00,59328.766667,89708.558333,KPX_public_sukub_csv
2025-11-29 09:00:00,55924.325,91125.708333,KPX_public_sukub_csv
2025-11-29 10:00:00,52941.316667,92336.333333,KPX_public_sukub_csv
2025-11-29 11:00:00,50608.516667,92585.283333,KPX_public_sukub_csv
2025-11-29 12:00:00,48905.3,91199.175,KPX_public_sukub_csv
2025-11-29 13:00:00,50038.658333,90990.116667,KPX_public_sukub_csv
2025-11-29 14:00:00,52161.916667,90339.15,KPX_public_sukub_csv
2025-11-29 15:00:00,55661.016667,89155.216667,KPX_public_sukub_csv
2025-11-29 16:00:00,59368.625,87572.591667,KPX_public_sukub_csv
2025-11-29 17:00:00,62011.966667,88262.325,KPX_public_sukub_csv
2025-11-29 18:00:00,62592.758333,88726.783333,KPX_public_sukub_csv
2025-11-29 19:00:00,61921.375,88743.758333,KPX_public_sukub_csv
2025-11-29 20:00:00,60905.408333,89262.116667,KPX_public_sukub_csv
2025-11-29 21:00:00,59698.091667,89030.716667,KPX_public_sukub_csv
2025-11-29 22:00:00,59491.208333,88652.683333,KPX_public_sukub_csv
2025-11-29 23:00:00,59116.509091,87875.481818,KPX_public_sukub_csv
2025-11-30 00:00:00,55718.416667,88398.875,KPX_public_sukub_csv
2025-11-30 01:00:00,53113.033333,88310.9,KPX_public_sukub_csv
2025-11-30 02:00:00,51675.325,88264.466667,KPX_public_sukub_csv
2025-11-30 03:00:00,50982.4,88286.008333,KPX_public_sukub_csv
2025-11-30 04:00:00,51101.608333,88276.408333,KPX_public_sukub_csv
2025-11-30 05:00:00,52136.791667,88298.333333,KPX_public_sukub_csv
2025-11-30 06:00:00,53447.225,88248.391667,KPX_public_sukub_csv
2025-11-30 07:00:00,53997.366667,88249.583333,KPX_public_sukub_csv
2025-11-30 08:00:00,52938.65,87909.891667,KPX_public_sukub_csv
2025-11-30 09:00:00,49960.491667,89220.133333,KPX_public_sukub_csv
2025-11-30 10:00:00,47449.175,89979.516667,KPX_public_sukub_csv
2025-11-30 11:00:00,45168.108333,90558.925,KPX_public_sukub_csv
2025-11-30 12:00:00,44046.916667,90864.966667,KPX_public_sukub_csv
2025-11-30 13:00:00,44873.675,90569.141667,KPX_public_sukub_csv
2025-11-30 14:00:00,47337.225,90869.166667,KPX_public_sukub_csv
2025-11-30 15:00:00,51534.791667,90609.275,KPX_public_sukub_csv
2025-11-30 16:00:00,55634.558333,89825.041667,KPX_public_sukub_csv
2025-11-30 17:00:00,59397.833333,90560.658333,KPX_public_sukub_csv
2025-11-30 18:00:00,60433.975,91137.733333,KPX_public_sukub_csv
2025-11-30 19:00:00,60088.833333,91831.95,KPX_public_sukub_csv
2025-11-30 20:00:00,59457.116667,91677.258333,KPX_public_sukub_csv
2025-11-30 21:00:00,58577.308333,91096.266667,KPX_public_sukub_csv
2025-11-30 22:00:00,57952.591667,91781.483333,KPX_public_sukub_csv
2025-11-30 23:00:00,56713.125,92149.833333,KPX_public_sukub_csv
2025-12-01 00:00:00,53792.758333,91959.133333,KPX_public_sukub_csv
2025-12-01 01:00:00,51573.225,91927.533333,KPX_public_sukub_csv
2025-12-01 02:00:00,50260.016667,91823.691667,KPX_public_sukub_csv
2025-12-01 03:00:00,49985.475,92271.025,KPX_public_sukub_csv
2025-12-01 04:00:00,50955.075,93416.241667,KPX_public_sukub_csv
2025-12-01 05:00:00,53401.8,93916.008333,KPX_public_sukub_csv
2025-12-01 06:00:00,58081.675,94014.05,KPX_public_sukub_csv
2025-12-01 07:00:00,64923.066667,94115.791667,KPX_public_sukub_csv
2025-12-01 08:00:00,70774.0,94300.636364,KPX_public_sukub_csv
2025-12-01 09:00:00,69056.675,94872.208333,KPX_public_sukub_csv
2025-12-01 10:00:00,65466.566667,95820.75,KPX_public_sukub_csv
2025-12-01 11:00:00,62026.625,96654.441667,KPX_public_sukub_csv
2025-12-01 12:00:00,57690.9,97440.925,KPX_public_sukub_csv
2025-12-01 13:00:00,60881.425,97779.225,KPX_public_sukub_csv
2025-12-01 14:00:00,64168.616667,97491.941667,KPX_public_sukub_csv
2025-12-01 15:00:00,68271.266667,96820.55,KPX_public_sukub_csv
2025-12-01 16:00:00,72812.85,95961.375,KPX_public_sukub_csv
2025-12-01 17:00:00,74428.381818,95993.236364,KPX_public_sukub_csv
2025-12-01 18:00:00,73530.8,97069.758333,KPX_public_sukub_csv
2025-12-01 19:00:00,72189.641667,97812.566667,KPX_public_sukub_csv
2025-12-01 20:00:00,69733.966667,97538.575,KPX_public_sukub_csv
2025-12-01 21:00:00,67585.075,97025.641667,KPX_public_sukub_csv
2025-12-01 22:00:00,66677.6,96928.633333,KPX_public_sukub_csv
2025-12-01 23:00:00,65580.418182,97140.990909,KPX_public_sukub_csv
2025-12-02 00:00:00,61566.908333,97902.708333,KPX_public_sukub_csv
2025-12-02 01:00:00,59201.816667,98095.75,KPX_public_sukub_csv
2025-12-02 02:00:00,57784.075,98199.65,KPX_public_sukub_csv
2025-12-02 03:00:00,57238.908333,98152.866667,KPX_public_sukub_csv
2025-12-02 04:00:00,57735.566667,98205.533333,KPX_public_sukub_csv
2025-12-02 05:00:00,59564.591667,98657.783333,KPX_public_sukub_csv
2025-12-02 06:00:00,63470.108333,99068.625,KPX_public_sukub_csv
2025-12-02 07:00:00,69549.733333,99105.933333,KPX_public_sukub_csv
2025-12-02 08:00:00,75214.3,100594.516667,KPX_public_sukub_csv
2025-12-02 09:00:00,73679.8,101435.916667,KPX_public_sukub_csv
2025-12-02 10:00:00,69456.472727,102973.181818,KPX_public_sukub_csv
2025-12-02 11:00:00,66294.391667,104200.166667,KPX_public_sukub_csv
2025-12-02 12:00:00,62860.266667,104512.666667,KPX_public_sukub_csv
2025-12-02 13:00:00,66884.958333,104089.75,KPX_public_sukub_csv
2025-12-02 14:00:00,69855.016667,103387.0,KPX_public_sukub_csv
2025-12-02 15:00:00,73243.7,101936.0,KPX_public_sukub_csv
2025-12-02 16:00:00,77096.608333,101153.333333,KPX_public_sukub_csv
2025-12-02 17:00:00,78404.533333,100734.833333,KPX_public_sukub_csv
2025-12-02 18:00:00,77286.191667,101679.333333,KPX_public_sukub_csv
2025-12-02 19:00:00,75601.758333,101501.158333,KPX_public_sukub_csv
2025-12-02 20:00:00,72955.975,101588.083333,KPX_public_sukub_csv
2025-12-02 21:00:00,70355.775,101296.666667,KPX_public_sukub_csv
2025-12-02 22:00:00,69728.408333,100182.583333,KPX_public_sukub_csv
2025-12-02 23:00:00,68516.5,100204.0,KPX_public_sukub_csv
2025-12-03 00:00:00,64623.6,101097.25,KPX_public_sukub_csv
2025-12-03 01:00:00,62111.883333,101226.333333,KPX_public_sukub_csv
2025-12-03 02:00:00,60642.433333,101173.5,KPX_public_sukub_csv
2025-12-03 03:00:00,60135.416667,101186.666667,KPX_public_sukub_csv
2025-12-03 04:00:00,60481.016667,101247.583333,KPX_public_sukub_csv
2025-12-03 05:00:00,62466.158333,101310.333333,KPX_public_sukub_csv
2025-12-03 06:00:00,66605.733333,101276.833333,KPX_public_sukub_csv
2025-12-03 07:00:00,72970.0,101883.090909,KPX_public_sukub_csv
2025-12-03 08:00:00,78898.008333,101771.583333,KPX_public_sukub_csv
2025-12-03 09:00:00,77947.25,103140.25,KPX_public_sukub_csv
2025-12-03 10:00:00,74418.525,104719.0,KPX_public_sukub_csv
2025-12-03 11:00:00,71021.233333,105022.416667,KPX_public_sukub_csv
2025-12-03 12:00:00,67625.833333,104967.166667,KPX_public_sukub_csv
2025-12-03 13:00:00,71789.6,105247.25,KPX_public_sukub_csv
2025-12-03 14:00:00,74291.925,104417.166667,KPX_public_sukub_csv
2025-12-03 15:00:00,77970.283333,103298.75,KPX_public_sukub_csv
2025-12-03 16:00:00,82215.541667,102344.75,KPX_public_sukub_csv
2025-12-03 17:00:00,82741.841667,102547.25,KPX_public_sukub_csv
2025-12-03 18:00:00,80900.025,102637.833333,KPX_public_sukub_csv
2025-12-03 19:00:00,78881.05,102459.166667,KPX_public_sukub_csv
2025-12-03 20:00:00,75981.083333,102177.083333,KPX_public_sukub_csv
2025-12-03 21:00:00,73281.791667,101933.916667,KPX_public_sukub_csv
2025-12-03 22:00:00,72288.616667,101775.416667,KPX_public_sukub_csv
2025-12-03 23:00:00,70968.95,101729.833333,KPX_public_sukub_csv
2025-12-04 00:00:00,67236.591667,101810.25,KPX_public_sukub_csv
2025-12-04 01:00:00,64784.808333,101752.416667,KPX_public_sukub_csv
2025-12-04 02:00:00,63052.891667,101715.083333,KPX_public_sukub_csv
2025-12-04 03:00:00,62467.991667,101741.916667,KPX_public_sukub_csv
2025-12-04 04:00:00,62746.791667,101713.083333,KPX_public_sukub_csv
2025-12-04 05:00:00,64615.083333,101672.583333,KPX_public_sukub_csv
2025-12-04 06:00:00,68716.691667,102040.916667,KPX_public_sukub_csv
2025-12-04 07:00:00,75441.091667,102406.416667,KPX_public_sukub_csv
2025-12-04 08:00:00,81762.408333,102141.666667,KPX_public_sukub_csv
2025-12-04 09:00:00,80795.783333,103083.916667,KPX_public_sukub_csv
2025-12-04 10:00:00,77334.666667,104164.916667,KPX_public_sukub_csv
2025-12-04 11:00:00,73257.041667,104776.083333,KPX_public_sukub_csv
2025-12-04 12:00:00,68204.133333,105314.75,KPX_public_sukub_csv
2025-12-04 13:00:00,71271.191667,105014.833333,KPX_public_sukub_csv
2025-12-04 14:00:00,74249.025,104138.25,KPX_public_sukub_csv
2025-12-04 15:00:00,77542.15,102612.166667,KPX_public_sukub_csv
2025-12-04 16:00:00,81310.808333,101353.916667,KPX_public_sukub_csv
2025-12-04 17:00:00,82232.383333,101733.333333,KPX_public_sukub_csv
2025-12-04 18:00:00,80423.7,101786.0,KPX_public_sukub_csv
2025-12-04 19:00:00,78155.775,101673.333333,KPX_public_sukub_csv
2025-12-04 20:00:00,75119.025,101512.583333,KPX_public_sukub_csv
2025-12-04 21:00:00,72368.966667,101611.083333,KPX_public_sukub_csv
2025-12-04 22:00:00,71268.266667,101748.166667,KPX_public_sukub_csv
2025-12-04 23:00:00,70310.5,101794.363636,KPX_public_sukub_csv
2025-12-05 00:00:00,66517.825,101365.833333,KPX_public_sukub_csv
2025-12-05 01:00:00,64053.866667,101482.333333,KPX_public_sukub_csv
2025-12-05 02:00:00,62581.075,101022.833333,KPX_public_sukub_csv
2025-12-05 03:00:00,61967.25,100887.333333,KPX_public_sukub_csv
2025-12-05 04:00:00,62264.65,100877.0,KPX_public_sukub_csv
2025-12-05 05:00:00,64014.558333,100615.333333,KPX_public_sukub_csv
2025-12-05 06:00:00,68104.008333,100663.0,KPX_public_sukub_csv
2025-12-05 07:00:00,74513.5,100841.666667,KPX_public_sukub_csv
2025-12-05 08:00:00,80846.516667,101022.333333,KPX_public_sukub_csv
2025-12-05 09:00:00,80285.325,101214.25,KPX_public_sukub_csv
2025-12-05 10:00:00,76984.758333,102863.0,KPX_public_sukub_csv
2025-12-05 11:00:00,73232.733333,104640.75,KPX_public_sukub_csv
2025-12-05 12:00:00,67878.125,104880.666667,KPX_public_sukub_csv
2025-12-05 13:00:00,70102.833333,104905.083333,KPX_public_sukub_csv
2025-12-05 14:00:00,72297.983333,104305.333333,KPX_public_sukub_csv
2025-12-05 15:00:00,75710.975,102416.416667,KPX_public_sukub_csv
2025-12-05 16:00:00,79503.291667,100983.583333,KPX_public_sukub_csv
2025-12-05 17:00:00,80292.358333,101228.583333,KPX_public_sukub_csv
2025-12-05 18:00:00,78342.258333,102433.083333,KPX_public_sukub_csv
2025-12-05 19:00:00,76513.4,103067.75,KPX_public_sukub_csv
2025-12-05 20:00:00,74071.641667,102195.833333,KPX_public_sukub_csv
2025-12-05 21:00:00,71784.341667,101694.25,KPX_public_sukub_csv
2025-12-05 22:00:00,70864.091667,101529.0,KPX_public_sukub_csv
2025-12-05 23:00:00,69959.309091,101503.636364,KPX_public_sukub_csv
2025-12-06 00:00:00,65948.533333,95576.1,KPX_public_sukub_csv
2025-12-06 01:00:00,63156.833333,95130.791667,KPX_public_sukub_csv
2025-12-06 02:00:00,61512.841667,93858.05,KPX_public_sukub_csv
2025-12-06 03:00:00,60512.266667,93502.383333,KPX_public_sukub_csv
2025-12-06 04:00:00,60402.383333,93235.091667,KPX_public_sukub_csv
2025-12-06 05:00:00,61066.691667,93014.633333,KPX_public_sukub_csv
2025-12-06 06:00:00,62711.3,92767.9,KPX_public_sukub_csv
2025-12-06 07:00:00,64315.641667,92726.0,KPX_public_sukub_csv
2025-12-06 08:00:00,64151.816667,92608.458333,KPX_public_sukub_csv
2025-12-06 09:00:00,61187.083333,93639.883333,KPX_public_sukub_csv
2025-12-06 10:00:00,58838.783333,94897.025,KPX_public_sukub_csv
2025-12-06 11:00:00,57195.2,94638.675,KPX_public_sukub_csv
2025-12-06 12:00:00,55723.091667,95326.366667,KPX_public_sukub_csv
2025-12-06 13:00:00,57792.458333,94966.133333,KPX_public_sukub_csv
2025-12-06 14:00:00,60165.066667,94740.058333,KPX_public_sukub_csv
2025-12-06 15:00:00,62365.275,94522.466667,KPX_public_sukub_csv
2025-12-06 16:00:00,64651.216667,93786.766667,KPX_public_sukub_csv
2025-12-06 17:00:00,66442.091667,94183.291667,KPX_public_sukub_csv
2025-12-06 18:00:00,66964.4,95155.725,KPX_public_sukub_csv
2025-12-06 19:00:00,66157.716667,95034.891667,KPX_public_sukub_csv
2025-12-06 20:00:00,65054.6,94624.925,KPX_public_sukub_csv
2025-12-06 21:00:00,63636.433333,94294.458333,KPX_public_sukub_csv
2025-12-06 22:00:00,63415.908333,94090.025,KPX_public_sukub_csv
2025-12-06 23:00:00,62844.9,94045.325,KPX_public_sukub_csv
2025-12-07 00:00:00,59797.166667,96475.35,KPX_public_sukub_csv
2025-12-07 01:00:00,57326.675,96455.666667,KPX_public_sukub_csv
2025-12-07 02:00:00,55675.158333,96333.6,KPX_public_sukub_csv
2025-12-07 03:00:00,54503.866667,95585.383333,KPX_public_sukub_csv
2025-12-07 04:00:00,54305.1,95734.791667,KPX_public_sukub_csv
2025-12-07 05:00:00,55139.516667,95891.508333,KPX_public_sukub_csv
2025-12-07 06:00:00,56402.516667,95840.266667,KPX_public_sukub_csv
2025-12-07 07:00:00,57435.125,95647.008333,KPX_public_sukub_csv
2025-12-07 08:00:00,56839.833333,94845.416667,KPX_public_sukub_csv
2025-12-07 09:00:00,54141.458333,95758.858333,KPX_public_sukub_csv
2025-12-07 10:00:00,51793.25,95281.425,KPX_public_sukub_csv
2025-12-07 11:00:00,49513.658333,95546.575,KPX_public_sukub_csv
2025-12-07 12:00:00,48859.55,95675.733333,KPX_public_sukub_csv
2025-12-07 13:00:00,49763.883333,94971.033333,KPX_public_sukub_csv
2025-12-07 14:00:00,52028.766667,94187.683333,KPX_public_sukub_csv
2025-12-07 15:00:00,55739.809091,95583.363636,KPX_public_sukub_csv
2025-12-07 16:00:00,59264.025,96335.041667,KPX_public_sukub_csv
2025-12-07 17:00:00,62872.425,97386.141667,KPX_public_sukub_csv
2025-12-07 18:00:00,63960.816667,97576.625,KPX_public_sukub_csv
2025-12-07 19:00:00,63266.241667,97417.183333,KPX_public_sukub_csv
2025-12-07 20:00:00,62486.766667,96649.333333,KPX_public_sukub_csv
2025-12-07 21:00:00,61252.8,96311.75,KPX_public_sukub_csv
2025-12-07 22:00:00,60676.2,96426.858333,KPX_public_sukub_csv
2025-12-07 23:00:00,59589.825,96501.45,KPX_public_sukub_csv
2025-12-08 00:00:00,56789.525,97749.575,KPX_public_sukub_csv
2025-12-08 01:00:00,54412.033333,97975.8,KPX_public_sukub_csv
2025-12-08 02:00:00,53182.691667,98095.475,KPX_public_sukub_csv
2025-12-08 03:00:00,52763.108333,98274.358333,KPX_public_sukub_csv
2025-12-08 04:00:00,53678.491667,98914.133333,KPX_public_sukub_csv
2025-12-08 05:00:00,56158.775,99043.558333,KPX_public_sukub_csv
2025-12-08 06:00:00,61112.625,100219.208333,KPX_public_sukub_csv
2025-12-08 07:00:00,68662.708333,100137.083333,KPX_public_sukub_csv
2025-12-08 08:00:00,75978.541667,100073.091667,KPX_public_sukub_csv
2025-12-08 09:00:00,74956.308333,101137.75,KPX_public_sukub_csv
2025-12-08 10:00:00,70778.025,102058.416667,KPX_public_sukub_csv
2025-12-08 11:00:00,66923.241667,103185.666667,KPX_public_sukub_csv
2025-12-08 12:00:00,62638.716667,103543.75,KPX_public_sukub_csv
2025-12-08 13:00:00,65863.458333,104643.833333,KPX_public_sukub_csv
2025-12-08 14:00:00,69066.283333,105179.833333,KPX_public_sukub_csv
2025-12-08 15:00:00,73050.375,105246.916667,KPX_public_sukub_csv
2025-12-08 16:00:00,77553.55,103901.75,KPX_public_sukub_csv
2025-12-08 17:00:00,78897.3,103706.363636,KPX_public_sukub_csv
2025-12-08 18:00:00,77493.7,103955.416667,KPX_public_sukub_csv
2025-12-08 19:00:00,75807.808333,104016.416667,KPX_public_sukub_csv
2025-12-08 20:00:00,73026.408333,103744.666667,KPX_public_sukub_csv
2025-12-08 21:00:00,70439.533333,102535.833333,KPX_public_sukub_csv
2025-12-08 22:00:00,69752.316667,102164.25,KPX_public_sukub_csv
2025-12-08 23:00:00,68465.65,102145.0,KPX_public_sukub_csv
2025-12-09 00:00:00,64661.890909,102971.636364,KPX_public_sukub_csv
2025-12-09 01:00:00,62313.941667,103137.333333,KPX_public_sukub_csv
2025-12-09 02:00:00,60864.983333,103174.416667,KPX_public_sukub_csv
2025-12-09 03:00:00,60393.841667,103193.333333,KPX_public_sukub_csv
2025-12-09 04:00:00,60859.941667,103194.916667,KPX_public_sukub_csv
2025-12-09 05:00:00,62921.25,102964.583333,KPX_public_sukub_csv
2025-12-09 06:00:00,67164.533333,102717.75,KPX_public_sukub_csv
2025-12-09 07:00:00,73851.216667,102853.833333,KPX_public_sukub_csv
2025-12-09 08:00:00,79632.036364,104105.636364,KPX_public_sukub_csv
2025-12-09 09:00:00,77718.291667,105523.666667,KPX_public_sukub_csv
2025-12-09 10:00:00,73580.975,106260.833333,KPX_public_sukub_csv
2025-12-09 11:00:00,69326.9,106946.666667,KPX_public_sukub_csv
2025-12-09 12:00:00,64544.127273,107107.181818,KPX_public_sukub_csv
2025-12-09 13:00:00,67447.233333,107199.5,KPX_public_sukub_csv
2025-12-09 14:00:00,70392.708333,106733.166667,KPX_public_sukub_csv
2025-12-09 15:00:00,74303.075,105147.583333,KPX_public_sukub_csv
2025-12-09 16:00:00,77266.116667,103871.666667,KPX_public_sukub_csv
2025-12-09 17:00:00,78172.925,103833.666667,KPX_public_sukub_csv
2025-12-09 18:00:00,77687.175,104041.0,KPX_public_sukub_csv
2025-12-09 19:00:00,76206.291667,104116.833333,KPX_public_sukub_csv
2025-12-09 20:00:00,73482.341667,103879.5,KPX_public_sukub_csv
2025-12-09 21:00:00,70739.9,103314.583333,KPX_public_sukub_csv
2025-12-09 22:00:00,69691.641667,101782.833333,KPX_public_sukub_csv
2025-12-09 23:00:00,68562.4,101425.75,KPX_public_sukub_csv
2025-12-10 00:00:00,64702.558333,101177.166667,KPX_public_sukub_csv
2025-12-10 01:00:00,62225.625,101172.416667,KPX_public_sukub_csv
2025-12-10 02:00:00,60760.416667,101133.666667,KPX_public_sukub_csv
2025-12-10 03:00:00,60161.175,101154.166667,KPX_public_sukub_csv
2025-12-10 04:00:00,60602.85,101215.916667,KPX_public_sukub_csv
2025-12-10 05:00:00,62589.125,101292.666667,KPX_public_sukub_csv
2025-12-10 06:00:00,66526.083333,101447.583333,KPX_public_sukub_csv
2025-12-10 07:00:00,72665.091667,102185.916667,KPX_public_sukub_csv
2025-12-10 08:00:00,78597.391667,102474.416667,KPX_public_sukub_csv
2025-12-10 09:00:00,78581.775,102990.416667,KPX_public_sukub_csv
2025-12-10 10:00:00,75343.241667,103417.333333,KPX_public_sukub_csv
2025-12-10 11:00:00,71478.383333,104052.333333,KPX_public_sukub_csv
2025-12-10 12:00:00,67117.941667,103670.666667,KPX_public_sukub_csv
2025-12-10 13:00:00,70091.933333,103559.833333,KPX_public_sukub_csv
2025-12-10 14:00:00,72683.1,102857.916667,KPX_public_sukub_csv
2025-12-10 15:00:00,75308.608333,101944.083333,KPX_public_sukub_csv
2025-12-10 16:00:00,76192.083333,101483.666667,KPX_public_sukub_csv
2025-12-10 17:00:00,76097.258333,101620.416667,KPX_public_sukub_csv
2025-12-10 18:00:00,75496.808333,101823.916667,KPX_public_sukub_csv
2025-12-10 19:00:00,74220.5,101844.916667,KPX_public_sukub_csv
2025-12-10 20:00:00,71744.133333,101586.916667,KPX_public_sukub_csv
2025-12-10 21:00:00,69275.733333,100696.583333,KPX_public_sukub_csv
2025-12-10 22:00:00,68579.008333,100639.833333,KPX_public_sukub_csv
2025-12-10 23:00:00,67378.354545,100561.545455,KPX_public_sukub_csv
2025-12-11 00:00:00,63408.883333,98362.408333,KPX_public_sukub_csv
2025-12-11 01:00:00,60743.408333,98303.966667,KPX_public_sukub_csv
2025-12-11 02:00:00,59383.233333,99486.058333,KPX_public_sukub_csv
2025-12-11 03:00:00,58826.591667,99782.75,KPX_public_sukub_csv
2025-12-11 04:00:00,59113.925,99793.45,KPX_public_sukub_csv
2025-12-11 05:00:00,60954.683333,99753.366667,KPX_public_sukub_csv
2025-12-11 06:00:00,64655.816667,99684.291667,KPX_public_sukub_csv
2025-12-11 07:00:00,70813.033333,100038.233333,KPX_public_sukub_csv
2025-12-11 08:00:00,77449.616667,100700.333333,KPX_public_sukub_csv
2025-12-11 09:00:00,78675.416667,101287.916667,KPX_public_sukub_csv
2025-12-11 10:00:00,76279.575,102256.416667,KPX_public_sukub_csv
2025-12-11 11:00:00,74082.975,102571.416667,KPX_public_sukub_csv
2025-12-11 12:00:00,69775.533333,102587.416667,KPX_public_sukub_csv
2025-12-11 13:00:00,71265.158333,102942.083333,KPX_public_sukub_csv
2025-12-11 14:00:00,71342.9,103011.5,KPX_public_sukub_csv
2025-12-11 15:00:00,73245.875,102681.166667,KPX_public_sukub_csv
2025-12-11 16:00:00,76560.666667,102145.916667,KPX_public_sukub_csv
2025-12-11 17:00:00,77732.3,102194.666667,KPX_public_sukub_csv
2025-12-11 18:00:00,76791.875,102143.083333,KPX_public_sukub_csv
2025-12-11 19:00:00,75351.475,102407.75,KPX_public_sukub_csv
2025-12-11 20:00:00,72950.808333,102369.333333,KPX_public_sukub_csv
2025-12-11 21:00:00,70699.0,102278.916667,KPX_public_sukub_csv
2025-12-11 22:00:00,69881.641667,102202.5,KPX_public_sukub_csv
2025-12-11 23:00:00,68934.845455,102205.363636,KPX_public_sukub_csv
2025-12-12 00:00:00,65176.058333,103429.5,KPX_public_sukub_csv
2025-12-12 01:00:00,62641.958333,103607.916667,KPX_public_sukub_csv
2025-12-12 02:00:00,61184.65,102673.666667,KPX_public_sukub_csv
2025-12-12 03:00:00,60619.133333,102524.666667,KPX_public_sukub_csv
2025-12-12 04:00:00,60905.158333,102438.916667,KPX_public_sukub_csv
2025-12-12 05:00:00,62777.833333,102483.083333,KPX_public_sukub_csv
2025-12-12 06:00:00,66692.983333,102170.0,KPX_public_sukub_csv
2025-12-12 07:00:00,73010.758333,102848.583333,KPX_public_sukub_csv
2025-12-12 08:00:00,78718.15,103445.0,KPX_public_sukub_csv
2025-12-12 09:00:00,76970.55,105331.5,KPX_public_sukub_csv
2025-12-12 10:00:00,72734.875,107073.083333,KPX_public_sukub_csv
2025-12-12 11:00:00,68946.383333,107964.75,KPX_public_sukub_csv
2025-12-12 12:00:00,64720.308333,106940.166667,KPX_public_sukub_csv
2025-12-12 13:00:00,67365.508333,106722.666667,KPX_public_sukub_csv
2025-12-12 14:00:00,70332.183333,107011.75,KPX_public_sukub_csv
2025-12-12 15:00:00,73371.625,105813.666667,KPX_public_sukub_csv
2025-12-12 16:00:00,76098.966667,104310.416667,KPX_public_sukub_csv
2025-12-12 17:00:00,76435.781818,104377.818182,KPX_public_sukub_csv
2025-12-12 18:00:00,74970.783333,105033.666667,KPX_public_sukub_csv
2025-12-12 19:00:00,73433.6,105139.916667,KPX_public_sukub_csv
2025-12-12 20:00:00,71340.725,104766.25,KPX_public_sukub_csv
2025-12-12 21:00:00,69072.05,103537.333333,KPX_public_sukub_csv
2025-12-12 22:00:00,68440.733333,103119.916667,KPX_public_sukub_csv
2025-12-12 23:00:00,67482.191667,102848.0,KPX_public_sukub_csv
2025-12-13 00:00:00,63900.883333,98972.275,KPX_public_sukub_csv
2025-12-13 01:00:00,61028.866667,98618.458333,KPX_public_sukub_csv
2025-12-13 02:00:00,59280.083333,98864.183333,KPX_public_sukub_csv
2025-12-13 03:00:00,58207.291667,98859.316667,KPX_public_sukub_csv
2025-12-13 04:00:00,58202.266667,98850.491667,KPX_public_sukub_csv
2025-12-13 05:00:00,58990.45,98974.1,KPX_public_sukub_csv
2025-12-13 06:00:00,60488.536364,99372.336364,KPX_public_sukub_csv
2025-12-13 07:00:00,62042.891667,99002.666667,KPX_public_sukub_csv
2025-12-13 08:00:00,63230.433333,97744.683333,KPX_public_sukub_csv
2025-12-13 09:00:00,63830.1,97602.366667,KPX_public_sukub_csv
2025-12-13 10:00:00,63983.641667,97985.2,KPX_public_sukub_csv
2025-12-13 11:00:00,63464.15,98124.083333,KPX_public_sukub_csv
2025-12-13 12:00:00,63031.166667,97701.566667,KPX_public_sukub_csv
2025-12-13 13:00:00,64654.808333,97374.941667,KPX_public_sukub_csv
2025-12-13 14:00:00,65343.45,97097.641667,KPX_public_sukub_csv
2025-12-13 15:00:00,65789.883333,97133.916667,KPX_public_sukub_csv
2025-12-13 16:00:00,66542.983333,97858.958333,KPX_public_sukub_csv
2025-12-13 17:00:00,67269.066667,98150.208333,KPX_public_sukub_csv
2025-12-13 18:00:00,67232.963636,98309.590909,KPX_public_sukub_csv
2025-12-13 19:00:00,66309.5,98343.916667,KPX_public_sukub_csv
2025-12-13 20:00:00,65263.575,98590.491667,KPX_public_sukub_csv
2025-12-13 21:00:00,63677.341667,98680.416667,KPX_public_sukub_csv
2025-12-13 22:00:00,63611.916667,98909.25,KPX_public_sukub_csv
2025-12-13 23:00:00,63226.027273,99258.727273,KPX_public_sukub_csv
2025-12-14 00:00:00,59892.44,99619.51,KPX_public_sukub_csv
2025-12-14 01:00:00,57438.841667,99652.6,KPX_public_sukub_csv
2025-12-14 02:00:00,55902.916667,99501.766667,KPX_public_sukub_csv
2025-12-14 03:00:00,55033.7,99513.075,KPX_public_sukub_csv
2025-12-14 04:00:00,55185.95,99565.95,KPX_public_sukub_csv
2025-12-14 05:00:00,55883.775,99748.35,KPX_public_sukub_csv
2025-12-14 06:00:00,57135.683333,99668.441667,KPX_public_sukub_csv
2025-12-14 07:00:00,58359.345455,99656.3,KPX_public_sukub_csv
2025-12-14 08:00:00,59531.916667,99062.4,KPX_public_sukub_csv
2025-12-14 09:00:00,59557.018182,98729.745455,KPX_public_sukub_csv
2025-12-14 10:00:00,59012.091667,99377.133333,KPX_public_sukub_csv
2025-12-14 11:00:00,57292.866667,99852.316667,KPX_public_sukub_csv
2025-12-14 12:00:00,56080.683333,99846.5,KPX_public_sukub_csv
2025-12-14 13:00:00,56448.575,99592.008333,KPX_public_sukub_csv
2025-12-14 14:00:00,57257.336364,99219.0,KPX_public_sukub_csv
2025-12-14 15:00:00,59155.009091,99417.854545,KPX_public_sukub_csv
2025-12-14 16:00:00,62150.833333,100313.466667,KPX_public_sukub_csv
2025-12-14 17:00:00,65772.558333,101128.25,KPX_public_sukub_csv
2025-12-14 18:00:00,66840.058333,102285.416667,KPX_public_sukub_csv
2025-12-14 19:00:00,66312.908333,102216.416667,KPX_public_sukub_csv
2025-12-14 20:00:00,65292.35,102078.25,KPX_public_sukub_csv
2025-12-14 21:00:00,64019.283333,102020.75,KPX_public_sukub_csv
2025-12-14 22:00:00,63296.825,101932.416667,KPX_public_sukub_csv
2025-12-14 23:00:00,62524.266667,101844.25,KPX_public_sukub_csv
2025-12-15 00:00:00,59726.063636,101746.727273,KPX_public_sukub_csv
2025-12-15 01:00:00,57227.666667,101658.833333,KPX_public_sukub_csv
2025-12-15 02:00:00,55946.141667,101589.083333,KPX_public_sukub_csv
2025-12-15 03:00:00,55856.958333,101646.25,KPX_public_sukub_csv
2025-12-15 04:00:00,56621.666667,102383.083333,KPX_public_sukub_csv
2025-12-15 05:00:00,58970.316667,102743.416667,KPX_public_sukub_csv
2025-12-15 06:00:00,63977.85,103558.833333,KPX_public_sukub_csv
2025-12-15 07:00:00,71904.066667,103082.416667,KPX_public_sukub_csv
2025-12-15 08:00:00,80082.575,103097.833333,KPX_public_sukub_csv
2025-12-15 09:00:00,81344.7,104307.666667,KPX_public_sukub_csv
2025-12-15 10:00:00,79012.416667,105405.75,KPX_public_sukub_csv
2025-12-15 11:00:00,75703.808333,106026.083333,KPX_public_sukub_csv
2025-12-15 12:00:00,71203.983333,105697.416667,KPX_public_sukub_csv
2025-12-15 13:00:00,73917.641667,105815.166667,KPX_public_sukub_csv
2025-12-15 14:00:00,75853.25,105571.0,KPX_public_sukub_csv
2025-12-15 15:00:00,78077.533333,104382.583333,KPX_public_sukub_csv
2025-12-15 16:00:00,80316.366667,103752.0,KPX_public_sukub_csv
2025-12-15 17:00:00,80249.241667,103427.083333,KPX_public_sukub_csv
2025-12-15 18:00:00,78902.2,104004.75,KPX_public_sukub_csv
2025-12-15 19:00:00,76920.333333,104032.0,KPX_public_sukub_csv
2025-12-15 20:00:00,73896.125,104229.25,KPX_public_sukub_csv
2025-12-15 21:00:00,71284.2,104252.0,KPX_public_sukub_csv
2025-12-15 22:00:00,70080.016667,103238.416667,KPX_public_sukub_csv
2025-12-15 23:00:00,68742.2,103217.833333,KPX_public_sukub_csv
2025-12-16 00:00:00,64791.9,102633.333333,KPX_public_sukub_csv
2025-12-16 01:00:00,62143.008333,102541.0,KPX_public_sukub_csv
2025-12-16 02:00:00,60622.025,102745.833333,KPX_public_sukub_csv
2025-12-16 03:00:00,60061.208333,102492.083333,KPX_public_sukub_csv
2025-12-16 04:00:00,60435.558333,101787.416667,KPX_public_sukub_csv
2025-12-16 05:00:00,62269.483333,101581.5,KPX_public_sukub_csv
2025-12-16 06:00:00,66334.375,102056.5,KPX_public_sukub_csv
2025-12-16 07:00:00,72791.858333,102544.75,KPX_public_sukub_csv
2025-12-16 08:00:00,80157.558333,102269.083333,KPX_public_sukub_csv
2025-12-16 09:00:00,82296.116667,101781.083333,KPX_public_sukub_csv
2025-12-16 10:00:00,81644.566667,101962.5,KPX_public_sukub_csv
2025-12-16 11:00:00,80111.533333,101779.75,KPX_public_sukub_csv
2025-12-16 12:00:00,77087.291667,101066.416667,KPX_public_sukub_csv
2025-12-16 13:00:00,80476.75,101297.583333,KPX_public_sukub_csv
2025-12-16 14:00:00,81526.6,101160.333333,KPX_public_sukub_csv
2025-12-16 15:00:00,81550.563636,100765.727273,KPX_public_sukub_csv
2025-12-16 16:00:00,81491.441667,100801.833333,KPX_public_sukub_csv
2025-12-16 17:00:00,80068.591667,101158.166667,KPX_public_sukub_csv
2025-12-16 18:00:00,77692.616667,101513.666667,KPX_public_sukub_csv
2025-12-16 19:00:00,75538.925,102236.666667,KPX_public_sukub_csv
2025-12-16 20:00:00,72974.216667,102783.666667,KPX_public_sukub_csv
2025-12-16 21:00:00,70502.125,102731.583333,KPX_public_sukub_csv
2025-12-16 22:00:00,69238.5,102750.545455,KPX_public_sukub_csv
2025-12-16 23:00:00,68000.966667,102838.75,KPX_public_sukub_csv
2025-12-17 00:00:00,64213.233333,100753.416667,KPX_public_sukub_csv
2025-12-17 01:00:00,61422.15,100600.75,KPX_public_sukub_csv
2025-12-17 02:00:00,59587.066667,99352.766667,KPX_public_sukub_csv
2025-12-17 03:00:00,58811.825,99485.708333,KPX_public_sukub_csv
2025-12-17 04:00:00,59266.691667,99641.8,KPX_public_sukub_csv
2025-12-17 05:00:00,60873.6,99775.891667,KPX_public_sukub_csv
2025-12-17 06:00:00,64936.508333,99789.4,KPX_public_sukub_csv
2025-12-17 07:00:00,71202.458333,101121.916667,KPX_public_sukub_csv
2025-12-17 08:00:00,77615.758333,100716.083333,KPX_public_sukub_csv
2025-12-17 09:00:00,77254.666667,101440.416667,KPX_public_sukub_csv
2025-12-17 10:00:00,74058.225,102687.333333,KPX_public_sukub_csv
2025-12-17 11:00:00,70816.0,103532.666667,KPX_public_sukub_csv
2025-12-17 12:00:00,65975.791667,104010.0,KPX_public_sukub_csv
2025-12-17 13:00:00,68331.358333,103608.166667,KPX_public_sukub_csv
2025-12-17 14:00:00,70282.783333,103718.666667,KPX_public_sukub_csv
2025-12-17 15:00:00,73179.975,103126.166667,KPX_public_sukub_csv
2025-12-17 16:00:00,76410.433333,101975.5,KPX_public_sukub_csv
2025-12-17 17:00:00,77304.608333,102215.333333,KPX_public_sukub_csv
2025-12-17 18:00:00,76292.616667,102146.333333,KPX_public_sukub_csv
2025-12-17 19:00:00,75034.525,101948.25,KPX_public_sukub_csv
2025-12-17 20:00:00,72884.425,101757.166667,KPX_public_sukub_csv
2025-12-17 21:00:00,70556.518182,101460.727273,KPX_public_sukub_csv
2025-12-17 22:00:00,69740.566667,101266.666667,KPX_public_sukub_csv
2025-12-17 23:00:00,69094.942857,101483.285714,KPX_public_sukub_csv
2025-12-18 00:00:00,64583.066667,102536.416667,KPX_public_sukub_csv
2025-12-18 01:00:00,62151.2,102742.333333,KPX_public_sukub_csv
2025-12-18 02:00:00,60753.6,102866.5,KPX_public_sukub_csv
2025-12-18 03:00:00,60175.475,102988.833333,KPX_public_sukub_csv
2025-12-18 04:00:00,60644.983333,102330.75,KPX_public_sukub_csv
2025-12-18 05:00:00,62871.525,102049.166667,KPX_public_sukub_csv
2025-12-18 06:00:00,66848.408333,101924.666667,KPX_public_sukub_csv
2025-12-18 07:00:00,73431.95,102830.25,KPX_public_sukub_csv
2025-12-18 08:00:00,79634.941667,102710.916667,KPX_public_sukub_csv
2025-12-18 09:00:00,77709.783333,103938.5,KPX_public_sukub_csv
2025-12-18 10:00:00,72910.891667,104634.25,KPX_public_sukub_csv
2025-12-18 11:00:00,68331.583333,105309.0,KPX_public_sukub_csv
2025-12-18 12:00:00,63282.383333,105749.333333,KPX_public_sukub_csv
2025-12-18 13:00:00,65815.116667,104941.5,KPX_public_sukub_csv
2025-12-18 14:00:00,68648.666667,104827.833333,KPX_public_sukub_csv
2025-12-18 15:00:00,72442.666667,104208.75,KPX_public_sukub_csv
2025-12-18 16:00:00,76369.3,102753.333333,KPX_public_sukub_csv
2025-12-18 17:00:00,77774.816667,101898.5,KPX_public_sukub_csv
2025-12-18 18:00:00,77121.241667,102053.083333,KPX_public_sukub_csv
2025-12-18 19:00:00,76028.991667,102092.333333,KPX_public_sukub_csv
2025-12-18 20:00:00,73694.666667,101886.75,KPX_public_sukub_csv
2025-12-18 21:00:00,71320.633333,102685.5,KPX_public_sukub_csv
2025-12-18 22:00:00,70268.091667,102680.75,KPX_public_sukub_csv
2025-12-18 23:00:00,69041.9,102713.583333,KPX_public_sukub_csv
2025-12-19 00:00:00,65369.575,102576.833333,KPX_public_sukub_csv
2025-12-19 01:00:00,62667.863636,102463.363636,KPX_public_sukub_csv
2025-12-19 02:00:00,61167.191667,102573.75,KPX_public_sukub_csv
2025-12-19 03:00:00,60535.516667,102273.0,KPX_public_sukub_csv
2025-12-19 04:00:00,60861.575,101560.5,KPX_public_sukub_csv
2025-12-19 05:00:00,62655.833333,101565.416667,KPX_public_sukub_csv
2025-12-19 06:00:00,66460.075,101417.833333,KPX_public_sukub_csv
2025-12-19 07:00:00,72673.625,101860.916667,KPX_public_sukub_csv
2025-12-19 08:00:00,80069.808333,101888.75,KPX_public_sukub_csv
2025-12-19 09:00:00,81708.725,102607.333333,KPX_public_sukub_csv
2025-12-19 10:00:00,79573.583333,103314.0,KPX_public_sukub_csv
2025-12-19 11:00:00,75507.875,103712.75,KPX_public_sukub_csv
2025-12-19 12:00:00,69442.191667,104264.083333,KPX_public_sukub_csv
2025-12-19 13:00:00,70715.808333,104737.416667,KPX_public_sukub_csv
2025-12-19 14:00:00,71515.375,104505.166667,KPX_public_sukub_csv
2025-12-19 15:00:00,72950.15,104027.25,KPX_public_sukub_csv
2025-12-19 16:00:00,74745.225,103143.916667,KPX_public_sukub_csv
2025-12-19 17:00:00,74987.933333,103274.166667,KPX_public_sukub_csv
2025-12-19 18:00:00,73626.866667,103617.25,KPX_public_sukub_csv
2025-12-19 19:00:00,72361.9,103443.666667,KPX_public_sukub_csv
2025-12-19 20:00:00,70352.933333,103149.25,KPX_public_sukub_csv
2025-12-19 21:00:00,68179.6,101763.0,KPX_public_sukub_csv
2025-12-19 22:00:00,67503.975,101064.416667,KPX_public_sukub_csv
2025-12-19 23:00:00,66609.133333,100746.0,KPX_public_sukub_csv
2025-12-20 00:00:00,62921.375,97569.025,KPX_public_sukub_csv
2025-12-20 01:00:00,60091.741667,97235.891667,KPX_public_sukub_csv
2025-12-20 02:00:00,58379.275,97131.983333,KPX_public_sukub_csv
2025-12-20 03:00:00,57413.481818,97212.4,KPX_public_sukub_csv
2025-12-20 04:00:00,57295.2,97334.591667,KPX_public_sukub_csv
2025-12-20 05:00:00,57996.608333,97311.983333,KPX_public_sukub_csv
2025-12-20 06:00:00,59366.55,97476.916667,KPX_public_sukub_csv
2025-12-20 07:00:00,60999.483333,97514.383333,KPX_public_sukub_csv
2025-12-20 08:00:00,62732.658333,96889.9,KPX_public_sukub_csv
2025-12-20 09:00:00,64283.490909,96859.845455,KPX_public_sukub_csv
2025-12-20 10:00:00,64605.783333,97027.983333,KPX_public_sukub_csv
2025-12-20 11:00:00,63881.883333,97180.725,KPX_public_sukub_csv
2025-12-20 12:00:00,62326.708333,97301.133333,KPX_public_sukub_csv
2025-12-20 13:00:00,62484.091667,97485.325,KPX_public_sukub_csv
2025-12-20 14:00:00,62665.025,97561.933333,KPX_public_sukub_csv
2025-12-20 15:00:00,63003.233333,97655.975,KPX_public_sukub_csv
2025-12-20 16:00:00,63512.683333,98167.633333,KPX_public_sukub_csv
2025-12-20 17:00:00,64411.983333,98761.966667,KPX_public_sukub_csv
2025-12-20 18:00:00,64349.733333,99029.2,KPX_public_sukub_csv
2025-12-20 19:00:00,63698.8,99368.566667,KPX_public_sukub_csv
2025-12-20 20:00:00,62744.325,99461.3,KPX_public_sukub_csv
2025-12-20 21:00:00,61939.125,99562.333333,KPX_public_sukub_csv
2025-12-20 22:00:00,62180.875,99599.6,KPX_public_sukub_csv
2025-12-20 23:00:00,61771.541667,99815.325,KPX_public_sukub_csv
2025-12-21 00:00:00,58649.975,99994.45,KPX_public_sukub_csv
2025-12-21 01:00:00,56155.15,100181.25,KPX_public_sukub_csv
2025-12-21 02:00:00,54631.925,99953.4,KPX_public_sukub_csv
2025-12-21 03:00:00,53917.333333,99556.791667,KPX_public_sukub_csv
2025-12-21 04:00:00,54256.2,99756.508333,KPX_public_sukub_csv
2025-12-21 05:00:00,55084.216667,99908.708333,KPX_public_sukub_csv
2025-12-21 06:00:00,56529.4,99952.575,KPX_public_sukub_csv
2025-12-21 07:00:00,58014.916667,99805.9,KPX_public_sukub_csv
2025-12-21 08:00:00,58413.866667,99169.133333,KPX_public_sukub_csv
2025-12-21 09:00:00,57197.133333,99277.266667,KPX_public_sukub_csv
2025-12-21 10:00:00,56126.508333,99132.65,KPX_public_sukub_csv
2025-12-21 11:00:00,54434.308333,99589.566667,KPX_public_sukub_csv
2025-12-21 12:00:00,51765.541667,100248.5,KPX_public_sukub_csv
2025-12-21 13:00:00,49766.933333,100702.0,KPX_public_sukub_csv
2025-12-21 14:00:00,50014.466667,100582.166667,KPX_public_sukub_csv
2025-12-21 15:00:00,54456.975,100198.891667,KPX_public_sukub_csv
2025-12-21 16:00:00,60396.641667,99199.3,KPX_public_sukub_csv
2025-12-21 17:00:00,65208.9,99709.975,KPX_public_sukub_csv
2025-12-21 18:00:00,66702.083333,100749.025,KPX_public_sukub_csv
2025-12-21 19:00:00,66490.841667,100689.333333,KPX_public_sukub_csv
2025-12-21 20:00:00,65659.583333,100400.333333,KPX_public_sukub_csv
2025-12-21 21:00:00,64519.4,100228.5,KPX_public_sukub_csv
2025-12-21 22:00:00,63962.766667,100139.583333,KPX_public_sukub_csv
2025-12-21 23:00:00,63496.890909,100181.090909,KPX_public_sukub_csv
2025-12-22 00:00:00,60396.558333,100383.583333,KPX_public_sukub_csv
2025-12-22 01:00:00,58189.258333,100360.666667,KPX_public_sukub_csv
2025-12-22 02:00:00,56899.5,99133.936364,KPX_public_sukub_csv
2025-12-22 03:00:00,56439.625,98808.258333,KPX_public_sukub_csv
2025-12-22 04:00:00,57084.158333,99670.016667,KPX_public_sukub_csv
2025-12-22 05:00:00,59756.4,101031.383333,KPX_public_sukub_csv
2025-12-22 06:00:00,64991.191667,100722.5,KPX_public_sukub_csv
2025-12-22 07:00:00,73462.766667,100667.0,KPX_public_sukub_csv
2025-12-22 08:00:00,81439.241667,102319.083333,KPX_public_sukub_csv
2025-12-22 09:00:00,79699.5,103915.75,KPX_public_sukub_csv
2025-12-22 10:00:00,74647.466667,105644.5,KPX_public_sukub_csv
2025-12-22 11:00:00,70926.85,106635.75,KPX_public_sukub_csv
2025-12-22 12:00:00,66195.333333,106657.333333,KPX_public_sukub_csv
2025-12-22 13:00:00,68989.133333,105464.833333,KPX_public_sukub_csv
2025-12-22 14:00:00,71756.058333,104867.25,KPX_public_sukub_csv
2025-12-22 15:00:00,75432.541667,103419.666667,KPX_public_sukub_csv
2025-12-22 16:00:00,79089.090909,102163.454545,KPX_public_sukub_csv
2025-12-22 17:00:00,79962.075,102548.416667,KPX_public_sukub_csv
2025-12-22 18:00:00,78619.35,102483.0,KPX_public_sukub_csv
2025-12-22 19:00:00,76929.808333,102647.666667,KPX_public_sukub_csv
2025-12-22 20:00:00,74216.05,102363.083333,KPX_public_sukub_csv
2025-12-22 21:00:00,71582.991667,102002.416667,KPX_public_sukub_csv
2025-12-22 22:00:00,70701.125,102087.666667,KPX_public_sukub_csv
2025-12-22 23:00:00,69717.063636,101553.909091,KPX_public_sukub_csv
2025-12-23 00:00:00,65606.291667,100854.083333,KPX_public_sukub_csv
2025-12-23 01:00:00,63050.25,100735.25,KPX_public_sukub_csv
2025-12-23 02:00:00,61577.466667,100757.75,KPX_public_sukub_csv
2025-12-23 03:00:00,60756.608333,100750.25,KPX_public_sukub_csv
2025-12-23 04:00:00,61121.308333,100862.583333,KPX_public_sukub_csv
2025-12-23 05:00:00,62853.15,101009.416667,KPX_public_sukub_csv
2025-12-23 06:00:00,66714.041667,101019.583333,KPX_public_sukub_csv
2025-12-23 07:00:00,73351.516667,102002.5,KPX_public_sukub_csv
2025-12-23 08:00:00,80464.891667,101660.083333,KPX_public_sukub_csv
2025-12-23 09:00:00,82884.833333,102200.416667,KPX_public_sukub_csv
2025-12-23 10:00:00,81818.708333,102868.416667,KPX_public_sukub_csv
2025-12-23 11:00:00,80385.675,102755.833333,KPX_public_sukub_csv
2025-12-23 12:00:00,77525.266667,102199.75,KPX_public_sukub_csv
2025-12-23 13:00:00,80726.183333,102292.083333,KPX_public_sukub_csv
2025-12-23 14:00:00,81939.8,102007.0,KPX_public_sukub_csv
2025-12-23 15:00:00,82029.908333,101864.0,KPX_public_sukub_csv
2025-12-23 16:00:00,81761.8,102358.416667,KPX_public_sukub_csv
2025-12-23 17:00:00,80224.691667,102975.833333,KPX_public_sukub_csv
2025-12-23 18:00:00,77581.054545,102838.363636,KPX_public_sukub_csv
2025-12-23 19:00:00,75602.466667,102844.166667,KPX_public_sukub_csv
2025-12-23 20:00:00,72847.958333,102679.75,KPX_public_sukub_csv
2025-12-23 21:00:00,70319.341667,102372.083333,KPX_public_sukub_csv
2025-12-23 22:00:00,69553.15,102076.166667,KPX_public_sukub_csv
2025-12-23 23:00:00,68263.508333,101838.666667,KPX_public_sukub_csv
2025-12-24 00:00:00,64479.125,103054.166667,KPX_public_sukub_csv
2025-12-24 01:00:00,61706.508333,103500.083333,KPX_public_sukub_csv
2025-12-24 02:00:00,60068.866667,102899.166667,KPX_public_sukub_csv
2025-12-24 03:00:00,59344.691667,102583.5,KPX_public_sukub_csv
2025-12-24 04:00:00,59561.1,102668.0,KPX_public_sukub_csv
2025-12-24 05:00:00,61164.833333,102857.666667,KPX_public_sukub_csv
2025-12-24 06:00:00,65163.472727,102966.454545,KPX_public_sukub_csv
2025-12-24 07:00:00,71171.483333,103851.583333,KPX_public_sukub_csv
2025-12-24 08:00:00,79051.625,103528.166667,KPX_public_sukub_csv
2025-12-24 09:00:00,82030.35,103819.166667,KPX_public_sukub_csv
2025-12-24 10:00:00,82254.158333,104167.75,KPX_public_sukub_csv
2025-12-24 11:00:00,80541.841667,104736.0,KPX_public_sukub_csv
2025-12-24 12:00:00,76412.641667,105390.333333,KPX_public_sukub_csv
2025-12-24 13:00:00,78162.008333,105504.666667,KPX_public_sukub_csv
2025-12-24 14:00:00,78049.408333,105344.25,KPX_public_sukub_csv
2025-12-24 15:00:00,77933.2,105249.25,KPX_public_sukub_csv
2025-12-24 16:00:00,78443.75,105073.833333,KPX_public_sukub_csv
2025-12-24 17:00:00,77427.766667,105475.916667,KPX_public_sukub_csv
2025-12-24 18:00:00,75372.425,105666.166667,KPX_public_sukub_csv
2025-12-24 19:00:00,73532.233333,105743.666667,KPX_public_sukub_csv
2025-12-24 20:00:00,71304.133333,106268.916667,KPX_public_sukub_csv
2025-12-24 21:00:00,69304.841667,106263.166667,KPX_public_sukub_csv
2025-12-24 22:00:00,69299.633333,105293.583333,KPX_public_sukub_csv
2025-12-24 23:00:00,68509.7,105020.916667,KPX_public_sukub_csv
2025-12-25 00:00:00,64788.441667,103786.916667,KPX_public_sukub_csv
2025-12-25 01:00:00,62101.116667,103945.333333,KPX_public_sukub_csv
2025-12-25 02:00:00,60273.125,104263.5,KPX_public_sukub_csv
2025-12-25 03:00:00,59339.525,104490.666667,KPX_public_sukub_csv
2025-12-25 04:00:00,59623.2,104621.916667,KPX_public_sukub_csv
2025-12-25 05:00:00,60476.208333,104866.0,KPX_public_sukub_csv
2025-12-25 06:00:00,62063.441667,104078.75,KPX_public_sukub_csv
2025-12-25 07:00:00,63784.933333,104200.25,KPX_public_sukub_csv
2025-12-25 08:00:00,64675.533333,103872.75,KPX_public_sukub_csv
2025-12-25 09:00:00,61993.725,104978.916667,KPX_public_sukub_csv
2025-12-25 10:00:00,58858.025,106131.5,KPX_public_sukub_csv
2025-12-25 11:00:00,57067.55,106552.916667,KPX_public_sukub_csv
2025-12-25 12:00:00,55936.283333,106705.0,KPX_public_sukub_csv
2025-12-25 13:00:00,57743.141667,106351.75,KPX_public_sukub_csv
2025-12-25 14:00:00,60228.191667,105788.416667,KPX_public_sukub_csv
2025-12-25 15:00:00,63766.1,105329.166667,KPX_public_sukub_csv
2025-12-25 16:00:00,67854.266667,104749.916667,KPX_public_sukub_csv
2025-12-25 17:00:00,71014.558333,106231.5,KPX_public_sukub_csv
2025-12-25 18:00:00,72127.858333,106400.25,KPX_public_sukub_csv
2025-12-25 19:00:00,71646.491667,106345.083333,KPX_public_sukub_csv
2025-12-25 20:00:00,70737.866667,106243.5,KPX_public_sukub_csv
2025-12-25 21:00:00,69483.908333,106197.75,KPX_public_sukub_csv
2025-12-25 22:00:00,68829.541667,106084.583333,KPX_public_sukub_csv
2025-12-25 23:00:00,68302.316667,105795.0,KPX_public_sukub_csv
2025-12-26 00:00:00,65402.416667,103693.833333,KPX_public_sukub_csv
2025-12-26 01:00:00,63027.475,103431.916667,KPX_public_sukub_csv
2025-12-26 02:00:00,61597.716667,103347.833333,KPX_public_sukub_csv
2025-12-26 03:00:00,60942.208333,103326.666667,KPX_public_sukub_csv
2025-12-26 04:00:00,61327.258333,103964.166667,KPX_public_sukub_csv
2025-12-26 05:00:00,63174.616667,104889.75,KPX_public_sukub_csv
2025-12-26 06:00:00,67197.708333,105045.75,KPX_public_sukub_csv
2025-12-26 07:00:00,74301.775,106078.75,KPX_public_sukub_csv
2025-12-26 08:00:00,81901.775,106119.416667,KPX_public_sukub_csv
2025-12-26 09:00:00,81844.733333,107189.75,KPX_public_sukub_csv
2025-12-26 10:00:00,78071.708333,108623.166667,KPX_public_sukub_csv
2025-12-26 11:00:00,73757.016667,109510.166667,KPX_public_sukub_csv
2025-12-26 12:00:00,69363.691667,110181.5,KPX_public_sukub_csv
2025-12-26 13:00:00,71259.033333,110323.75,KPX_public_sukub_csv
2025-12-26 14:00:00,73453.108333,109958.166667,KPX_public_sukub_csv
2025-12-26 15:00:00,76946.525,108798.75,KPX_public_sukub_csv
2025-12-26 16:00:00,81304.375,107645.75,KPX_public_sukub_csv
2025-12-26 17:00:00,82458.058333,106937.0,KPX_public_sukub_csv
2025-12-26 18:00:00,80449.125,106307.75,KPX_public_sukub_csv
2025-12-26 19:00:00,78174.816667,105668.416667,KPX_public_sukub_csv
2025-12-26 20:00:00,75607.35,105564.833333,KPX_public_sukub_csv
2025-12-26 21:00:00,72735.991667,105434.75,KPX_public_sukub_csv
2025-12-26 22:00:00,72006.85,105870.5,KPX_public_sukub_csv
2025-12-26 23:00:00,71340.927273,105882.090909,KPX_public_sukub_csv
2025-12-27 00:00:00,67628.616667,101600.583333,KPX_public_sukub_csv
2025-12-27 01:00:00,64678.783333,101187.083333,KPX_public_sukub_csv
2025-12-27 02:00:00,62749.591667,101255.0,KPX_public_sukub_csv
2025-12-27 03:00:00,61825.991667,101357.583333,KPX_public_sukub_csv
2025-12-27 04:00:00,61556.641667,101379.0,KPX_public_sukub_csv
2025-12-27 05:00:00,62257.283333,101422.416667,KPX_public_sukub_csv
2025-12-27 06:00:00,63870.158333,101181.0,KPX_public_sukub_csv
2025-12-27 07:00:00,65825.958333,101136.5,KPX_public_sukub_csv
2025-12-27 08:00:00,66638.633333,101489.25,KPX_public_sukub_csv
2025-12-27 09:00:00,64924.591667,102485.916667,KPX_public_sukub_csv
2025-12-27 10:00:00,62416.866667,103173.916667,KPX_public_sukub_csv
2025-12-27 11:00:00,60842.425,103281.083333,KPX_public_sukub_csv
2025-12-27 12:00:00,60008.833333,103192.75,KPX_public_sukub_csv
2025-12-27 13:00:00,61600.072727,102762.0,KPX_public_sukub_csv
2025-12-27 14:00:00,63598.991667,102113.583333,KPX_public_sukub_csv
2025-12-27 15:00:00,65488.108333,101826.166667,KPX_public_sukub_csv
2025-12-27 16:00:00,67256.65,101302.916667,KPX_public_sukub_csv
2025-12-27 17:00:00,69047.825,100846.583333,KPX_public_sukub_csv
2025-12-27 18:00:00,69309.75,100831.5,KPX_public_sukub_csv
2025-12-27 19:00:00,68328.683333,100959.333333,KPX_public_sukub_csv
2025-12-27 20:00:00,66812.95,100885.916667,KPX_public_sukub_csv
2025-12-27 21:00:00,65231.283333,100674.416667,KPX_public_sukub_csv
2025-12-27 22:00:00,65436.516667,100485.166667,KPX_public_sukub_csv
2025-12-27 23:00:00,65121.25,100364.583333,KPX_public_sukub_csv
2025-12-28 00:00:00,61923.0,100138.75,KPX_public_sukub_csv
2025-12-28 01:00:00,59359.883333,99772.058333,KPX_public_sukub_csv
2025-12-28 02:00:00,57535.1,99658.391667,KPX_public_sukub_csv
2025-12-28 03:00:00,56434.333333,99258.1,KPX_public_sukub_csv
2025-12-28 04:00:00,56455.883333,99951.116667,KPX_public_sukub_csv
2025-12-28 05:00:00,57170.875,100235.416667,KPX_public_sukub_csv
2025-12-28 06:00:00,58417.183333,100221.5,KPX_public_sukub_csv
2025-12-28 07:00:00,59579.791667,100170.25,KPX_public_sukub_csv
2025-12-28 08:00:00,60036.341667,99510.758333,KPX_public_sukub_csv
2025-12-28 09:00:00,59296.141667,98608.441667,KPX_public_sukub_csv
2025-12-28 10:00:00,57926.741667,98595.333333,KPX_public_sukub_csv
2025-12-28 11:00:00,55106.008333,99535.1,KPX_public_sukub_csv
2025-12-28 12:00:00,52525.916667,99939.2,KPX_public_sukub_csv
2025-12-28 13:00:00,52307.458333,99633.583333,KPX_public_sukub_csv
2025-12-28 14:00:00,54023.983333,98560.025,KPX_public_sukub_csv
2025-12-28 15:00:00,57586.675,98470.141667,KPX_public_sukub_csv
2025-12-28 16:00:00,61057.425,98653.841667,KPX_public_sukub_csv
2025-12-28 17:00:00,64477.3,99129.566667,KPX_public_sukub_csv
2025-12-28 18:00:00,65706.4,99447.05,KPX_public_sukub_csv
2025-12-28 19:00:00,65269.108333,99188.05,KPX_public_sukub_csv
2025-12-28 20:00:00,64006.766667,98945.35,KPX_public_sukub_csv
2025-12-28 21:00:00,62452.691667,99036.675,KPX_public_sukub_csv
2025-12-28 22:00:00,62248.1,99314.233333,KPX_public_sukub_csv
2025-12-28 23:00:00,61664.775,99361.05,KPX_public_sukub_csv
2025-12-29 00:00:00,58775.35,99583.466667,KPX_public_sukub_csv
2025-12-29 01:00:00,56381.708333,99581.266667,KPX_public_sukub_csv
2025-12-29 02:00:00,55204.108333,99318.333333,KPX_public_sukub_csv
2025-12-29 03:00:00,54762.508333,99320.45,KPX_public_sukub_csv
2025-12-29 04:00:00,55498.191667,99385.125,KPX_public_sukub_csv
2025-12-29 05:00:00,57779.016667,99461.691667,KPX_public_sukub_csv
2025-12-29 06:00:00,62188.716667,102267.925,KPX_public_sukub_csv
2025-12-29 07:00:00,69568.258333,102735.5,KPX_public_sukub_csv
2025-12-29 08:00:00,77756.1,103363.916667,KPX_public_sukub_csv
2025-12-29 09:00:00,79411.65,104122.916667,KPX_public_sukub_csv
2025-12-29 10:00:00,77356.633333,105170.166667,KPX_public_sukub_csv
2025-12-29 11:00:00,74769.658333,105732.0,KPX_public_sukub_csv
2025-12-29 12:00:00,70781.091667,105601.75,KPX_public_sukub_csv
2025-12-29 13:00:00,72667.475,105257.083333,KPX_public_sukub_csv
2025-12-29 14:00:00,73691.690909,104672.0,KPX_public_sukub_csv
2025-12-29 15:00:00,75038.366667,104251.5,KPX_public_sukub_csv
2025-12-29 16:00:00,76798.036364,102777.363636,KPX_public_sukub_csv
2025-12-29 17:00:00,77204.3,103053.666667,KPX_public_sukub_csv
2025-12-29 18:00:00,75735.483333,103737.083333,KPX_public_sukub_csv
2025-12-29 19:00:00,74133.675,103689.75,KPX_public_sukub_csv
2025-12-29 20:00:00,71742.116667,103370.75,KPX_public_sukub_csv
2025-12-29 21:00:00,69265.441667,103269.75,KPX_public_sukub_csv
2025-12-29 22:00:00,68612.4,101233.833333,KPX_public_sukub_csv
2025-12-29 23:00:00,67650.95,101374.916667,KPX_public_sukub_csv
2025-12-30 00:00:00,64100.9,99023.925,KPX_public_sukub_csv
2025-12-30 01:00:00,61699.066667,98646.616667,KPX_public_sukub_csv
2025-12-30 02:00:00,60208.025,98703.925,KPX_public_sukub_csv
2025-12-30 03:00:00,59584.575,98438.866667,KPX_public_sukub_csv
2025-12-30 04:00:00,60144.125,98510.816667,KPX_public_sukub_csv
2025-12-30 05:00:00,61963.191667,98504.733333,KPX_public_sukub_csv
2025-12-30 06:00:00,66005.658333,98221.891667,KPX_public_sukub_csv
2025-12-30 07:00:00,72681.616667,98897.825,KPX_public_sukub_csv
2025-12-30 08:00:00,79541.883333,99013.191667,KPX_public_sukub_csv
2025-12-30 09:00:00,78307.941667,100779.916667,KPX_public_sukub_csv
2025-12-30 10:00:00,73648.525,101931.583333,KPX_public_sukub_csv
2025-12-30 11:00:00,69071.933333,101767.833333,KPX_public_sukub_csv
2025-12-30 12:00:00,64180.975,101905.416667,KPX_public_sukub_csv
2025-12-30 13:00:00,66434.418182,101799.090909,KPX_public_sukub_csv
2025-12-30 14:00:00,68835.472727,102467.909091,KPX_public_sukub_csv
2025-12-30 15:00:00,72730.566667,102560.083333,KPX_public_sukub_csv
2025-12-30 16:00:00,77047.733333,100974.0,KPX_public_sukub_csv
2025-12-30 17:00:00,78520.775,101583.833333,KPX_public_sukub_csv
2025-12-30 18:00:00,77378.391667,101826.083333,KPX_public_sukub_csv
2025-12-30 19:00:00,76103.833333,101747.0,KPX_public_sukub_csv
2025-12-30 20:00:00,73817.8,101499.916667,KPX_public_sukub_csv
2025-12-30 21:00:00,71292.133333,101306.416667,KPX_public_sukub_csv
2025-12-30 22:00:00,70386.791667,101208.333333,KPX_public_sukub_csv
2025-12-30 23:00:00,69439.045455,100850.636364,KPX_public_sukub_csv
2025-12-31 00:00:00,65663.058333,103281.25,KPX_public_sukub_csv
2025-12-31 01:00:00,62918.366667,104365.083333,KPX_public_sukub_csv
2025-12-31 02:00:00,61442.090909,104395.363636,KPX_public_sukub_csv
2025-12-31 03:00:00,60550.95,104590.166667,KPX_public_sukub_csv
2025-12-31 04:00:00,60955.291667,104701.75,KPX_public_sukub_csv
2025-12-31 05:00:00,62644.833333,104876.5,KPX_public_sukub_csv
2025-12-31 06:00:00,66341.4,104894.75,KPX_public_sukub_csv
2025-12-31 07:00:00,72619.658333,105811.916667,KPX_public_sukub_csv
2025-12-31 08:00:00,79310.541667,105723.75,KPX_public_sukub_csv
2025-12-31 09:00:00,78590.758333,107060.583333,KPX_public_sukub_csv
2025-12-31 10:00:00,74380.258333,108086.166667,KPX_public_sukub_csv
2025-12-31 11:00:00,70630.116667,108887.333333,KPX_public_sukub_csv
2025-12-31 12:00:00,65670.933333,108028.75,KPX_public_sukub_csv
2025-12-31 13:00:00,67245.458333,107897.583333,KPX_public_sukub_csv
2025-12-31 14:00:00,68907.908333,108356.833333,KPX_public_sukub_csv
2025-12-31 15:00:00,71389.383333,107384.083333,KPX_public_sukub_csv
2025-12-31 16:00:00,74881.983333,106003.916667,KPX_public_sukub_csv
2025-12-31 17:00:00,76601.808333,105999.666667,KPX_public_sukub_csv
2025-12-31 18:00:00,75569.458333,106155.416667,KPX_public_sukub_csv
2025-12-31 19:00:00,74246.658333,106044.083333,KPX_public_sukub_csv
2025-12-31 20:00:00,72243.141667,105617.75,KPX_public_sukub_csv
2025-12-31 21:00:00,70371.983333,104977.416667,KPX_public_sukub_csv
2025-12-31 22:00:00,70163.716667,104422.416667,KPX_public_sukub_csv
2025-12-31 23:00:00,69545.518182,103617.545455,KPX_public_sukub_csv
2026-01-01 00:00:00,66065.833333,101915.75,KPX_public_sukub_csv
2026-01-01 01:00:00,63192.208333,101860.083333,KPX_public_sukub_csv
2026-01-01 02:00:00,61286.225,100981.916667,KPX_public_sukub_csv
2026-01-01 03:00:00,60145.941667,100928.0,KPX_public_sukub_csv
2026-01-01 04:00:00,59779.266667,100925.75,KPX_public_sukub_csv
2026-01-01 05:00:00,60168.366667,100058.808333,KPX_public_sukub_csv
2026-01-01 06:00:00,61208.958333,99686.15,KPX_public_sukub_csv
2026-01-01 07:00:00,61940.266667,98759.85,KPX_public_sukub_csv
2026-01-01 08:00:00,61159.916667,98172.333333,KPX_public_sukub_csv
2026-01-01 09:00:00,58790.254545,98851.9,KPX_public_sukub_csv
2026-01-01 10:00:00,56620.941667,98630.625,KPX_public_sukub_csv
2026-01-01 11:00:00,54443.666667,98862.983333,KPX_public_sukub_csv
2026-01-01 12:00:00,53235.591667,99209.491667,KPX_public_sukub_csv
2026-01-01 13:00:00,52500.416667,99419.775,KPX_public_sukub_csv
2026-01-01 14:00:00,53671.166667,98679.4,KPX_public_sukub_csv
2026-01-01 15:00:00,57037.1,98019.966667,KPX_public_sukub_csv
2026-01-01 16:00:00,62509.158333,97080.125,KPX_public_sukub_csv
2026-01-01 17:00:00,67582.166667,97866.808333,KPX_public_sukub_csv
2026-01-01 18:00:00,69300.75,98798.458333,KPX_public_sukub_csv
2026-01-01 19:00:00,69007.975,98526.5,KPX_public_sukub_csv
2026-01-01 20:00:00,67939.725,97756.591667,KPX_public_sukub_csv
2026-01-01 21:00:00,66558.463636,97593.336364,KPX_public_sukub_csv
2026-01-01 22:00:00,66080.6,97638.125,KPX_public_sukub_csv
2026-01-01 23:00:00,66056.788889,97447.322222,KPX_public_sukub_csv
2026-01-02 00:00:00,63057.625,98817.466667,KPX_public_sukub_csv
2026-01-02 01:00:00,60599.366667,99129.508333,KPX_public_sukub_csv
2026-01-02 02:00:00,59104.083333,98391.958333,KPX_public_sukub_csv
2026-01-02 03:00:00,58570.891667,97163.858333,KPX_public_sukub_csv
2026-01-02 04:00:00,59084.454545,97348.818182,KPX_public_sukub_csv
2026-01-02 05:00:00,60984.5,97550.508333,KPX_public_sukub_csv
2026-01-02 06:00:00,64822.2,98029.741667,KPX_public_sukub_csv
2026-01-02 07:00:00,71193.566667,98634.091667,KPX_public_sukub_csv
2026-01-02 08:00:00,77869.5,99089.190909,KPX_public_sukub_csv
2026-01-02 09:00:00,78514.35,100165.1,KPX_public_sukub_csv
2026-01-02 10:00:00,75279.933333,102397.083333,KPX_public_sukub_csv
2026-01-02 11:00:00,71729.666667,103310.416667,KPX_public_sukub_csv
2026-01-02 12:00:00,67894.166667,103350.083333,KPX_public_sukub_csv
2026-01-02 13:00:00,69594.733333,102192.833333,KPX_public_sukub_csv
2026-01-02 14:00:00,71563.05,101894.083333,KPX_public_sukub_csv
2026-01-02 15:00:00,75095.233333,101609.166667,KPX_public_sukub_csv
2026-01-02 16:00:00,78883.191667,100792.416667,KPX_public_sukub_csv
2026-01-02 17:00:00,80125.066667,100997.5,KPX_public_sukub_csv
2026-01-02 18:00:00,78425.018182,101172.727273,KPX_public_sukub_csv
2026-01-02 19:00:00,76392.291667,101273.5,KPX_public_sukub_csv
2026-01-02 20:00:00,73762.716667,101127.583333,KPX_public_sukub_csv
2026-01-02 21:00:00,71034.075,101100.916667,KPX_public_sukub_csv
2026-01-02 22:00:00,70458.025,101020.75,KPX_public_sukub_csv
2026-01-02 23:00:00,69702.481818,100940.272727,KPX_public_sukub_csv
2026-01-03 00:00:00,66440.516667,100364.083333,KPX_public_sukub_csv
2026-01-03 01:00:00,63932.658333,100304.666667,KPX_public_sukub_csv
2026-01-03 02:00:00,62275.283333,100569.75,KPX_public_sukub_csv
2026-01-03 03:00:00,61181.825,100595.25,KPX_public_sukub_csv
2026-01-03 04:00:00,61266.791667,100591.666667,KPX_public_sukub_csv
2026-01-03 05:00:00,62116.591667,100543.333333,KPX_public_sukub_csv
2026-01-03 06:00:00,63857.975,100509.916667,KPX_public_sukub_csv
2026-01-03 07:00:00,65868.2,100605.833333,KPX_public_sukub_csv
2026-01-03 08:00:00,66611.283333,99902.05,KPX_public_sukub_csv
2026-01-03 09:00:00,64707.55,100897.916667,KPX_public_sukub_csv
2026-01-03 10:00:00,61854.483333,101401.416667,KPX_public_sukub_csv
2026-01-03 11:00:00,59490.791667,101521.083333,KPX_public_sukub_csv
2026-01-03 12:00:00,58303.516667,101388.25,KPX_public_sukub_csv
2026-01-03 13:00:00,60396.075,101190.25,KPX_public_sukub_csv
2026-01-03 14:00:00,62588.666667,100585.333333,KPX_public_sukub_csv
2026-01-03 15:00:00,64841.95,99665.741667,KPX_public_sukub_csv
2026-01-03 16:00:00,67162.958333,99092.658333,KPX_public_sukub_csv
2026-01-03 17:00:00,69325.108333,98862.25,KPX_public_sukub_csv
2026-01-03 18:00:00,69906.366667,98649.158333,KPX_public_sukub_csv
2026-01-03 19:00:00,69071.381818,98363.818182,KPX_public_sukub_csv
2026-01-03 20:00:00,67583.408333,97996.141667,KPX_public_sukub_csv
2026-01-03 21:00:00,65912.166667,98028.708333,KPX_public_sukub_csv
2026-01-03 22:00:00,66059.35,97876.666667,KPX_public_sukub_csv
2026-01-03 23:00:00,65794.916667,97666.616667,KPX_public_sukub_csv
2026-01-04 00:00:00,62645.8,96097.608333,KPX_public_sukub_csv
2026-01-04 01:00:00,60178.841667,95990.9,KPX_public_sukub_csv
2026-01-04 02:00:00,58386.658333,96081.508333,KPX_public_sukub_csv
2026-01-04 03:00:00,57262.183333,95720.616667,KPX_public_sukub_csv
2026-01-04 04:00:00,57228.0,95205.941667,KPX_public_sukub_csv
2026-01-04 05:00:00,58019.8,95180.716667,KPX_public_sukub_csv
2026-01-04 06:00:00,59120.283333,95085.05,KPX_public_sukub_csv
2026-01-04 07:00:00,60733.418182,95506.818182,KPX_public_sukub_csv
2026-01-04 08:00:00,61236.933333,94987.191667,KPX_public_sukub_csv
2026-01-04 09:00:00,59078.783333,95557.916667,KPX_public_sukub_csv
2026-01-04 10:00:00,56452.35,96466.825,KPX_public_sukub_csv
2026-01-04 11:00:00,54228.963636,97107.309091,KPX_public_sukub_csv
2026-01-04 12:00:00,53489.458333,97176.125,KPX_public_sukub_csv
2026-01-04 13:00:00,53954.008333,97004.625,KPX_public_sukub_csv
2026-01-04 14:00:00,54856.075,96700.658333,KPX_public_sukub_csv
2026-01-04 15:00:00,58152.225,96926.516667,KPX_public_sukub_csv
2026-01-04 16:00:00,62253.166667,96774.658333,KPX_public_sukub_csv
2026-01-04 17:00:00,66503.541667,97050.583333,KPX_public_sukub_csv
2026-01-04 18:00:00,68025.591667,97392.808333,KPX_public_sukub_csv
2026-01-04 19:00:00,67467.866667,97027.191667,KPX_public_sukub_csv
2026-01-04 20:00:00,66514.608333,96573.608333,KPX_public_sukub_csv
2026-01-04 21:00:00,64960.008333,96319.8,KPX_public_sukub_csv
2026-01-04 22:00:00,64095.441667,96267.741667,KPX_public_sukub_csv
2026-01-04 23:00:00,63551.527273,96240.872727,KPX_public_sukub_csv
2026-01-05 00:00:00,60499.466667,94820.466667,KPX_public_sukub_csv
2026-01-05 01:00:00,58230.008333,94815.033333,KPX_public_sukub_csv
2026-01-05 02:00:00,56877.7,95511.45,KPX_public_sukub_csv
2026-01-05 03:00:00,56440.116667,95454.608333,KPX_public_sukub_csv
2026-01-05 04:00:00,57190.566667,95513.466667,KPX_public_sukub_csv
2026-01-05 05:00:00,59454.441667,95539.041667,KPX_public_sukub_csv
2026-01-05 06:00:00,64557.991667,95475.766667,KPX_public_sukub_csv
2026-01-05 07:00:00,72873.9,95519.891667,KPX_public_sukub_csv
2026-01-05 08:00:00,81884.891667,96313.508333,KPX_public_sukub_csv
2026-01-05 09:00:00,83140.241667,97500.933333,KPX_public_sukub_csv
2026-01-05 10:00:00,79543.316667,98408.266667,KPX_public_sukub_csv
2026-01-05 11:00:00,75854.366667,99136.708333,KPX_public_sukub_csv
2026-01-05 12:00:00,71558.041667,99562.466667,KPX_public_sukub_csv
2026-01-05 13:00:00,73290.016667,99989.65,KPX_public_sukub_csv
2026-01-05 14:00:00,74784.258333,99630.808333,KPX_public_sukub_csv
2026-01-05 15:00:00,77516.725,100028.216667,KPX_public_sukub_csv
2026-01-05 16:00:00,81912.358333,99022.091667,KPX_public_sukub_csv
2026-01-05 17:00:00,83290.925,98514.175,KPX_public_sukub_csv
2026-01-05 18:00:00,81908.483333,98761.725,KPX_public_sukub_csv
2026-01-05 19:00:00,79782.916667,98362.958333,KPX_public_sukub_csv
2026-01-05 20:00:00,76676.791667,97670.116667,KPX_public_sukub_csv
2026-01-05 21:00:00,73941.208333,97777.55,KPX_public_sukub_csv
2026-01-05 22:00:00,73031.083333,97729.35,KPX_public_sukub_csv
2026-01-05 23:00:00,72083.363636,97839.536364,KPX_public_sukub_csv
2026-01-06 00:00:00,68217.366667,96748.275,KPX_public_sukub_csv
2026-01-06 01:00:00,65873.375,96640.358333,KPX_public_sukub_csv
2026-01-06 02:00:00,64368.816667,97747.416667,KPX_public_sukub_csv
2026-01-06 03:00:00,63621.05,97781.191667,KPX_public_sukub_csv
2026-01-06 04:00:00,64125.391667,97889.458333,KPX_public_sukub_csv
2026-01-06 05:00:00,66083.475,97838.775,KPX_public_sukub_csv
2026-01-06 06:00:00,70238.241667,97532.566667,KPX_public_sukub_csv
2026-01-06 07:00:00,77541.275,98403.65,KPX_public_sukub_csv
2026-01-06 08:00:00,85096.433333,98658.775,KPX_public_sukub_csv
2026-01-06 09:00:00,83928.45,99743.408333,KPX_public_sukub_csv
2026-01-06 10:00:00,79180.991667,101493.083333,KPX_public_sukub_csv
2026-01-06 11:00:00,74668.658333,102239.5,KPX_public_sukub_csv
2026-01-06 12:00:00,69244.718182,102698.454545,KPX_public_sukub_csv
2026-01-06 13:00:00,72040.758333,102640.583333,KPX_public_sukub_csv
2026-01-06 14:00:00,74829.841667,101841.333333,KPX_public_sukub_csv
2026-01-06 15:00:00,78251.183333,101375.333333,KPX_public_sukub_csv
2026-01-06 16:00:00,81884.275,100237.966667,KPX_public_sukub_csv
2026-01-06 17:00:00,82871.258333,100503.166667,KPX_public_sukub_csv
2026-01-06 18:00:00,81511.708333,101070.416667,KPX_public_sukub_csv
2026-01-06 19:00:00,79538.941667,101159.166667,KPX_public_sukub_csv
2026-01-06 20:00:00,76344.191667,100879.0,KPX_public_sukub_csv
2026-01-06 21:00:00,73388.05,100249.833333,KPX_public_sukub_csv
2026-01-06 22:00:00,72244.475,99907.7,KPX_public_sukub_csv
2026-01-06 23:00:00,71078.227273,99614.472727,KPX_public_sukub_csv
2026-01-07 00:00:00,67096.983333,97483.616667,KPX_public_sukub_csv
2026-01-07 01:00:00,64536.408333,97269.625,KPX_public_sukub_csv
2026-01-07 02:00:00,62980.725,96299.891667,KPX_public_sukub_csv
2026-01-07 03:00:00,62332.366667,96182.65,KPX_public_sukub_csv
2026-01-07 04:00:00,62825.941667,96170.016667,KPX_public_sukub_csv
2026-01-07 05:00:00,64727.683333,97121.066667,KPX_public_sukub_csv
2026-01-07 06:00:00,68568.366667,97128.233333,KPX_public_sukub_csv
2026-01-07 07:00:00,75179.833333,98033.675,KPX_public_sukub_csv
2026-01-07 08:00:00,82728.275,97445.133333,KPX_public_sukub_csv
2026-01-07 09:00:00,83862.983333,98658.683333,KPX_public_sukub_csv
2026-01-07 10:00:00,81182.666667,99902.525,KPX_public_sukub_csv
2026-01-07 11:00:00,76365.325,99874.466667,KPX_public_sukub_csv
2026-01-07 12:00:00,71132.916667,99928.883333,KPX_public_sukub_csv
2026-01-07 13:00:00,72938.3,99912.541667,KPX_public_sukub_csv
2026-01-07 14:00:00,74371.991667,100266.15,KPX_public_sukub_csv
2026-01-07 15:00:00,77308.625,99551.416667,KPX_public_sukub_csv
2026-01-07 16:00:00,81303.966667,99061.591667,KPX_public_sukub_csv
2026-01-07 17:00:00,82605.575,99447.166667,KPX_public_sukub_csv
2026-01-07 18:00:00,81864.625,100594.025,KPX_public_sukub_csv
2026-01-07 19:00:00,80234.1,100376.1,KPX_public_sukub_csv
2026-01-07 20:00:00,77390.25,99385.525,KPX_public_sukub_csv
2026-01-07 21:00:00,74722.208333,99017.091667,KPX_public_sukub_csv
2026-01-07 22:00:00,74087.041667,98979.908333,KPX_public_sukub_csv
2026-01-07 23:00:00,73004.675,99234.691667,KPX_public_sukub_csv
2026-01-08 00:00:00,69356.241667,99421.333333,KPX_public_sukub_csv
2026-01-08 01:00:00,66691.808333,99586.2,KPX_public_sukub_csv
2026-01-08 02:00:00,65199.616667,99694.116667,KPX_public_sukub_csv
2026-01-08 03:00:00,64400.091667,98672.383333,KPX_public_sukub_csv
2026-01-08 04:00:00,64871.425,98629.291667,KPX_public_sukub_csv
2026-01-08 05:00:00,66756.566667,98747.708333,KPX_public_sukub_csv
2026-01-08 06:00:00,71165.6,99217.4,KPX_public_sukub_csv
2026-01-08 07:00:00,78193.683333,99477.45,KPX_public_sukub_csv
2026-01-08 08:00:00,85123.183333,99643.933333,KPX_public_sukub_csv
2026-01-08 09:00:00,84218.116667,100884.666667,KPX_public_sukub_csv
2026-01-08 10:00:00,79686.909091,102514.636364,KPX_public_sukub_csv
2026-01-08 11:00:00,75310.825,103614.0,KPX_public_sukub_csv
2026-01-08 12:00:00,70245.9,104021.083333,KPX_public_sukub_csv
2026-01-08 13:00:00,72680.033333,103957.166667,KPX_public_sukub_csv
2026-01-08 14:00:00,75325.991667,103504.333333,KPX_public_sukub_csv
2026-01-08 15:00:00,78942.225,101739.5,KPX_public_sukub_csv
2026-01-08 16:00:00,83585.441667,100137.308333,KPX_public_sukub_csv
2026-01-08 17:00:00,85458.583333,100375.425,KPX_public_sukub_csv
2026-01-08 18:00:00,84156.741667,100955.916667,KPX_public_sukub_csv
2026-01-08 19:00:00,82443.433333,101044.083333,KPX_public_sukub_csv
2026-01-08 20:00:00,79196.45,100772.666667,KPX_public_sukub_csv
2026-01-08 21:00:00,76139.433333,100162.208333,KPX_public_sukub_csv
2026-01-08 22:00:00,75170.825,99567.058333,KPX_public_sukub_csv
2026-01-08 23:00:00,74108.3,99696.072727,KPX_public_sukub_csv
2026-01-09 00:00:00,70153.475,97358.216667,KPX_public_sukub_csv
2026-01-09 01:00:00,67624.35,97161.991667,KPX_public_sukub_csv
2026-01-09 02:00:00,66052.875,97212.591667,KPX_public_sukub_csv
2026-01-09 03:00:00,65192.954545,96796.036364,KPX_public_sukub_csv
2026-01-09 04:00:00,65316.533333,96114.708333,KPX_public_sukub_csv
2026-01-09 05:00:00,66878.383333,96040.425,KPX_public_sukub_csv
2026-01-09 06:00:00,70778.658333,96572.583333,KPX_public_sukub_csv
2026-01-09 07:00:00,77244.141667,96709.0,KPX_public_sukub_csv
2026-01-09 08:00:00,84389.508333,96838.308333,KPX_public_sukub_csv
2026-01-09 09:00:00,84840.266667,97672.516667,KPX_public_sukub_csv
2026-01-09 10:00:00,81246.616667,98802.883333,KPX_public_sukub_csv
2026-01-09 11:00:00,76512.033333,99099.775,KPX_public_sukub_csv
2026-01-09 12:00:00,72715.341667,99026.241667,KPX_public_sukub_csv
2026-01-09 13:00:00,76244.958333,98876.016667,KPX_public_sukub_csv
2026-01-09 14:00:00,78247.725,98100.675,KPX_public_sukub_csv
2026-01-09 15:00:00,79876.566667,97303.308333,KPX_public_sukub_csv
2026-01-09 16:00:00,81650.608333,96993.425,KPX_public_sukub_csv
2026-01-09 17:00:00,81308.4,96703.941667,KPX_public_sukub_csv
2026-01-09 18:00:00,79210.709091,96761.618182,KPX_public_sukub_csv
2026-01-09 19:00:00,77336.166667,96754.966667,KPX_public_sukub_csv
2026-01-09 20:00:00,74600.233333,96549.858333,KPX_public_sukub_csv
2026-01-09 21:00:00,72156.566667,96422.05,KPX_public_sukub_csv
2026-01-09 22:00:00,71395.016667,96224.941667,KPX_public_sukub_csv
2026-01-09 23:00:00,70398.95,95653.25,KPX_public_sukub_csv
2026-01-10 00:00:00,66564.708333,93136.258333,KPX_public_sukub_csv
2026-01-10 01:00:00,63704.683333,92865.375,KPX_public_sukub_csv
2026-01-10 02:00:00,61787.633333,92783.666667,KPX_public_sukub_csv
2026-01-10 03:00:00,60683.641667,92768.208333,KPX_public_sukub_csv
2026-01-10 04:00:00,60329.975,92749.241667,KPX_public_sukub_csv
2026-01-10 05:00:00,60748.616667,92822.241667,KPX_public_sukub_csv
2026-01-10 06:00:00,62022.158333,92912.958333,KPX_public_sukub_csv
2026-01-10 07:00:00,63833.881818,93601.736364,KPX_public_sukub_csv
2026-01-10 08:00:00,65573.083333,92889.583333,KPX_public_sukub_csv
2026-01-10 09:00:00,65182.858333,93835.741667,KPX_public_sukub_csv
2026-01-10 10:00:00,63680.633333,94642.508333,KPX_public_sukub_csv
2026-01-10 11:00:00,61544.4,95334.308333,KPX_public_sukub_csv
2026-01-10 12:00:00,59218.433333,95639.508333,KPX_public_sukub_csv
2026-01-10 13:00:00,60259.941667,95509.775,KPX_public_sukub_csv
2026-01-10 14:00:00,61829.691667,95019.2,KPX_public_sukub_csv
2026-01-10 15:00:00,64314.416667,94754.025,KPX_public_sukub_csv
2026-01-10 16:00:00,67519.658333,94389.008333,KPX_public_sukub_csv
2026-01-10 17:00:00,69760.158333,94708.441667,KPX_public_sukub_csv
2026-01-10 18:00:00,70594.825,94906.525,KPX_public_sukub_csv
2026-01-10 19:00:00,70029.408333,94842.225,KPX_public_sukub_csv
2026-01-10 20:00:00,68569.683333,94732.7,KPX_public_sukub_csv
2026-01-10 21:00:00,67127.45,94724.175,KPX_public_sukub_csv
2026-01-10 22:00:00,67244.716667,94603.7,KPX_public_sukub_csv
2026-01-10 23:00:00,67000.418182,94587.063636,KPX_public_sukub_csv
2026-01-11 00:00:00,63818.716667,95022.466667,KPX_public_sukub_csv
2026-01-11 01:00:00,61369.35,95546.075,KPX_public_sukub_csv
2026-01-11 02:00:00,59700.316667,95903.658333,KPX_public_sukub_csv
2026-01-11 03:00:00,58832.483333,95949.791667,KPX_public_sukub_csv
2026-01-11 04:00:00,58837.45,96002.283333,KPX_public_sukub_csv
2026-01-11 05:00:00,59503.191667,96047.75,KPX_public_sukub_csv
2026-01-11 06:00:00,60833.766667,95979.725,KPX_public_sukub_csv
2026-01-11 07:00:00,62413.233333,95971.408333,KPX_public_sukub_csv
2026-01-11 08:00:00,63191.533333,95397.675,KPX_public_sukub_csv
2026-01-11 09:00:00,61751.741667,95996.983333,KPX_public_sukub_csv
2026-01-11 10:00:00,59515.55,97568.783333,KPX_public_sukub_csv
2026-01-11 11:00:00,56208.675,97198.325,KPX_public_sukub_csv
2026-01-11 12:00:00,53890.5,97765.183333,KPX_public_sukub_csv
2026-01-11 13:00:00,53673.783333,97816.516667,KPX_public_sukub_csv
2026-01-11 14:00:00,55505.85,97531.675,KPX_public_sukub_csv
2026-01-11 15:00:00,59432.141667,96112.9,KPX_public_sukub_csv
2026-01-11 16:00:00,64551.283333,96422.208333,KPX_public_sukub_csv
2026-01-11 17:00:00,69324.4,96794.683333,KPX_public_sukub_csv
2026-01-11 18:00:00,71190.566667,97389.083333,KPX_public_sukub_csv
2026-01-11 19:00:00,70682.116667,97349.591667,KPX_public_sukub_csv
2026-01-11 20:00:00,69555.658333,97298.683333,KPX_public_sukub_csv
2026-01-11 21:00:00,68051.258333,97031.933333,KPX_public_sukub_csv
2026-01-11 22:00:00,67334.966667,97041.133333,KPX_public_sukub_csv
2026-01-11 23:00:00,66795.891667,97004.908333,KPX_public_sukub_csv
2026-01-12 00:00:00,64197.483333,97878.325,KPX_public_sukub_csv
2026-01-12 01:00:00,61950.441667,97924.366667,KPX_public_sukub_csv
2026-01-12 02:00:00,60641.491667,97969.158333,KPX_public_sukub_csv
2026-01-12 03:00:00,60114.791667,98031.591667,KPX_public_sukub_csv
2026-01-12 04:00:00,60517.683333,98100.366667,KPX_public_sukub_csv
2026-01-12 05:00:00,62766.133333,98863.833333,KPX_public_sukub_csv
2026-01-12 06:00:00,67422.1,98917.908333,KPX_public_sukub_csv
2026-01-12 07:00:00,75824.2,98529.866667,KPX_public_sukub_csv
2026-01-12 08:00:00,85270.275,98301.975,KPX_public_sukub_csv
2026-01-12 09:00:00,87579.375,99268.725,KPX_public_sukub_csv
2026-01-12 10:00:00,85869.325,100236.416667,KPX_public_sukub_csv
2026-01-12 11:00:00,83424.533333,100472.666667,KPX_public_sukub_csv
2026-01-12 12:00:00,79707.825,100128.75,KPX_public_sukub_csv
2026-01-12 13:00:00,82688.341667,101124.083333,KPX_public_sukub_csv
2026-01-12 14:00:00,83993.258333,102119.25,KPX_public_sukub_csv
2026-01-12 15:00:00,84511.572727,101654.545455,KPX_public_sukub_csv
2026-01-12 16:00:00,86037.966667,100970.583333,KPX_public_sukub_csv
2026-01-12 17:00:00,85610.341667,100778.083333,KPX_public_sukub_csv
2026-01-12 18:00:00,83331.016667,100419.666667,KPX_public_sukub_csv
2026-01-12 19:00:00,80513.441667,100375.0,KPX_public_sukub_csv
2026-01-12 20:00:00,77108.166667,100216.333333,KPX_public_sukub_csv
2026-01-12 21:00:00,74120.708333,99559.625,KPX_public_sukub_csv
2026-01-12 22:00:00,72756.083333,99350.208333,KPX_public_sukub_csv
2026-01-12 23:00:00,71462.09,99334.43,KPX_public_sukub_csv
2026-01-13 00:00:00,67222.108333,98455.183333,KPX_public_sukub_csv
2026-01-13 01:00:00,64610.141667,98464.75,KPX_public_sukub_csv
2026-01-13 02:00:00,63074.45,98616.258333,KPX_public_sukub_csv
2026-01-13 03:00:00,62421.208333,98831.016667,KPX_public_sukub_csv
2026-01-13 04:00:00,62723.091667,98979.741667,KPX_public_sukub_csv
2026-01-13 05:00:00,64675.133333,98931.658333,KPX_public_sukub_csv
2026-01-13 06:00:00,68580.8,98572.616667,KPX_public_sukub_csv
2026-01-13 07:00:00,75077.691667,98908.308333,KPX_public_sukub_csv
2026-01-13 08:00:00,82658.125,100413.6,KPX_public_sukub_csv
2026-01-13 09:00:00,82549.583333,101649.0,KPX_public_sukub_csv
2026-01-13 10:00:00,79536.841667,103095.5,KPX_public_sukub_csv
2026-01-13 11:00:00,75818.558333,103690.833333,KPX_public_sukub_csv
2026-01-13 12:00:00,70999.358333,104412.25,KPX_public_sukub_csv
2026-01-13 13:00:00,73371.033333,104560.833333,KPX_public_sukub_csv
2026-01-13 14:00:00,75572.183333,104254.833333,KPX_public_sukub_csv
2026-01-13 15:00:00,78292.766667,103456.833333,KPX_public_sukub_csv
2026-01-13 16:00:00,81790.433333,102124.916667,KPX_public_sukub_csv
2026-01-13 17:00:00,84270.05,101422.416667,KPX_public_sukub_csv
2026-01-13 18:00:00,83634.391667,102103.25,KPX_public_sukub_csv
2026-01-13 19:00:00,81637.025,101862.833333,KPX_public_sukub_csv
2026-01-13 20:00:00,78495.675,101070.583333,KPX_public_sukub_csv
2026-01-13 21:00:00,75653.041667,100689.5,KPX_public_sukub_csv
2026-01-13 22:00:00,74604.941667,100181.416667,KPX_public_sukub_csv
2026-01-13 23:00:00,73597.854545,99932.436364,KPX_public_sukub_csv
2026-01-14 00:00:00,69676.1,99581.85,KPX_public_sukub_csv
2026-01-14 01:00:00,67167.291667,99612.4,KPX_public_sukub_csv
2026-01-14 02:00:00,65621.208333,98618.6,KPX_public_sukub_csv
2026-01-14 03:00:00,65024.75,98588.033333,KPX_public_sukub_csv
2026-01-14 04:00:00,65368.783333,98650.716667,KPX_public_sukub_csv
2026-01-14 05:00:00,67210.658333,98697.366667,KPX_public_sukub_csv
2026-01-14 06:00:00,71432.575,99207.625,KPX_public_sukub_csv
2026-01-14 07:00:00,78193.133333,99840.191667,KPX_public_sukub_csv
2026-01-14 08:00:00,85378.925,100451.416667,KPX_public_sukub_csv
2026-01-14 09:00:00,84520.15,101672.583333,KPX_public_sukub_csv
2026-01-14 10:00:00,80973.333333,103088.583333,KPX_public_sukub_csv
2026-01-14 11:00:00,77098.258333,103462.166667,KPX_public_sukub_csv
2026-01-14 12:00:00,72187.65,102517.75,KPX_public_sukub_csv
2026-01-14 13:00:00,75351.358333,102077.666667,KPX_public_sukub_csv
2026-01-14 14:00:00,78362.2,101336.416667,KPX_public_sukub_csv
2026-01-14 15:00:00,80659.675,100555.691667,KPX_public_sukub_csv
2026-01-14 16:00:00,82372.416667,99913.041667,KPX_public_sukub_csv
2026-01-14 17:00:00,82839.108333,99710.008333,KPX_public_sukub_csv
2026-01-14 18:00:00,81397.716667,99841.108333,KPX_public_sukub_csv
2026-01-14 19:00:00,79526.191667,99714.575,KPX_public_sukub_csv
2026-01-14 20:00:00,76376.783333,99417.908333,KPX_public_sukub_csv
2026-01-14 21:00:00,73343.258333,99077.525,KPX_public_sukub_csv
2026-01-14 22:00:00,71994.766667,98880.158333,KPX_public_sukub_csv
2026-01-14 23:00:00,70900.963636,98956.490909,KPX_public_sukub_csv
2026-01-15 00:00:00,66762.133333,98905.616667,KPX_public_sukub_csv
2026-01-15 01:00:00,64031.591667,98891.458333,KPX_public_sukub_csv
2026-01-15 02:00:00,62264.666667,97865.616667,KPX_public_sukub_csv
2026-01-15 03:00:00,61446.483333,97822.4,KPX_public_sukub_csv
2026-01-15 04:00:00,61689.558333,97716.191667,KPX_public_sukub_csv
2026-01-15 05:00:00,63249.85,97664.741667,KPX_public_sukub_csv
2026-01-15 06:00:00,66832.641667,97583.35,KPX_public_sukub_csv
2026-01-15 07:00:00,73008.55,98476.166667,KPX_public_sukub_csv
2026-01-15 08:00:00,80244.075,98334.2,KPX_public_sukub_csv
2026-01-15 09:00:00,81692.541667,99558.625,KPX_public_sukub_csv
2026-01-15 10:00:00,79762.316667,100529.25,KPX_public_sukub_csv
2026-01-15 11:00:00,76443.516667,101219.083333,KPX_public_sukub_csv
2026-01-15 12:00:00,70989.783333,101147.583333,KPX_public_sukub_csv
2026-01-15 13:00:00,72163.063636,101209.909091,KPX_public_sukub_csv
2026-01-15 14:00:00,72529.975,100899.5,KPX_public_sukub_csv
2026-01-15 15:00:00,74226.425,99830.925,KPX_public_sukub_csv
2026-01-15 16:00:00,76825.991667,98884.016667,KPX_public_sukub_csv
2026-01-15 17:00:00,77846.625,98453.691667,KPX_public_sukub_csv
2026-01-15 18:00:00,77764.791667,98595.9,KPX_public_sukub_csv
2026-01-15 19:00:00,76333.458333,98562.658333,KPX_public_sukub_csv
2026-01-15 20:00:00,73610.958333,98636.75,KPX_public_sukub_csv
2026-01-15 21:00:00,71258.45,98624.158333,KPX_public_sukub_csv
2026-01-15 22:00:00,70635.958333,98442.916667,KPX_public_sukub_csv
2026-01-15 23:00:00,69812.490909,98332.018182,KPX_public_sukub_csv
2026-01-16 00:00:00,65806.175,95899.6,KPX_public_sukub_csv
2026-01-16 01:00:00,63201.966667,95460.533333,KPX_public_sukub_csv
2026-01-16 02:00:00,61849.125,95409.15,KPX_public_sukub_csv
2026-01-16 03:00:00,61074.041667,95400.216667,KPX_public_sukub_csv
2026-01-16 04:00:00,61519.966667,95365.366667,KPX_public_sukub_csv
2026-01-16 05:00:00,63216.416667,95307.908333,KPX_public_sukub_csv
2026-01-16 06:00:00,67037.891667,93933.058333,KPX_public_sukub_csv
2026-01-16 07:00:00,73112.9,94768.658333,KPX_public_sukub_csv
2026-01-16 08:00:00,80018.608333,94460.108333,KPX_public_sukub_csv
2026-01-16 09:00:00,80840.933333,95593.783333,KPX_public_sukub_csv
2026-01-16 10:00:00,78203.108333,96732.366667,KPX_public_sukub_csv
2026-01-16 11:00:00,73755.866667,97368.266667,KPX_public_sukub_csv
2026-01-16 12:00:00,66724.1,97179.283333,KPX_public_sukub_csv
2026-01-16 13:00:00,66896.341667,98077.358333,KPX_public_sukub_csv
2026-01-16 14:00:00,67882.418182,98875.336364,KPX_public_sukub_csv
2026-01-16 15:00:00,70115.966667,97784.216667,KPX_public_sukub_csv
2026-01-16 16:00:00,73729.416667,96162.866667,KPX_public_sukub_csv
2026-01-16 17:00:00,75472.525,95632.841667,KPX_public_sukub_csv
2026-01-16 18:00:00,75372.258333,95676.891667,KPX_public_sukub_csv
2026-01-16 19:00:00,74528.158333,95658.416667,KPX_public_sukub_csv
2026-01-16 20:00:00,72485.341667,95495.083333,KPX_public_sukub_csv
2026-01-16 21:00:00,70353.033333,96942.55,KPX_public_sukub_csv
2026-01-16 22:00:00,69749.758333,96730.541667,KPX_public_sukub_csv
2026-01-16 23:00:00,68809.391667,95387.041667,KPX_public_sukub_csv
2026-01-17 00:00:00,64974.625,91268.266667,KPX_public_sukub_csv
2026-01-17 01:00:00,62278.216667,91196.375,KPX_public_sukub_csv
2026-01-17 02:00:00,60316.516667,92110.316667,KPX_public_sukub_csv
2026-01-17 03:00:00,59181.025,91598.391667,KPX_public_sukub_csv
2026-01-17 04:00:00,59412.6,91381.781818,KPX_public_sukub_csv
2026-01-17 05:00:00,60289.733333,90284.608333,KPX_public_sukub_csv
2026-01-17 06:00:00,62018.991667,90149.766667,KPX_public_sukub_csv
2026-01-17 07:00:00,64135.333333,90078.591667,KPX_public_sukub_csv
2026-01-17 08:00:00,65404.425,89511.775,KPX_public_sukub_csv
2026-01-17 09:00:00,63575.25,90571.708333,KPX_public_sukub_csv
2026-01-17 10:00:00,59993.841667,91786.466667,KPX_public_sukub_csv
2026-01-17 11:00:00,55931.25,92249.883333,KPX_public_sukub_csv
2026-01-17 12:00:00,52564.433333,92612.65,KPX_public_sukub_csv
2026-01-17 13:00:00,52648.308333,92685.233333,KPX_public_sukub_csv
2026-01-17 14:00:00,54180.75,92376.875,KPX_public_sukub_csv
2026-01-17 15:00:00,57345.709091,92434.718182,KPX_public_sukub_csv
2026-01-17 16:00:00,61939.291667,91648.875,KPX_public_sukub_csv
2026-01-17 17:00:00,65716.691667,91904.375,KPX_public_sukub_csv
2026-01-17 18:00:00,67622.227273,92272.472727,KPX_public_sukub_csv
2026-01-17 19:00:00,67362.725,92258.366667,KPX_public_sukub_csv
2026-01-17 20:00:00,66559.441667,90909.708333,KPX_public_sukub_csv
2026-01-17 21:00:00,65197.825,91261.45,KPX_public_sukub_csv
2026-01-17 22:00:00,65591.666667,91241.483333,KPX_public_sukub_csv
2026-01-17 23:00:00,65196.581818,91236.536364,KPX_public_sukub_csv
2026-01-18 00:00:00,61975.508333,90479.75,KPX_public_sukub_csv
2026-01-18 01:00:00,59402.55,91332.775,KPX_public_sukub_csv
2026-01-18 02:00:00,57830.116667,91696.625,KPX_public_sukub_csv
2026-01-18 03:00:00,57034.958333,91867.016667,KPX_public_sukub_csv
2026-01-18 04:00:00,57230.916667,90940.358333,KPX_public_sukub_csv
2026-01-18 05:00:00,57834.216667,90836.616667,KPX_public_sukub_csv
2026-01-18 06:00:00,59122.225,90729.458333,KPX_public_sukub_csv
2026-01-18 07:00:00,60234.472727,90194.709091,KPX_public_sukub_csv
2026-01-18 08:00:00,60270.55,89554.883333,KPX_public_sukub_csv
2026-01-18 09:00:00,58616.575,89896.208333,KPX_public_sukub_csv
2026-01-18 10:00:00,57520.716667,90394.183333,KPX_public_sukub_csv
2026-01-18 11:00:00,56150.883333,91172.533333,KPX_public_sukub_csv
2026-01-18 12:00:00,54953.641667,91445.566667,KPX_public_sukub_csv
2026-01-18 13:00:00,54008.508333,92859.6,KPX_public_sukub_csv
2026-01-18 14:00:00,54664.325,92651.808333,KPX_public_sukub_csv
2026-01-18 15:00:00,56958.5,92482.6,KPX_public_sukub_csv
2026-01-18 16:00:00,60831.741667,92628.783333,KPX_public_sukub_csv
2026-01-18 17:00:00,64596.45,92383.016667,KPX_public_sukub_csv
2026-01-18 18:00:00,66533.409091,94368.881818,KPX_public_sukub_csv
2026-01-18 19:00:00,66295.333333,95060.341667,KPX_public_sukub_csv
2026-01-18 20:00:00,65425.658333,94987.65,KPX_public_sukub_csv
2026-01-18 21:00:00,64040.333333,94884.191667,KPX_public_sukub_csv
2026-01-18 22:00:00,63326.666667,95015.275,KPX_public_sukub_csv
2026-01-18 23:00:00,62683.481818,95559.354545,KPX_public_sukub_csv
2026-01-19 00:00:00,59622.141667,96633.35,KPX_public_sukub_csv
2026-01-19 01:00:00,57311.2,97090.725,KPX_public_sukub_csv
2026-01-19 02:00:00,55977.1,97199.675,KPX_public_sukub_csv
2026-01-19 03:00:00,55590.416667,97404.75,KPX_public_sukub_csv
2026-01-19 04:00:00,56324.55,97582.908333,KPX_public_sukub_csv
2026-01-19 05:00:00,58634.641667,97670.316667,KPX_public_sukub_csv
2026-01-19 06:00:00,63427.741667,98977.483333,KPX_public_sukub_csv
2026-01-19 07:00:00,71029.691667,99832.6,KPX_public_sukub_csv
2026-01-19 08:00:00,80791.625,99668.2,KPX_public_sukub_csv
2026-01-19 09:00:00,85362.781818,100104.2,KPX_public_sukub_csv
2026-01-19 10:00:00,85309.6,100641.916667,KPX_public_sukub_csv
2026-01-19 11:00:00,83088.954545,101445.181818,KPX_public_sukub_csv
2026-01-19 12:00:00,78350.718182,101878.272727,KPX_public_sukub_csv
2026-01-19 13:00:00,79441.245455,102582.090909,KPX_public_sukub_csv
2026-01-19 14:00:00,79956.625,102578.083333,KPX_public_sukub_csv
2026-01-19 15:00:00,81668.141667,102139.333333,KPX_public_sukub_csv
2026-01-19 16:00:00,84010.125,102076.166667,KPX_public_sukub_csv
2026-01-19 17:00:00,84298.991667,102274.0,KPX_public_sukub_csv
2026-01-19 18:00:00,83310.333333,102157.833333,KPX_public_sukub_csv
2026-01-19 19:00:00,81287.841667,102005.916667,KPX_public_sukub_csv
2026-01-19 20:00:00,78220.2,101376.818182,KPX_public_sukub_csv
2026-01-19 21:00:00,75276.3,101348.583333,KPX_public_sukub_csv
2026-01-19 22:00:00,74297.690909,101076.454545,KPX_public_sukub_csv
2026-01-19 23:00:00,73266.418182,100982.0,KPX_public_sukub_csv
2026-01-20 00:00:00,69446.616667,101071.833333,KPX_public_sukub_csv
2026-01-20 01:00:00,66967.108333,101126.0,KPX_public_sukub_csv
2026-01-20 02:00:00,65516.208333,101089.833333,KPX_public_sukub_csv
2026-01-20 03:00:00,64790.625,101171.916667,KPX_public_sukub_csv
2026-01-20 04:00:00,65055.6,100557.636364,KPX_public_sukub_csv
2026-01-20 05:00:00,66871.608333,100340.083333,KPX_public_sukub_csv
2026-01-20 06:00:00,71281.808333,101214.333333,KPX_public_sukub_csv
2026-01-20 07:00:00,78048.916667,101287.666667,KPX_public_sukub_csv
2026-01-20 08:00:00,85923.033333,101451.333333,KPX_public_sukub_csv
2026-01-20 09:00:00,86491.066667,102154.75,KPX_public_sukub_csv
2026-01-20 10:00:00,82290.008333,103984.5,KPX_public_sukub_csv
2026-01-20 11:00:00,77915.608333,104440.666667,KPX_public_sukub_csv
2026-01-20 12:00:00,72406.9,104708.166667,KPX_public_sukub_csv
2026-01-20 13:00:00,74044.316667,105016.083333,KPX_public_sukub_csv
2026-01-20 14:00:00,75531.681818,104925.454545,KPX_public_sukub_csv
2026-01-20 15:00:00,78584.72,104449.9,KPX_public_sukub_csv
2026-01-20 16:00:00,83165.591667,102685.166667,KPX_public_sukub_csv
2026-01-20 17:00:00,85541.016667,101806.25,KPX_public_sukub_csv
2026-01-20 18:00:00,85234.318182,101674.727273,KPX_public_sukub_csv
2026-01-20 19:00:00,83445.916667,101571.916667,KPX_public_sukub_csv
2026-01-20 20:00:00,80148.058333,101295.25,KPX_public_sukub_csv
2026-01-20 21:00:00,77172.816667,101005.5,KPX_public_sukub_csv
2026-01-20 22:00:00,76213.841667,100530.25,KPX_public_sukub_csv
2026-01-20 23:00:00,75100.881818,100453.818182,KPX_public_sukub_csv
2026-01-21 00:00:00,71152.991667,99915.775,KPX_public_sukub_csv
2026-01-21 01:00:00,68544.981818,99768.245455,KPX_public_sukub_csv
2026-01-21 02:00:00,67039.391667,99724.591667,KPX_public_sukub_csv
2026-01-21 03:00:00,66314.783333,99807.241667,KPX_public_sukub_csv
2026-01-21 04:00:00,66660.125,99949.316667,KPX_public_sukub_csv
2026-01-21 05:00:00,68401.708333,100093.991667,KPX_public_sukub_csv
2026-01-21 06:00:00,72531.2,101009.181818,KPX_public_sukub_csv
2026-01-21 07:00:00,79518.266667,100946.0,KPX_public_sukub_csv
2026-01-21 08:00:00,86957.041667,101121.75,KPX_public_sukub_csv
2026-01-21 09:00:00,87624.35,102358.333333,KPX_public_sukub_csv
2026-01-21 10:00:00,83951.345455,103551.090909,KPX_public_sukub_csv
2026-01-21 11:00:00,80158.541667,104104.916667,KPX_public_sukub_csv
2026-01-21 12:00:00,74737.616667,103909.166667,KPX_public_sukub_csv
2026-01-21 13:00:00,76783.316667,104023.333333,KPX_public_sukub_csv
2026-01-21 14:00:00,78712.191667,103889.083333,KPX_public_sukub_csv
2026-01-21 15:00:00,81477.416667,104261.916667,KPX_public_sukub_csv
2026-01-21 16:00:00,85854.933333,103627.333333,KPX_public_sukub_csv
2026-01-21 17:00:00,87445.109091,103354.636364,KPX_public_sukub_csv
2026-01-21 18:00:00,86660.983333,103240.916667,KPX_public_sukub_csv
2026-01-21 19:00:00,84581.066667,103140.583333,KPX_public_sukub_csv
2026-01-21 20:00:00,81356.325,102929.0,KPX_public_sukub_csv
2026-01-21 21:00:00,78430.775,103029.75,KPX_public_sukub_csv
2026-01-21 22:00:00,77190.409091,102736.363636,KPX_public_sukub_csv
2026-01-21 23:00:00,76043.325,102540.083333,KPX_public_sukub_csv
2026-01-22 00:00:00,72333.15,102547.916667,KPX_public_sukub_csv
2026-01-22 01:00:00,69839.7,102520.833333,KPX_public_sukub_csv
2026-01-22 02:00:00,68184.233333,102518.25,KPX_public_sukub_csv
2026-01-22 03:00:00,67352.475,102471.083333,KPX_public_sukub_csv
2026-01-22 04:00:00,67476.366667,101613.416667,KPX_public_sukub_csv
2026-01-22 05:00:00,69313.925,101964.25,KPX_public_sukub_csv
2026-01-22 06:00:00,73203.254545,103157.272727,KPX_public_sukub_csv
2026-01-22 07:00:00,80585.641667,103025.5,KPX_public_sukub_csv
2026-01-22 08:00:00,88355.616667,103145.75,KPX_public_sukub_csv
2026-01-22 09:00:00,88302.172727,104318.636364,KPX_public_sukub_csv
2026-01-22 10:00:00,84217.275,105904.916667,KPX_public_sukub_csv
2026-01-22 11:00:00,80015.333333,106899.333333,KPX_public_sukub_csv
2026-01-22 12:00:00,74808.3,106778.75,KPX_public_sukub_csv
2026-01-22 13:00:00,77119.825,106891.083333,KPX_public_sukub_csv
2026-01-22 14:00:00,78836.466667,106483.75,KPX_public_sukub_csv
2026-01-22 15:00:00,81999.383333,105984.916667,KPX_public_sukub_csv
2026-01-22 16:00:00,86897.036364,104465.909091,KPX_public_sukub_csv
2026-01-22 17:00:00,88570.95,104136.916667,KPX_public_sukub_csv
2026-01-22 18:00:00,87607.627273,103767.090909,KPX_public_sukub_csv
2026-01-22 19:00:00,85376.275,103825.166667,KPX_public_sukub_csv
2026-01-22 20:00:00,81849.391667,103647.083333,KPX_public_sukub_csv
2026-01-22 21:00:00,78614.983333,102949.416667,KPX_public_sukub_csv
2026-01-22 22:00:00,77260.433333,102614.333333,KPX_public_sukub_csv
2026-01-22 23:00:00,76321.7,102602.7,KPX_public_sukub_csv
2026-01-23 00:00:00,72404.208333,102691.833333,KPX_public_sukub_csv
2026-01-23 01:00:00,69804.675,102673.833333,KPX_public_sukub_csv
2026-01-23 02:00:00,68223.016667,101580.333333,KPX_public_sukub_csv
2026-01-23 03:00:00,67262.075,101560.333333,KPX_public_sukub_csv
2026-01-23 04:00:00,67558.608333,101692.416667,KPX_public_sukub_csv
2026-01-23 05:00:00,69110.625,101816.916667,KPX_public_sukub_csv
2026-01-23 06:00:00,73066.35,102783.416667,KPX_public_sukub_csv
2026-01-23 07:00:00,79821.891667,102727.166667,KPX_public_sukub_csv
2026-01-23 08:00:00,87457.416667,102741.083333,KPX_public_sukub_csv
2026-01-23 09:00:00,87527.058333,103884.833333,KPX_public_sukub_csv
2026-01-23 10:00:00,83459.233333,105746.666667,KPX_public_sukub_csv
2026-01-23 11:00:00,79268.966667,106990.916667,KPX_public_sukub_csv
2026-01-23 12:00:00,75191.958333,106402.916667,KPX_public_sukub_csv
2026-01-23 13:00:00,79407.008333,105519.333333,KPX_public_sukub_csv
2026-01-23 14:00:00,82147.1,105016.083333,KPX_public_sukub_csv
2026-01-23 15:00:00,83690.066667,104083.5,KPX_public_sukub_csv
2026-01-23 16:00:00,84992.025,103569.166667,KPX_public_sukub_csv
2026-01-23 17:00:00,84520.6,103921.416667,KPX_public_sukub_csv
2026-01-23 18:00:00,83007.741667,103932.5,KPX_public_sukub_csv
2026-01-23 19:00:00,80941.0,103378.333333,KPX_public_sukub_csv
2026-01-23 20:00:00,78211.963636,102720.818182,KPX_public_sukub_csv
2026-01-23 21:00:00,75315.316667,102792.083333,KPX_public_sukub_csv
2026-01-23 22:00:00,74285.275,102491.0,KPX_public_sukub_csv
2026-01-23 23:00:00,73883.366667,101384.666667,KPX_public_sukub_csv
2026-01-24 00:00:00,69945.272727,95856.736364,KPX_public_sukub_csv
2026-01-24 01:00:00,67221.108333,94772.783333,KPX_public_sukub_csv
2026-01-24 02:00:00,65443.85,95104.85,KPX_public_sukub_csv
2026-01-24 03:00:00,64381.95,94938.108333,KPX_public_sukub_csv
2026-01-24 04:00:00,64264.733333,94677.416667,KPX_public_sukub_csv
2026-01-24 05:00:00,64994.108333,94965.641667,KPX_public_sukub_csv
2026-01-24 06:00:00,66663.05,95684.125,KPX_public_sukub_csv
2026-01-24 07:00:00,68823.433333,95776.75,KPX_public_sukub_csv
2026-01-24 08:00:00,71003.325,96499.141667,KPX_public_sukub_csv
2026-01-24 09:00:00,70479.616667,96290.95,KPX_public_sukub_csv
2026-01-24 10:00:00,67942.95,96414.933333,KPX_public_sukub_csv
2026-01-24 11:00:00,62618.625,97805.125,KPX_public_sukub_csv
2026-01-24 12:00:00,58325.709091,98946.618182,KPX_public_sukub_csv
2026-01-24 13:00:00,57834.5,99382.591667,KPX_public_sukub_csv
2026-01-24 14:00:00,58736.183333,99160.233333,KPX_public_sukub_csv
2026-01-24 15:00:00,61854.5,98400.25,KPX_public_sukub_csv
2026-01-24 16:00:00,67158.008333,96526.1,KPX_public_sukub_csv
2026-01-24 17:00:00,71262.091667,96478.033333,KPX_public_sukub_csv
2026-01-24 18:00:00,73172.291667,96782.45,KPX_public_sukub_csv
2026-01-24 19:00:00,72691.175,95857.991667,KPX_public_sukub_csv
2026-01-24 20:00:00,71456.916667,95716.35,KPX_public_sukub_csv
2026-01-24 21:00:00,69883.233333,93814.658333,KPX_public_sukub_csv
2026-01-24 22:00:00,69742.425,92986.333333,KPX_public_sukub_csv
2026-01-24 23:00:00,69529.416667,92985.316667,KPX_public_sukub_csv
2026-01-25 00:00:00,66199.191667,92710.45,KPX_public_sukub_csv
2026-01-25 01:00:00,63709.775,92797.15,KPX_public_sukub_csv
2026-01-25 02:00:00,61703.541667,92876.491667,KPX_public_sukub_csv
2026-01-25 03:00:00,61103.175,93281.516667,KPX_public_sukub_csv
2026-01-25 04:00:00,60957.275,92604.0,KPX_public_sukub_csv
2026-01-25 05:00:00,61659.9,92859.191667,KPX_public_sukub_csv
2026-01-25 06:00:00,62875.658333,93055.225,KPX_public_sukub_csv
2026-01-25 07:00:00,64259.35,93165.625,KPX_public_sukub_csv
2026-01-25 08:00:00,64156.916667,92610.491667,KPX_public_sukub_csv
2026-01-25 09:00:00,60082.691667,92315.666667,KPX_public_sukub_csv
2026-01-25 10:00:00,55930.558333,93043.491667,KPX_public_sukub_csv
2026-01-25 11:00:00,52878.590909,92935.045455,KPX_public_sukub_csv
2026-01-25 12:00:00,51094.583333,92220.808333,KPX_public_sukub_csv
2026-01-25 13:00:00,51220.991667,92435.625,KPX_public_sukub_csv
2026-01-25 14:00:00,53115.416667,92485.325,KPX_public_sukub_csv
2026-01-25 15:00:00,56920.541667,92032.175,KPX_public_sukub_csv
2026-01-25 16:00:00,62829.616667,92420.533333,KPX_public_sukub_csv
2026-01-25 17:00:00,68563.916667,91837.341667,KPX_public_sukub_csv
2026-01-25 18:00:00,71387.55,93406.716667,KPX_public_sukub_csv
2026-01-25 19:00:00,71429.158333,94098.208333,KPX_public_sukub_csv
2026-01-25 20:00:00,70297.491667,93556.6,KPX_public_sukub_csv
2026-01-25 21:00:00,68758.333333,93297.241667,KPX_public_sukub_csv
2026-01-25 22:00:00,68127.25,93181.558333,KPX_public_sukub_csv
2026-01-25 23:00:00,67373.233333,92572.116667,KPX_public_sukub_csv
2026-01-26 00:00:00,64613.258333,93704.058333,KPX_public_sukub_csv
2026-01-26 01:00:00,62620.516667,93540.416667,KPX_public_sukub_csv
2026-01-26 02:00:00,61162.708333,94211.491667,KPX_public_sukub_csv
2026-01-26 03:00:00,60648.558333,95888.133333,KPX_public_sukub_csv
2026-01-26 04:00:00,61062.425,96553.25,KPX_public_sukub_csv
2026-01-26 05:00:00,63658.883333,97644.658333,KPX_public_sukub_csv
2026-01-26 06:00:00,68944.591667,99318.775,KPX_public_sukub_csv
2026-01-26 07:00:00,76926.791667,100067.441667,KPX_public_sukub_csv
2026-01-26 08:00:00,85286.216667,101491.25,KPX_public_sukub_csv
2026-01-26 09:00:00,86790.991667,102595.75,KPX_public_sukub_csv
2026-01-26 10:00:00,85619.95,103033.5,KPX_public_sukub_csv
2026-01-26 11:00:00,83753.25,103050.416667,KPX_public_sukub_csv
2026-01-26 12:00:00,80803.427273,102838.818182,KPX_public_sukub_csv
2026-01-26 13:00:00,84206.675,102650.5,KPX_public_sukub_csv
2026-01-26 14:00:00,84387.191667,102405.75,KPX_public_sukub_csv
2026-01-26 15:00:00,84634.972727,101946.727273,KPX_public_sukub_csv
2026-01-26 16:00:00,85864.033333,101700.916667,KPX_public_sukub_csv
2026-01-26 17:00:00,86002.991667,101816.083333,KPX_public_sukub_csv
2026-01-26 18:00:00,84731.891667,101838.25,KPX_public_sukub_csv
2026-01-26 19:00:00,82321.908333,102125.0,KPX_public_sukub_csv
2026-01-26 20:00:00,78618.008333,101871.416667,KPX_public_sukub_csv
2026-01-26 21:00:00,75395.025,102298.25,KPX_public_sukub_csv
2026-01-26 22:00:00,74108.875,102080.75,KPX_public_sukub_csv
2026-01-26 23:00:00,73064.318182,102136.090909,KPX_public_sukub_csv
2026-01-27 00:00:00,69212.133333,101942.25,KPX_public_sukub_csv
2026-01-27 01:00:00,66685.925,101953.583333,KPX_public_sukub_csv
2026-01-27 02:00:00,65317.325,101126.416667,KPX_public_sukub_csv
2026-01-27 03:00:00,64368.875,101154.666667,KPX_public_sukub_csv
2026-01-27 04:00:00,64798.408333,101218.583333,KPX_public_sukub_csv
2026-01-27 05:00:00,66704.141667,101385.666667,KPX_public_sukub_csv
2026-01-27 06:00:00,70989.85,102548.583333,KPX_public_sukub_csv
2026-01-27 07:00:00,78001.1,102753.416667,KPX_public_sukub_csv
2026-01-27 08:00:00,85056.7,103107.416667,KPX_public_sukub_csv
2026-01-27 09:00:00,84335.416667,104367.666667,KPX_public_sukub_csv
2026-01-27 10:00:00,79718.133333,106192.916667,KPX_public_sukub_csv
2026-01-27 11:00:00,74952.766667,106852.583333,KPX_public_sukub_csv
2026-01-27 12:00:00,69796.508333,107202.833333,KPX_public_sukub_csv
2026-01-27 13:00:00,72025.091667,107180.916667,KPX_public_sukub_csv
2026-01-27 14:00:00,73896.816667,107064.833333,KPX_public_sukub_csv
2026-01-27 15:00:00,77546.23,105633.7,KPX_public_sukub_csv
2026-01-27 16:00:00,81975.266667,104763.25,KPX_public_sukub_csv
2026-01-27 17:00:00,84469.533333,103938.583333,KPX_public_sukub_csv
2026-01-27 18:00:00,84448.775,103412.416667,KPX_public_sukub_csv
2026-01-27 19:00:00,82892.116667,103390.083333,KPX_public_sukub_csv
2026-01-27 20:00:00,79810.083333,103559.666667,KPX_public_sukub_csv
2026-01-27 21:00:00,76877.783333,102674.0,KPX_public_sukub_csv
2026-01-27 22:00:00,75596.854545,102504.818182,KPX_public_sukub_csv
2026-01-27 23:00:00,74585.136364,102513.727273,KPX_public_sukub_csv
2026-01-28 00:00:00,70654.3,102413.833333,KPX_public_sukub_csv
2026-01-28 01:00:00,67912.675,102442.75,KPX_public_sukub_csv
2026-01-28 02:00:00,66386.558333,101290.083333,KPX_public_sukub_csv
2026-01-28 03:00:00,65606.141667,101382.416667,KPX_public_sukub_csv
2026-01-28 04:00:00,65946.641667,101582.333333,KPX_public_sukub_csv
2026-01-28 05:00:00,67926.316667,101570.666667,KPX_public_sukub_csv
2026-01-28 06:00:00,72212.4,101480.916667,KPX_public_sukub_csv
2026-01-28 07:00:00,79099.108333,102239.75,KPX_public_sukub_csv
2026-01-28 08:00:00,86338.841667,103182.166667,KPX_public_sukub_csv
2026-01-28 09:00:00,85725.591667,104597.416667,KPX_public_sukub_csv
2026-01-28 10:00:00,80828.766667,105865.166667,KPX_public_sukub_csv
2026-01-28 11:00:00,76116.691667,106184.0,KPX_public_sukub_csv
2026-01-28 12:00:00,70636.641667,106537.0,KPX_public_sukub_csv
2026-01-28 13:00:00,72658.291667,107218.916667,KPX_public_sukub_csv
2026-01-28 14:00:00,74503.391667,107512.083333,KPX_public_sukub_csv
2026-01-28 15:00:00,77608.816667,106746.333333,KPX_public_sukub_csv
2026-01-28 16:00:00,82343.283333,105274.166667,KPX_public_sukub_csv
2026-01-28 17:00:00,84702.283333,104298.833333,KPX_public_sukub_csv
2026-01-28 18:00:00,84436.525,104205.666667,KPX_public_sukub_csv
2026-01-28 19:00:00,82969.266667,104389.25,KPX_public_sukub_csv
2026-01-28 20:00:00,80072.016667,104026.833333,KPX_public_sukub_csv
2026-01-28 21:00:00,76852.566667,103348.666667,KPX_public_sukub_csv
2026-01-28 22:00:00,75630.636364,103163.727273,KPX_public_sukub_csv
2026-01-28 23:00:00,74339.966667,103224.666667,KPX_public_sukub_csv
2026-01-29 00:00:00,70700.016667,102810.5,KPX_public_sukub_csv
2026-01-29 01:00:00,68078.358333,102725.0,KPX_public_sukub_csv
2026-01-29 02:00:00,66598.541667,101894.5,KPX_public_sukub_csv
2026-01-29 03:00:00,65943.072727,101814.727273,KPX_public_sukub_csv
2026-01-29 04:00:00,66299.2,101795.833333,KPX_public_sukub_csv
2026-01-29 05:00:00,68057.8,101836.833333,KPX_public_sukub_csv
2026-01-29 06:00:00,72073.525,103587.5,KPX_public_sukub_csv
2026-01-29 07:00:00,78943.65,103741.666667,KPX_public_sukub_csv
2026-01-29 08:00:00,85968.972727,103500.909091,KPX_public_sukub_csv
2026-01-29 09:00:00,86190.15,104740.583333,KPX_public_sukub_csv
2026-01-29 10:00:00,82754.208333,106042.75,KPX_public_sukub_csv
2026-01-29 11:00:00,78514.366667,106043.0,KPX_public_sukub_csv
2026-01-29 12:00:00,72733.358333,106858.75,KPX_public_sukub_csv
2026-01-29 13:00:00,74105.608333,107139.5,KPX_public_sukub_csv
2026-01-29 14:00:00,75355.075,106827.666667,KPX_public_sukub_csv
2026-01-29 15:00:00,77835.383333,105998.583333,KPX_public_sukub_csv
2026-01-29 16:00:00,82209.841667,104919.666667,KPX_public_sukub_csv
2026-01-29 17:00:00,84575.783333,105037.25,KPX_public_sukub_csv
2026-01-29 18:00:00,84759.983333,104890.083333,KPX_public_sukub_csv
2026-01-29 19:00:00,82973.609091,104886.090909,KPX_public_sukub_csv
2026-01-29 20:00:00,79885.258333,104601.083333,KPX_public_sukub_csv
2026-01-29 21:00:00,76892.7,103972.416667,KPX_public_sukub_csv
2026-01-29 22:00:00,75850.218182,103857.272727,KPX_public_sukub_csv
2026-01-29 23:00:00,74670.016667,103730.666667,KPX_public_sukub_csv
2026-01-30 00:00:00,70916.65,100232.341667,KPX_public_sukub_csv
2026-01-30 01:00:00,68214.641667,99965.825,KPX_public_sukub_csv
2026-01-30 02:00:00,66574.141667,99468.558333,KPX_public_sukub_csv
2026-01-30 03:00:00,65679.566667,99457.316667,KPX_public_sukub_csv
2026-01-30 04:00:00,66037.516667,99484.008333,KPX_public_sukub_csv
2026-01-30 05:00:00,67913.625,99848.175,KPX_public_sukub_csv
2026-01-30 06:00:00,71996.941667,99986.091667,KPX_public_sukub_csv
2026-01-30 07:00:00,78666.95,99873.508333,KPX_public_sukub_csv
2026-01-30 08:00:00,85488.566667,100234.591667,KPX_public_sukub_csv
2026-01-30 09:00:00,85991.736364,101043.636364,KPX_public_sukub_csv
2026-01-30 10:00:00,83073.741667,102147.083333,KPX_public_sukub_csv
2026-01-30 11:00:00,79283.008333,102906.166667,KPX_public_sukub_csv
2026-01-30 12:00:00,75953.55,102856.5,KPX_public_sukub_csv
2026-01-30 13:00:00,79312.891667,102727.916667,KPX_public_sukub_csv
2026-01-30 14:00:00,78721.658333,102808.5,KPX_public_sukub_csv
2026-01-30 15:00:00,78668.95,102943.416667,KPX_public_sukub_csv
2026-01-30 16:00:00,81685.691667,102269.416667,KPX_public_sukub_csv
2026-01-30 17:00:00,83590.783333,101405.25,KPX_public_sukub_csv
2026-01-30 18:00:00,83330.891667,101220.5,KPX_public_sukub_csv
2026-01-30 19:00:00,81592.566667,101373.5,KPX_public_sukub_csv
2026-01-30 20:00:00,78976.041667,102472.416667,KPX_public_sukub_csv
2026-01-30 21:00:00,76044.083333,101814.333333,KPX_public_sukub_csv
2026-01-30 22:00:00,74969.091667,100590.416667,KPX_public_sukub_csv
2026-01-30 23:00:00,74138.263636,100493.363636,KPX_public_sukub_csv
2026-01-31 00:00:00,70474.925,100560.25,KPX_public_sukub_csv
2026-01-31 01:00:00,67593.391667,100791.416667,KPX_public_sukub_csv
2026-01-31 02:00:00,65941.641667,100036.233333,KPX_public_sukub_csv
2026-01-31 03:00:00,64887.658333,100070.833333,KPX_public_sukub_csv
2026-01-31 04:00:00,64655.35,99591.591667,KPX_public_sukub_csv
2026-01-31 05:00:00,65494.816667,99285.425,KPX_public_sukub_csv
2026-01-31 06:00:00,66964.608333,99204.516667,KPX_public_sukub_csv
2026-01-31 07:00:00,69119.925,99239.575,KPX_public_sukub_csv
2026-01-31 08:00:00,69766.391667,99026.791667,KPX_public_sukub_csv
2026-01-31 09:00:00,66722.766667,100212.35,KPX_public_sukub_csv
2026-01-31 10:00:00,63059.95,101461.25,KPX_public_sukub_csv
2026-01-31 11:00:00,59277.008333,99924.741667,KPX_public_sukub_csv
2026-01-31 12:00:00,55618.275,100173.258333,KPX_public_sukub_csv
2026-01-31 13:00:00,55486.325,100725.916667,KPX_public_sukub_csv
2026-01-31 14:00:00,56750.758333,100533.0,KPX_public_sukub_csv
2026-01-31 15:00:00,59784.116667,100734.208333,KPX_public_sukub_csv
2026-01-31 16:00:00,64922.963636,100034.372727,KPX_public_sukub_csv
2026-01-31 17:00:00,69323.608333,99458.858333,KPX_public_sukub_csv
2026-01-31 18:00:00,71848.041667,99963.191667,KPX_public_sukub_csv
2026-01-31 19:00:00,71375.633333,99933.775,KPX_public_sukub_csv
2026-01-31 20:00:00,70276.85,99711.3,KPX_public_sukub_csv
2026-01-31 21:00:00,68593.575,98720.4,KPX_public_sukub_csv
2026-01-31 22:00:00,68224.266667,98402.808333,KPX_public_sukub_csv
2026-01-31 23:00:00,67842.090909,98878.345455,KPX_public_sukub_csv
2026-02-01 00:00:00,64419.633333,98149.65,KPX_public_sukub_csv
2026-02-01 01:00:00,61990.783333,98138.708333,KPX_public_sukub_csv
2026-02-01 02:00:00,60213.25,98233.291667,KPX_public_sukub_csv
2026-02-01 03:00:00,59234.283333,98377.8,KPX_public_sukub_csv
2026-02-01 04:00:00,59145.75,97863.1,KPX_public_sukub_csv
2026-02-01 05:00:00,59781.475,97935.716667,KPX_public_sukub_csv
2026-02-01 06:00:00,61062.983333,97863.941667,KPX_public_sukub_csv
2026-02-01 07:00:00,62589.941667,97589.483333,KPX_public_sukub_csv
2026-02-01 08:00:00,62765.283333,96996.416667,KPX_public_sukub_csv
2026-02-01 09:00:00,59872.708333,97444.483333,KPX_public_sukub_csv
2026-02-01 10:00:00,55542.9,97053.591667,KPX_public_sukub_csv
2026-02-01 11:00:00,51824.166667,96251.608333,KPX_public_sukub_csv
2026-02-01 12:00:00,49311.091667,95479.966667,KPX_public_sukub_csv
2026-02-01 13:00:00,49265.7,96034.816667,KPX_public_sukub_csv
2026-02-01 14:00:00,50834.15,97407.983333,KPX_public_sukub_csv
2026-02-01 15:00:00,54829.318182,97022.890909,KPX_public_sukub_csv
2026-02-01 16:00:00,60865.383333,95620.658333,KPX_public_sukub_csv
2026-02-01 17:00:00,66649.125,95809.516667,KPX_public_sukub_csv
2026-02-01 18:00:00,69797.725,95396.916667,KPX_public_sukub_csv
2026-02-01 19:00:00,69812.716667,95520.283333,KPX_public_sukub_csv
2026-02-01 20:00:00,69018.05,95281.208333,KPX_public_sukub_csv
2026-02-01 21:00:00,67395.075,94901.383333,KPX_public_sukub_csv
2026-02-01 22:00:00,66701.716667,94784.858333,KPX_public_sukub_csv
2026-02-01 23:00:00,65970.972727,94556.645455,KPX_public_sukub_csv
2026-02-02 00:00:00,63205.033333,95998.266667,KPX_public_sukub_csv
2026-02-02 01:00:00,61082.583333,96471.158333,KPX_public_sukub_csv
2026-02-02 02:00:00,59870.016667,96798.725,KPX_public_sukub_csv
2026-02-02 03:00:00,59345.408333,97594.108333,KPX_public_sukub_csv
2026-02-02 04:00:00,60023.741667,97705.508333,KPX_public_sukub_csv
2026-02-02 05:00:00,62223.491667,99583.416667,KPX_public_sukub_csv
2026-02-02 06:00:00,67066.627273,99838.718182,KPX_public_sukub_csv
2026-02-02 07:00:00,75127.891667,101040.558333,KPX_public_sukub_csv
2026-02-02 08:00:00,84783.883333,101191.583333,KPX_public_sukub_csv
2026-02-02 09:00:00,88637.358333,101900.333333,KPX_public_sukub_csv
2026-02-02 10:00:00,86821.083333,103159.916667,KPX_public_sukub_csv
2026-02-02 11:00:00,82927.591667,104456.666667,KPX_public_sukub_csv
2026-02-02 12:00:00,76341.566667,105176.75,KPX_public_sukub_csv
2026-02-02 13:00:00,76348.141667,105676.583333,KPX_public_sukub_csv
2026-02-02 14:00:00,76312.591667,105778.666667,KPX_public_sukub_csv
2026-02-02 15:00:00,77555.216667,105143.25,KPX_public_sukub_csv
2026-02-02 16:00:00,81386.516667,103856.666667,KPX_public_sukub_csv
2026-02-02 17:00:00,84002.95,103194.5,KPX_public_sukub_csv
2026-02-02 18:00:00,84107.841667,102703.833333,KPX_public_sukub_csv
2026-02-02 19:00:00,82245.883333,102550.916667,KPX_public_sukub_csv
2026-02-02 20:00:00,79259.209091,102228.090909,KPX_public_sukub_csv
2026-02-02 21:00:00,75820.1,102046.1,KPX_public_sukub_csv
2026-02-02 22:00:00,74673.45,101364.666667,KPX_public_sukub_csv
2026-02-02 23:00:00,73572.509091,101474.727273,KPX_public_sukub_csv
2026-02-03 00:00:00,69870.85,101110.416667,KPX_public_sukub_csv
2026-02-03 01:00:00,67272.608333,101033.25,KPX_public_sukub_csv
2026-02-03 02:00:00,65871.141667,101153.583333,KPX_public_sukub_csv
2026-02-03 03:00:00,65072.975,102369.583333,KPX_public_sukub_csv
2026-02-03 04:00:00,65537.0,102433.25,KPX_public_sukub_csv
2026-02-03 05:00:00,67464.733333,102518.666667,KPX_public_sukub_csv
2026-02-03 06:00:00,71820.866667,103667.25,KPX_public_sukub_csv
2026-02-03 07:00:00,78876.033333,103605.416667,KPX_public_sukub_csv
2026-02-03 08:00:00,85181.05,103457.166667,KPX_public_sukub_csv
2026-02-03 09:00:00,83685.483333,104331.583333,KPX_public_sukub_csv
2026-02-03 10:00:00,79122.391667,105296.833333,KPX_public_sukub_csv
2026-02-03 11:00:00,74397.983333,105919.833333,KPX_public_sukub_csv
2026-02-03 12:00:00,68626.275,106331.833333,KPX_public_sukub_csv
2026-02-03 13:00:00,70429.616667,106381.916667,KPX_public_sukub_csv
2026-02-03 14:00:00,72196.85,106028.583333,KPX_public_sukub_csv
2026-02-03 15:00:00,75111.091667,104637.833333,KPX_public_sukub_csv
2026-02-03 16:00:00,79538.775,102769.583333,KPX_public_sukub_csv
2026-02-03 17:00:00,81981.633333,102310.0,KPX_public_sukub_csv
2026-02-03 18:00:00,82353.225,102369.166667,KPX_public_sukub_csv
2026-02-03 19:00:00,80632.975,102505.25,KPX_public_sukub_csv
2026-02-03 20:00:00,77759.3,102013.181818,KPX_public_sukub_csv
2026-02-03 21:00:00,74823.75,101900.583333,KPX_public_sukub_csv
2026-02-03 22:00:00,73520.5,101913.727273,KPX_public_sukub_csv
2026-02-03 23:00:00,72327.054545,101978.090909,KPX_public_sukub_csv
2026-02-04 00:00:00,68498.325,100929.083333,KPX_public_sukub_csv
2026-02-04 01:00:00,65921.616667,100906.5,KPX_public_sukub_csv
2026-02-04 02:00:00,64282.45,100884.916667,KPX_public_sukub_csv
2026-02-04 03:00:00,63529.758333,100959.916667,KPX_public_sukub_csv
2026-02-04 04:00:00,63810.966667,101050.666667,KPX_public_sukub_csv
2026-02-04 05:00:00,65665.45,101106.5,KPX_public_sukub_csv
2026-02-04 06:00:00,69459.154545,100998.272727,KPX_public_sukub_csv
2026-02-04 07:00:00,75790.354545,101192.090909,KPX_public_sukub_csv
2026-02-04 08:00:00,82540.358333,101174.25,KPX_public_sukub_csv
2026-02-04 09:00:00,83104.675,102130.5,KPX_public_sukub_csv
2026-02-04 10:00:00,80745.85,102974.916667,KPX_public_sukub_csv
2026-02-04 11:00:00,76905.216667,103869.166667,KPX_public_sukub_csv
2026-02-04 12:00:00,72086.341667,104244.666667,KPX_public_sukub_csv
2026-02-04 13:00:00,74140.1,104249.416667,KPX_public_sukub_csv
2026-02-04 14:00:00,74776.141667,103947.0,KPX_public_sukub_csv
2026-02-04 15:00:00,76023.45,103539.583333,KPX_public_sukub_csv
2026-02-04 16:00:00,78215.233333,102334.333333,KPX_public_sukub_csv
2026-02-04 17:00:00,79265.408333,102105.583333,KPX_public_sukub_csv
2026-02-04 18:00:00,79715.375,102122.583333,KPX_public_sukub_csv
2026-02-04 19:00:00,78679.558333,102374.416667,KPX_public_sukub_csv
2026-02-04 20:00:00,76374.141667,102431.583333,KPX_public_sukub_csv
2026-02-04 21:00:00,73794.6,102300.416667,KPX_public_sukub_csv
2026-02-04 22:00:00,72707.633333,101694.75,KPX_public_sukub_csv
2026-02-04 23:00:00,71477.39,101740.4,KPX_public_sukub_csv
2026-02-05 00:00:00,67595.325,100883.583333,KPX_public_sukub_csv
2026-02-05 01:00:00,64973.508333,100809.833333,KPX_public_sukub_csv
2026-02-05 02:00:00,63290.641667,100863.0,KPX_public_sukub_csv
2026-02-05 03:00:00,62670.725,100818.5,KPX_public_sukub_csv
2026-02-05 04:00:00,62907.775,100661.333333,KPX_public_sukub_csv
2026-02-05 05:00:00,64548.933333,100509.166667,KPX_public_sukub_csv
2026-02-05 06:00:00,68634.108333,99871.266667,KPX_public_sukub_csv
2026-02-05 07:00:00,75072.536364,100859.536364,KPX_public_sukub_csv
2026-02-05 08:00:00,81420.283333,100663.5,KPX_public_sukub_csv
2026-02-05 09:00:00,81580.45,101473.083333,KPX_public_sukub_csv
2026-02-05 10:00:00,78328.25,101905.916667,KPX_public_sukub_csv
2026-02-05 11:00:00,73891.663636,102564.909091,KPX_public_sukub_csv
2026-02-05 12:00:00,67946.490909,103424.181818,KPX_public_sukub_csv
2026-02-05 13:00:00,69059.1,103717.916667,KPX_public_sukub_csv
2026-02-05 14:00:00,70248.991667,103627.083333,KPX_public_sukub_csv
2026-02-05 15:00:00,71903.433333,103229.583333,KPX_public_sukub_csv
2026-02-05 16:00:00,75775.641667,102162.416667,KPX_public_sukub_csv
2026-02-05 17:00:00,77814.875,101944.333333,KPX_public_sukub_csv
2026-02-05 18:00:00,78573.258333,101849.083333,KPX_public_sukub_csv
2026-02-05 19:00:00,77450.808333,102278.0,KPX_public_sukub_csv
2026-02-05 20:00:00,75163.118182,102247.090909,KPX_public_sukub_csv
2026-02-05 21:00:00,72844.183333,102219.5,KPX_public_sukub_csv
2026-02-05 22:00:00,72117.316667,102069.416667,KPX_public_sukub_csv
2026-02-05 23:00:00,71147.3,101681.25,KPX_public_sukub_csv
2026-02-06 00:00:00,67340.158333,99080.9,KPX_public_sukub_csv
2026-02-06 01:00:00,64593.075,98873.716667,KPX_public_sukub_csv
2026-02-06 02:00:00,63235.533333,98894.391667,KPX_public_sukub_csv
2026-02-06 03:00:00,62650.008333,99018.741667,KPX_public_sukub_csv
2026-02-06 04:00:00,63150.866667,99153.733333,KPX_public_sukub_csv
2026-02-06 05:00:00,65165.491667,99345.441667,KPX_public_sukub_csv
2026-02-06 06:00:00,69484.516667,98912.808333,KPX_public_sukub_csv
2026-02-06 07:00:00,76106.858333,99356.566667,KPX_public_sukub_csv
2026-02-06 08:00:00,82471.291667,99921.483333,KPX_public_sukub_csv
2026-02-06 09:00:00,81946.45,100913.75,KPX_public_sukub_csv
2026-02-06 10:00:00,77599.45,102469.166667,KPX_public_sukub_csv
2026-02-06 11:00:00,73012.675,103222.0,KPX_public_sukub_csv
2026-02-06 12:00:00,67194.216667,104143.333333,KPX_public_sukub_csv
2026-02-06 13:00:00,69217.875,104644.25,KPX_public_sukub_csv
2026-02-06 14:00:00,71375.075,104247.833333,KPX_public_sukub_csv
2026-02-06 15:00:00,74766.366667,102560.083333,KPX_public_sukub_csv
2026-02-06 16:00:00,78894.233333,100984.916667,KPX_public_sukub_csv
2026-02-06 17:00:00,81102.475,100546.416667,KPX_public_sukub_csv
2026-02-06 18:00:00,81131.483333,100569.083333,KPX_public_sukub_csv
2026-02-06 19:00:00,79875.983333,100603.833333,KPX_public_sukub_csv
2026-02-06 20:00:00,77267.618182,99734.1,KPX_public_sukub_csv
2026-02-06 21:00:00,74648.966667,99350.383333,KPX_public_sukub_csv
2026-02-06 22:00:00,73889.658333,99018.733333,KPX_public_sukub_csv
2026-02-06 23:00:00,73168.691667,98530.508333,KPX_public_sukub_csv
2026-02-07 00:00:00,69460.416667,98623.758333,KPX_public_sukub_csv
2026-02-07 01:00:00,66383.275,98743.45,KPX_public_sukub_csv
2026-02-07 02:00:00,64647.216667,97368.95,KPX_public_sukub_csv
2026-02-07 03:00:00,63563.281818,97404.854545,KPX_public_sukub_csv
2026-02-07 04:00:00,63590.3,97462.858333,KPX_public_sukub_csv
2026-02-07 05:00:00,64589.758333,97535.483333,KPX_public_sukub_csv
2026-02-07 06:00:00,66569.358333,97651.875,KPX_public_sukub_csv
2026-02-07 07:00:00,69136.283333,97633.85,KPX_public_sukub_csv
2026-02-07 08:00:00,70143.9,97957.1,KPX_public_sukub_csv
2026-02-07 09:00:00,67771.758333,98553.05,KPX_public_sukub_csv
2026-02-07 10:00:00,64132.375,99666.4,KPX_public_sukub_csv
2026-02-07 11:00:00,60278.758333,100068.558333,KPX_public_sukub_csv
2026-02-07 12:00:00,56635.658333,98823.25,KPX_public_sukub_csv
2026-02-07 13:00:00,56698.408333,99337.133333,KPX_public_sukub_csv
2026-02-07 14:00:00,57764.241667,100197.416667,KPX_public_sukub_csv
2026-02-07 15:00:00,60700.025,99443.941667,KPX_public_sukub_csv
2026-02-07 16:00:00,66027.658333,99434.958333,KPX_public_sukub_csv
2026-02-07 17:00:00,71139.809091,99541.763636,KPX_public_sukub_csv
2026-02-07 18:00:00,74111.383333,98994.45,KPX_public_sukub_csv
2026-02-07 19:00:00,73789.416667,98913.275,KPX_public_sukub_csv
2026-02-07 20:00:00,72523.633333,98793.533333,KPX_public_sukub_csv
2026-02-07 21:00:00,70987.175,98787.2,KPX_public_sukub_csv
2026-02-07 22:00:00,70948.758333,98422.883333,KPX_public_sukub_csv
2026-02-07 23:00:00,70611.009091,98283.872727,KPX_public_sukub_csv
2026-02-08 00:00:00,67465.833333,98522.366667,KPX_public_sukub_csv
2026-02-08 01:00:00,64793.433333,98480.391667,KPX_public_sukub_csv
2026-02-08 02:00:00,63223.016667,98631.366667,KPX_public_sukub_csv
2026-02-08 03:00:00,62254.541667,98641.675,KPX_public_sukub_csv
2026-02-08 04:00:00,62074.566667,98798.033333,KPX_public_sukub_csv
2026-02-08 05:00:00,62713.7,98867.875,KPX_public_sukub_csv
2026-02-08 06:00:00,64118.85,98437.508333,KPX_public_sukub_csv
2026-02-08 07:00:00,65492.418182,98434.190909,KPX_public_sukub_csv
2026-02-08 08:00:00,65125.666667,98353.016667,KPX_public_sukub_csv
2026-02-08 09:00:00,62183.366667,98257.55,KPX_public_sukub_csv
2026-02-08 10:00:00,59696.558333,98492.325,KPX_public_sukub_csv
2026-02-08 11:00:00,56670.241667,98017.016667,KPX_public_sukub_csv
2026-02-08 12:00:00,54301.391667,97791.691667,KPX_public_sukub_csv
2026-02-08 13:00:00,53999.316667,98055.35,KPX_public_sukub_csv
2026-02-08 14:00:00,54992.683333,97572.916667,KPX_public_sukub_csv
2026-02-08 15:00:00,57928.891667,97603.166667,KPX_public_sukub_csv
2026-02-08 16:00:00,63320.841667,98097.158333,KPX_public_sukub_csv
2026-02-08 17:00:00,69297.591667,96617.866667,KPX_public_sukub_csv
2026-02-08 18:00:00,72577.091667,97864.808333,KPX_public_sukub_csv
2026-02-08 19:00:00,72486.233333,97996.325,KPX_public_sukub_csv
2026-02-08 20:00:00,71408.691667,98639.541667,KPX_public_sukub_csv
2026-02-08 21:00:00,69648.983333,98614.841667,KPX_public_sukub_csv
2026-02-08 22:00:00,68808.416667,98518.608333,KPX_public_sukub_csv
2026-02-08 23:00:00,68124.418182,98434.736364,KPX_public_sukub_csv
2026-02-09 00:00:00,65201.016667,99147.433333,KPX_public_sukub_csv
2026-02-09 01:00:00,62997.858333,99773.958333,KPX_public_sukub_csv
2026-02-09 02:00:00,61662.075,100270.525,KPX_public_sukub_csv
2026-02-09 03:00:00,61234.975,100498.166667,KPX_public_sukub_csv
2026-02-09 04:00:00,61833.058333,100329.033333,KPX_public_sukub_csv
2026-02-09 05:00:00,64105.608333,99720.4,KPX_public_sukub_csv
2026-02-09 06:00:00,69143.2,99545.258333,KPX_public_sukub_csv
2026-02-09 07:00:00,77182.216667,101200.791667,KPX_public_sukub_csv
2026-02-09 08:00:00,84989.9,102262.727273,KPX_public_sukub_csv
2026-02-09 09:00:00,84296.275,103133.25,KPX_public_sukub_csv
2026-02-09 10:00:00,80618.7,104543.363636,KPX_public_sukub_csv
2026-02-09 11:00:00,76350.4,104894.916667,KPX_public_sukub_csv
2026-02-09 12:00:00,70474.541667,105342.666667,KPX_public_sukub_csv
2026-02-09 13:00:00,72055.191667,105288.916667,KPX_public_sukub_csv
2026-02-09 14:00:00,73411.841667,104779.083333,KPX_public_sukub_csv
2026-02-09 15:00:00,75789.525,103599.666667,KPX_public_sukub_csv
2026-02-09 16:00:00,80054.258333,102230.75,KPX_public_sukub_csv
2026-02-09 17:00:00,82952.033333,101262.583333,KPX_public_sukub_csv
2026-02-09 18:00:00,83412.85,100941.25,KPX_public_sukub_csv
2026-02-09 19:00:00,81864.109091,100997.727273,KPX_public_sukub_csv
2026-02-09 20:00:00,78479.733333,100444.75,KPX_public_sukub_csv
2026-02-09 21:00:00,75412.766667,100304.75,KPX_public_sukub_csv
2026-02-09 22:00:00,74109.775,99697.633333,KPX_public_sukub_csv
2026-02-09 23:00:00,72851.691667,99592.775,KPX_public_sukub_csv
2026-02-10 00:00:00,69083.158333,99069.591667,KPX_public_sukub_csv
2026-02-10 01:00:00,66375.508333,99015.641667,KPX_public_sukub_csv
2026-02-10 02:00:00,64755.036364,99050.236364,KPX_public_sukub_csv
2026-02-10 03:00:00,63762.563636,99019.572727,KPX_public_sukub_csv
2026-02-10 04:00:00,64094.666667,98993.083333,KPX_public_sukub_csv
2026-02-10 05:00:00,65750.808333,98964.691667,KPX_public_sukub_csv
2026-02-10 06:00:00,69689.875,98841.566667,KPX_public_sukub_csv
2026-02-10 07:00:00,76052.525,98773.008333,KPX_public_sukub_csv
2026-02-10 08:00:00,84969.641667,99444.866667,KPX_public_sukub_csv
2026-02-10 09:00:00,88968.483333,99936.975,KPX_public_sukub_csv
2026-02-10 10:00:00,88739.545455,100032.645455,KPX_public_sukub_csv
2026-02-10 11:00:00,85484.491667,100145.25,KPX_public_sukub_csv
2026-02-10 12:00:00,80168.158333,100184.333333,KPX_public_sukub_csv
2026-02-10 13:00:00,82233.366667,100250.333333,KPX_public_sukub_csv
2026-02-10 14:00:00,83257.454545,99664.909091,KPX_public_sukub_csv
2026-02-10 15:00:00,84044.641667,98985.116667,KPX_public_sukub_csv
2026-02-10 16:00:00,84797.4,98592.625,KPX_public_sukub_csv
2026-02-10 17:00:00,83570.409091,98316.809091,KPX_public_sukub_csv
2026-02-10 18:00:00,82302.55,98248.241667,KPX_public_sukub_csv
2026-02-10 19:00:00,80147.233333,98286.366667,KPX_public_sukub_csv
2026-02-10 20:00:00,76948.083333,98518.708333,KPX_public_sukub_csv
2026-02-10 21:00:00,74048.625,98809.166667,KPX_public_sukub_csv
2026-02-10 22:00:00,72520.35,98674.033333,KPX_public_sukub_csv
2026-02-10 23:00:00,71461.53,98864.75,KPX_public_sukub_csv
2026-02-11 00:00:00,67545.733333,98838.441667,KPX_public_sukub_csv
2026-02-11 01:00:00,64855.291667,98858.308333,KPX_public_sukub_csv
2026-02-11 02:00:00,63300.55,98693.025,KPX_public_sukub_csv
2026-02-11 03:00:00,62560.875,98737.45,KPX_public_sukub_csv
2026-02-11 04:00:00,63016.108333,98778.616667,KPX_public_sukub_csv
2026-02-11 05:00:00,64789.945455,98866.145455,KPX_public_sukub_csv
2026-02-11 06:00:00,68803.327273,99319.354545,KPX_public_sukub_csv
2026-02-11 07:00:00,74813.483333,99919.408333,KPX_public_sukub_csv
2026-02-11 08:00:00,81782.841667,100599.733333,KPX_public_sukub_csv
2026-02-11 09:00:00,82931.783333,101785.083333,KPX_public_sukub_csv
2026-02-11 10:00:00,81862.075,102372.166667,KPX_public_sukub_csv
2026-02-11 11:00:00,80187.266667,102756.833333,KPX_public_sukub_csv
2026-02-11 12:00:00,76527.927273,103129.545455,KPX_public_sukub_csv
2026-02-11 13:00:00,78044.4,102929.363636,KPX_public_sukub_csv
2026-02-11 14:00:00,77192.291667,102864.416667,KPX_public_sukub_csv
2026-02-11 15:00:00,76713.391667,102673.083333,KPX_public_sukub_csv
2026-02-11 16:00:00,78038.575,102228.916667,KPX_public_sukub_csv
2026-02-11 17:00:00,79343.35,101158.583333,KPX_public_sukub_csv
2026-02-11 18:00:00,80221.033333,100918.75,KPX_public_sukub_csv
2026-02-11 19:00:00,79299.2,100840.333333,KPX_public_sukub_csv
2026-02-11 20:00:00,76857.191667,101028.75,KPX_public_sukub_csv
2026-02-11 21:00:00,74238.683333,101078.666667,KPX_public_sukub_csv
2026-02-11 22:00:00,73172.858333,100813.083333,KPX_public_sukub_csv
2026-02-11 23:00:00,71874.366667,100548.333333,KPX_public_sukub_csv
2026-02-12 00:00:00,68113.966667,99514.791667,KPX_public_sukub_csv
2026-02-12 01:00:00,65604.95,99410.575,KPX_public_sukub_csv
2026-02-12 02:00:00,64030.816667,99410.55,KPX_public_sukub_csv
2026-02-12 03:00:00,63278.3,99037.366667,KPX_public_sukub_csv
2026-02-12 04:00:00,63556.9,98147.383333,KPX_public_sukub_csv
2026-02-12 05:00:00,65323.916667,97860.641667,KPX_public_sukub_csv
2026-02-12 06:00:00,69648.666667,98100.85,KPX_public_sukub_csv
2026-02-12 07:00:00,75946.658333,98777.566667,KPX_public_sukub_csv
2026-02-12 08:00:00,81374.127273,99587.254545,KPX_public_sukub_csv
2026-02-12 09:00:00,79606.666667,100793.333333,KPX_public_sukub_csv
2026-02-12 10:00:00,74746.575,101650.333333,KPX_public_sukub_csv
2026-02-12 11:00:00,70071.133333,101805.333333,KPX_public_sukub_csv
2026-02-12 12:00:00,64807.35,102034.583333,KPX_public_sukub_csv
2026-02-12 13:00:00,66574.208333,101864.916667,KPX_public_sukub_csv
2026-02-12 14:00:00,68117.35,100306.033333,KPX_public_sukub_csv
2026-02-12 15:00:00,70128.872727,100499.436364,KPX_public_sukub_csv
2026-02-12 16:00:00,74171.841667,99701.3,KPX_public_sukub_csv
2026-02-12 17:00:00,76857.2,99227.516667,KPX_public_sukub_csv
2026-02-12 18:00:00,78365.383333,98976.941667,KPX_public_sukub_csv
2026-02-12 19:00:00,77814.966667,99064.541667,KPX_public_sukub_csv
2026-02-12 20:00:00,75461.108333,98878.666667,KPX_public_sukub_csv
2026-02-12 21:00:00,73242.183333,98338.433333,KPX_public_sukub_csv
2026-02-12 22:00:00,72224.483333,99181.158333,KPX_public_sukub_csv
2026-02-12 23:00:00,71256.71,99291.35,KPX_public_sukub_csv
2026-02-13 00:00:00,67216.758333,97817.583333,KPX_public_sukub_csv
2026-02-13 01:00:00,64427.05,97702.041667,KPX_public_sukub_csv
2026-02-13 02:00:00,62786.566667,97749.141667,KPX_public_sukub_csv
2026-02-13 03:00:00,62077.708333,97796.15,KPX_public_sukub_csv
2026-02-13 04:00:00,62355.875,97512.916667,KPX_public_sukub_csv
2026-02-13 05:00:00,64154.441667,96656.45,KPX_public_sukub_csv
2026-02-13 06:00:00,68001.216667,96305.475,KPX_public_sukub_csv
2026-02-13 07:00:00,73546.827273,97342.372727,KPX_public_sukub_csv
2026-02-13 08:00:00,78587.0,97217.566667,KPX_public_sukub_csv
2026-02-13 09:00:00,77028.708333,98445.1,KPX_public_sukub_csv
2026-02-13 10:00:00,72952.266667,98924.258333,KPX_public_sukub_csv
2026-02-13 11:00:00,68266.075,99284.275,KPX_public_sukub_csv
2026-02-13 12:00:00,63039.781818,99940.109091,KPX_public_sukub_csv
2026-02-13 13:00:00,64636.65,98972.816667,KPX_public_sukub_csv
2026-02-13 14:00:00,65930.491667,98439.35,KPX_public_sukub_csv
2026-02-13 15:00:00,67299.45,99141.233333,KPX_public_sukub_csv
2026-02-13 16:00:00,69292.05,97987.833333,KPX_public_sukub_csv
2026-02-13 17:00:00,71023.908333,96781.983333,KPX_public_sukub_csv
2026-02-13 18:00:00,72661.525,96141.65,KPX_public_sukub_csv
2026-02-13 19:00:00,72448.091667,96182.483333,KPX_public_sukub_csv
2026-02-13 20:00:00,71036.625,95897.116667,KPX_public_sukub_csv
2026-02-13 21:00:00,69218.0,96037.0,KPX_public_sukub_csv
2026-02-13 22:00:00,68560.925,95075.375,KPX_public_sukub_csv
2026-02-13 23:00:00,67626.25,93677.8,KPX_public_sukub_csv
2026-02-14 00:00:00,64009.108333,91913.316667,KPX_public_sukub_csv
2026-02-14 01:00:00,61208.35,91120.841667,KPX_public_sukub_csv
2026-02-14 02:00:00,59528.066667,91049.783333,KPX_public_sukub_csv
2026-02-14 03:00:00,58511.7,90254.291667,KPX_public_sukub_csv
2026-02-14 04:00:00,58443.666667,90261.483333,KPX_public_sukub_csv
2026-02-14 05:00:00,58967.766667,90679.341667,KPX_public_sukub_csv
2026-02-14 06:00:00,60337.091667,90298.316667,KPX_public_sukub_csv
2026-02-14 07:00:00,61907.458333,90231.941667,KPX_public_sukub_csv
2026-02-14 08:00:00,61757.691667,90060.033333,KPX_public_sukub_csv
2026-02-14 09:00:00,60008.825,91124.041667,KPX_public_sukub_csv
2026-02-14 10:00:00,57734.95,90832.95,KPX_public_sukub_csv
2026-02-14 11:00:00,54959.366667,90036.3,KPX_public_sukub_csv
2026-02-14 12:00:00,53463.75,89912.933333,KPX_public_sukub_csv
2026-02-14 13:00:00,54362.175,89563.816667,KPX_public_sukub_csv
2026-02-14 14:00:00,54731.125,89258.225,KPX_public_sukub_csv
2026-02-14 15:00:00,55502.375,89936.2,KPX_public_sukub_csv
2026-02-14 16:00:00,57496.85,89727.433333,KPX_public_sukub_csv
2026-02-14 17:00:00,60548.95,90475.216667,KPX_public_sukub_csv
2026-02-14 18:00:00,63284.308333,90028.75,KPX_public_sukub_csv
2026-02-14 19:00:00,63326.191667,90028.775,KPX_public_sukub_csv
2026-02-14 20:00:00,62659.55,90035.525,KPX_public_sukub_csv
2026-02-14 21:00:00,61714.841667,89868.0,KPX_public_sukub_csv
2026-02-14 22:00:00,62156.316667,89699.066667,KPX_public_sukub_csv
2026-02-14 23:00:00,61727.990909,89469.572727,KPX_public_sukub_csv
2026-02-15 00:00:00,58436.091667,87706.458333,KPX_public_sukub_csv
2026-02-15 01:00:00,55818.275,87668.041667,KPX_public_sukub_csv
2026-02-15 02:00:00,54087.958333,87755.875,KPX_public_sukub_csv
2026-02-15 03:00:00,53241.216667,87958.675,KPX_public_sukub_csv
2026-02-15 04:00:00,53228.266667,87944.1,KPX_public_sukub_csv
2026-02-15 05:00:00,54166.841667,88686.491667,KPX_public_sukub_csv
2026-02-15 06:00:00,55439.066667,89428.45,KPX_public_sukub_csv
2026-02-15 07:00:00,56116.475,89520.15,KPX_public_sukub_csv
2026-02-15 08:00:00,55423.15,88623.591667,KPX_public_sukub_csv
2026-02-15 09:00:00,52976.563636,89019.645455,KPX_public_sukub_csv
2026-02-15 10:00:00,50580.583333,88994.533333,KPX_public_sukub_csv
2026-02-15 11:00:00,47331.258333,89514.933333,KPX_public_sukub_csv
2026-02-15 12:00:00,44582.608333,89315.85,KPX_public_sukub_csv
2026-02-15 13:00:00,43894.85,89057.125,KPX_public_sukub_csv
2026-02-15 14:00:00,44672.625,89141.841667,KPX_public_sukub_csv
2026-02-15 15:00:00,47430.941667,88430.091667,KPX_public_sukub_csv
2026-02-15 16:00:00,52197.208333,89837.725,KPX_public_sukub_csv
2026-02-15 17:00:00,57170.616667,89781.183333,KPX_public_sukub_csv
2026-02-15 18:00:00,60698.725,89150.058333,KPX_public_sukub_csv
2026-02-15 19:00:00,60938.65,88997.2,KPX_public_sukub_csv
2026-02-15 20:00:00,60353.55,88991.291667,KPX_public_sukub_csv
2026-02-15 21:00:00,59570.25,88076.6,KPX_public_sukub_csv
2026-02-15 22:00:00,59496.283333,88424.491667,KPX_public_sukub_csv
2026-02-15 23:00:00,59188.8,88274.4,KPX_public_sukub_csv
2026-02-16 00:00:00,56113.98,87165.31,KPX_public_sukub_csv
2026-02-16 01:00:00,53846.783333,87599.633333,KPX_public_sukub_csv
2026-02-16 02:00:00,52188.475,87770.933333,KPX_public_sukub_csv
2026-02-16 03:00:00,51227.05,87908.108333,KPX_public_sukub_csv
2026-02-16 04:00:00,51099.558333,87497.408333,KPX_public_sukub_csv
2026-02-16 05:00:00,51784.483333,87421.716667,KPX_public_sukub_csv
2026-02-16 06:00:00,52875.608333,87482.025,KPX_public_sukub_csv
2026-02-16 07:00:00,53646.575,87406.225,KPX_public_sukub_csv
2026-02-16 08:00:00,52482.183333,86516.166667,KPX_public_sukub_csv
2026-02-16 09:00:00,48886.3,86336.458333,KPX_public_sukub_csv
2026-02-16 10:00:00,45650.166667,85421.066667,KPX_public_sukub_csv
2026-02-16 11:00:00,42979.025,85924.916667,KPX_public_sukub_csv
2026-02-16 12:00:00,40922.98,86385.96,KPX_public_sukub_csv
2026-02-16 13:00:00,40153.341667,86646.266667,KPX_public_sukub_csv
2026-02-16 14:00:00,40970.033333,86851.741667,KPX_public_sukub_csv
2026-02-16 15:00:00,43775.018182,85923.354545,KPX_public_sukub_csv
2026-02-16 16:00:00,48735.041667,86438.383333,KPX_public_sukub_csv
2026-02-16 17:00:00,54483.475,85821.675,KPX_public_sukub_csv
2026-02-16 18:00:00,57815.741667,85229.85,KPX_public_sukub_csv
2026-02-16 19:00:00,58472.116667,85185.758333,KPX_public_sukub_csv
2026-02-16 20:00:00,58174.491667,84869.6,KPX_public_sukub_csv
2026-02-16 21:00:00,57439.675,84603.15,KPX_public_sukub_csv
2026-02-16 22:00:00,57456.091667,84931.483333,KPX_public_sukub_csv
2026-02-16 23:00:00,57082.7,84954.9,KPX_public_sukub_csv
2026-02-17 00:00:00,54344.183333,83627.708333,KPX_public_sukub_csv
2026-02-17 01:00:00,52189.208333,83445.55,KPX_public_sukub_csv
2026-02-17 02:00:00,50864.491667,85355.658333,KPX_public_sukub_csv
2026-02-17 03:00:00,50322.3,85590.663636,KPX_public_sukub_csv
2026-02-17 04:00:00,50522.958333,85685.183333,KPX_public_sukub_csv
2026-02-17 05:00:00,51370.033333,85345.716667,KPX_public_sukub_csv
2026-02-17 06:00:00,52719.208333,84049.791667,KPX_public_sukub_csv
2026-02-17 07:00:00,53457.516667,84096.133333,KPX_public_sukub_csv
2026-02-17 08:00:00,49518.258333,82721.2,KPX_public_sukub_csv
2026-02-17 09:00:00,42036.966667,83300.225,KPX_public_sukub_csv
2026-02-17 10:00:00,37056.7,84482.983333,KPX_public_sukub_csv
2026-02-17 11:00:00,34325.008333,84481.275,KPX_public_sukub_csv
2026-02-17 12:00:00,33681.216667,84535.766667,KPX_public_sukub_csv
2026-02-17 13:00:00,33534.6,84984.191667,KPX_public_sukub_csv
2026-02-17 14:00:00,34700.616667,86005.625,KPX_public_sukub_csv
2026-02-17 15:00:00,37707.454545,85742.318182,KPX_public_sukub_csv
2026-02-17 16:00:00,43854.866667,88027.783333,KPX_public_sukub_csv
2026-02-17 17:00:00,50991.716667,88402.0,KPX_public_sukub_csv
2026-02-17 18:00:00,55467.675,88411.025,KPX_public_sukub_csv
2026-02-17 19:00:00,56621.35,88298.425,KPX_public_sukub_csv
2026-02-17 20:00:00,56643.833333,87657.708333,KPX_public_sukub_csv
2026-02-17 21:00:00,56315.8,87694.133333,KPX_public_sukub_csv
2026-02-17 22:00:00,56581.966667,88048.716667,KPX_public_sukub_csv
2026-02-17 23:00:00,56645.758333,88745.225,KPX_public_sukub_csv
2026-02-18 00:00:00,54116.590909,89287.027273,KPX_public_sukub_csv
2026-02-18 01:00:00,51852.316667,88351.441667,KPX_public_sukub_csv
2026-02-18 02:00:00,50494.091667,88911.225,KPX_public_sukub_csv
2026-02-18 03:00:00,49786.15,88967.791667,KPX_public_sukub_csv
2026-02-18 04:00:00,49959.725,88792.991667,KPX_public_sukub_csv
2026-02-18 05:00:00,50801.891667,87723.916667,KPX_public_sukub_csv
2026-02-18 06:00:00,52088.466667,87644.891667,KPX_public_sukub_csv
2026-02-18 07:00:00,52903.033333,87575.766667,KPX_public_sukub_csv
2026-02-18 08:00:00,51083.0,86305.65,KPX_public_sukub_csv
2026-02-18 09:00:00,46526.666667,85591.325,KPX_public_sukub_csv
2026-02-18 10:00:00,43239.608333,86678.716667,KPX_public_sukub_csv
2026-02-18 11:00:00,40439.225,87716.741667,KPX_public_sukub_csv
2026-02-18 12:00:00,39079.758333,87673.583333,KPX_public_sukub_csv
2026-02-18 13:00:00,38821.966667,87943.325,KPX_public_sukub_csv
2026-02-18 14:00:00,39907.6,88224.816667,KPX_public_sukub_csv
2026-02-18 15:00:00,43289.633333,88740.833333,KPX_public_sukub_csv
2026-02-18 16:00:00,49072.491667,89039.083333,KPX_public_sukub_csv
2026-02-18 17:00:00,55777.9,88773.654545,KPX_public_sukub_csv
2026-02-18 18:00:00,60681.466667,89148.241667,KPX_public_sukub_csv
2026-02-18 19:00:00,61473.45,90273.558333,KPX_public_sukub_csv
2026-02-18 20:00:00,60865.508333,90144.283333,KPX_public_sukub_csv
2026-02-18 21:00:00,59569.458333,89617.875,KPX_public_sukub_csv
2026-02-18 22:00:00,59041.85,89364.783333,KPX_public_sukub_csv
2026-02-18 23:00:00,58499.136364,89147.809091,KPX_public_sukub_csv
2026-02-19 00:00:00,55562.408333,87826.433333,KPX_public_sukub_csv
2026-02-19 01:00:00,53269.108333,88149.866667,KPX_public_sukub_csv
2026-02-19 02:00:00,52152.108333,88126.233333,KPX_public_sukub_csv
2026-02-19 03:00:00,51775.141667,88387.258333,KPX_public_sukub_csv
2026-02-19 04:00:00,52458.866667,88767.8,KPX_public_sukub_csv
2026-02-19 05:00:00,54615.85,89134.816667,KPX_public_sukub_csv
2026-02-19 06:00:00,58770.95,89680.0,KPX_public_sukub_csv
2026-02-19 07:00:00,65360.75,90479.8,KPX_public_sukub_csv
2026-02-19 08:00:00,69772.125,90863.158333,KPX_public_sukub_csv
2026-02-19 09:00:00,67649.4,92240.666667,KPX_public_sukub_csv
2026-02-19 10:00:00,63588.841667,93442.925,KPX_public_sukub_csv
2026-02-19 11:00:00,59679.766667,93706.116667,KPX_public_sukub_csv
2026-02-19 12:00:00,55160.366667,94244.75,KPX_public_sukub_csv
2026-02-19 13:00:00,56764.133333,94550.908333,KPX_public_sukub_csv
2026-02-19 14:00:00,58649.858333,95033.766667,KPX_public_sukub_csv
2026-02-19 15:00:00,61235.775,93708.533333,KPX_public_sukub_csv
2026-02-19 16:00:00,65660.125,93480.333333,KPX_public_sukub_csv
2026-02-19 17:00:00,69465.941667,92549.966667,KPX_public_sukub_csv
2026-02-19 18:00:00,71337.375,92556.325,KPX_public_sukub_csv
2026-02-19 19:00:00,70817.283333,93416.75,KPX_public_sukub_csv
2026-02-19 20:00:00,68464.758333,93095.433333,KPX_public_sukub_csv
2026-02-19 21:00:00,66143.066667,91686.766667,KPX_public_sukub_csv
2026-02-19 22:00:00,65313.358333,91210.75,KPX_public_sukub_csv
2026-02-19 23:00:00,64348.5,90991.31,KPX_public_sukub_csv
2026-02-20 00:00:00,60905.783333,90433.308333,KPX_public_sukub_csv
2026-02-20 01:00:00,58372.541667,90378.066667,KPX_public_sukub_csv
2026-02-20 02:00:00,56871.75,90014.558333,KPX_public_sukub_csv
2026-02-20 03:00:00,56464.74,90216.13,KPX_public_sukub_csv
2026-02-20 04:00:00,56949.925,90401.475,KPX_public_sukub_csv
2026-02-20 05:00:00,58916.6,90777.583333,KPX_public_sukub_csv
2026-02-20 06:00:00,62832.883333,91445.741667,KPX_public_sukub_csv
2026-02-20 07:00:00,68374.5,91482.725,KPX_public_sukub_csv
2026-02-20 08:00:00,72348.983333,92712.658333,KPX_public_sukub_csv
2026-02-20 09:00:00,69800.358333,93779.808333,KPX_public_sukub_csv
2026-02-20 10:00:00,65303.433333,94835.7,KPX_public_sukub_csv
2026-02-20 11:00:00,60916.191667,95041.216667,KPX_public_sukub_csv
2026-02-20 12:00:00,56058.316667,95033.116667,KPX_public_sukub_csv
2026-02-20 13:00:00,57739.583333,94822.016667,KPX_public_sukub_csv
2026-02-20 14:00:00,59477.108333,95303.775,KPX_public_sukub_csv
2026-02-20 15:00:00,61896.708333,95458.566667,KPX_public_sukub_csv
2026-02-20 16:00:00,65722.775,93985.775,KPX_public_sukub_csv
2026-02-20 17:00:00,68764.241667,93144.8,KPX_public_sukub_csv
2026-02-20 18:00:00,70532.283333,93219.366667,KPX_public_sukub_csv
2026-02-20 19:00:00,70242.0,93804.625,KPX_public_sukub_csv
2026-02-20 20:00:00,68320.4,92700.741667,KPX_public_sukub_csv
2026-02-20 21:00:00,66324.558333,92417.95,KPX_public_sukub_csv
2026-02-20 22:00:00,65748.616667,92265.0,KPX_public_sukub_csv
2026-02-20 23:00:00,64965.318182,92121.754545,KPX_public_sukub_csv
2026-02-21 00:00:00,61266.85,90701.483333,KPX_public_sukub_csv
2026-02-21 01:00:00,58741.325,90370.766667,KPX_public_sukub_csv
2026-02-21 02:00:00,57183.975,89946.9,KPX_public_sukub_csv
2026-02-21 03:00:00,56485.916667,89032.283333,KPX_public_sukub_csv
2026-02-21 04:00:00,56549.9,88962.733333,KPX_public_sukub_csv
2026-02-21 05:00:00,57682.25,89072.358333,KPX_public_sukub_csv
2026-02-21 06:00:00,59388.316667,88795.816667,KPX_public_sukub_csv
2026-02-21 07:00:00,60635.558333,88706.8,KPX_public_sukub_csv
2026-02-21 08:00:00,59202.116667,87431.483333,KPX_public_sukub_csv
2026-02-21 09:00:00,55356.375,86909.958333,KPX_public_sukub_csv
2026-02-21 10:00:00,51475.666667,87485.766667,KPX_public_sukub_csv
2026-02-21 11:00:00,47926.008333,86889.116667,KPX_public_sukub_csv
2026-02-21 12:00:00,44656.125,86119.25,KPX_public_sukub_csv
2026-02-21 13:00:00,45292.008333,86220.741667,KPX_public_sukub_csv
2026-02-21 14:00:00,46560.05,85923.025,KPX_public_sukub_csv
2026-02-21 15:00:00,49423.745455,85093.772727,KPX_public_sukub_csv
2026-02-21 16:00:00,53684.225,83387.641667,KPX_public_sukub_csv
2026-02-21 17:00:00,58415.466667,83076.558333,KPX_public_sukub_csv
2026-02-21 18:00:00,61905.783333,83463.391667,KPX_public_sukub_csv
2026-02-21 19:00:00,62197.116667,84079.783333,KPX_public_sukub_csv
2026-02-21 20:00:00,61514.441667,84902.433333,KPX_public_sukub_csv
2026-02-21 21:00:00,60441.125,84732.0,KPX_public_sukub_csv
2026-02-21 22:00:00,60502.641667,84471.275,KPX_public_sukub_csv
2026-02-21 23:00:00,59789.618182,84888.590909,KPX_public_sukub_csv
2026-02-22 00:00:00,56348.7,85580.975,KPX_public_sukub_csv
2026-02-22 01:00:00,53836.975,85432.7,KPX_public_sukub_csv
2026-02-22 02:00:00,52400.491667,85495.708333,KPX_public_sukub_csv
2026-02-22 03:00:00,51640.308333,85530.425,KPX_public_sukub_csv
2026-02-22 04:00:00,51699.366667,85541.55,KPX_public_sukub_csv
2026-02-22 05:00:00,52542.85,85657.275,KPX_public_sukub_csv
2026-02-22 06:00:00,53807.541667,86345.908333,KPX_public_sukub_csv
2026-02-22 07:00:00,54151.216667,86438.266667,KPX_public_sukub_csv
2026-02-22 08:00:00,53221.433333,86302.55,KPX_public_sukub_csv
2026-02-22 09:00:00,52341.275,85201.633333,KPX_public_sukub_csv
2026-02-22 10:00:00,51967.375,85820.825,KPX_public_sukub_csv
2026-02-22 11:00:00,49831.991667,86230.041667,KPX_public_sukub_csv
2026-02-22 12:00:00,47655.833333,86586.083333,KPX_public_sukub_csv
2026-02-22 13:00:00,47130.45,86948.725,KPX_public_sukub_csv
2026-02-22 14:00:00,46955.733333,87077.425,KPX_public_sukub_csv
2026-02-22 15:00:00,48474.775,88032.416667,KPX_public_sukub_csv
2026-02-22 16:00:00,52418.316667,87725.908333,KPX_public_sukub_csv
2026-02-22 17:00:00,57759.325,87524.916667,KPX_public_sukub_csv
2026-02-22 18:00:00,61805.258333,88045.875,KPX_public_sukub_csv
2026-02-22 19:00:00,62679.108333,87846.275,KPX_public_sukub_csv
2026-02-22 20:00:00,62045.008333,87592.866667,KPX_public_sukub_csv
2026-02-22 21:00:00,60896.108333,87219.1,KPX_public_sukub_csv
2026-02-22 22:00:00,60411.333333,87031.583333,KPX_public_sukub_csv
2026-02-22 23:00:00,59668.927273,86400.572727,KPX_public_sukub_csv
2026-02-23 00:00:00,56667.325,87545.041667,KPX_public_sukub_csv
2026-02-23 01:00:00,54544.058333,90730.866667,KPX_public_sukub_csv
2026-02-23 02:00:00,53440.4,91337.416667,KPX_public_sukub_csv
2026-02-23 03:00:00,53266.733333,91072.916667,KPX_public_sukub_csv
2026-02-23 04:00:00,54164.116667,91229.8,KPX_public_sukub_csv
2026-02-23 05:00:00,56769.708333,91175.408333,KPX_public_sukub_csv
2026-02-23 06:00:00,61627.033333,91591.825,KPX_public_sukub_csv
2026-02-23 07:00:00,68451.416667,91701.4,KPX_public_sukub_csv
2026-02-23 08:00:00,72818.125,92887.816667,KPX_public_sukub_csv
2026-02-23 09:00:00,70463.741667,93889.258333,KPX_public_sukub_csv
2026-02-23 10:00:00,66292.508333,94732.733333,KPX_public_sukub_csv
2026-02-23 11:00:00,62569.883333,95046.016667,KPX_public_sukub_csv
2026-02-23 12:00:00,58525.408333,95478.516667,KPX_public_sukub_csv
2026-02-23 13:00:00,62640.716667,95145.091667,KPX_public_sukub_csv
2026-02-23 14:00:00,66397.591667,95371.883333,KPX_public_sukub_csv
2026-02-23 15:00:00,69100.4,94916.666667,KPX_public_sukub_csv
2026-02-23 16:00:00,72039.508333,94842.325,KPX_public_sukub_csv
2026-02-23 17:00:00,73866.1,93929.827273,KPX_public_sukub_csv
2026-02-23 18:00:00,74878.375,93382.675,KPX_public_sukub_csv
2026-02-23 19:00:00,74339.25,93368.816667,KPX_public_sukub_csv
2026-02-23 20:00:00,71739.6,93108.916667,KPX_public_sukub_csv
2026-02-23 21:00:00,69477.141667,92688.166667,KPX_public_sukub_csv
2026-02-23 22:00:00,68778.408333,92497.008333,KPX_public_sukub_csv
2026-02-23 23:00:00,67455.225,92418.808333,KPX_public_sukub_csv
2026-02-24 00:00:00,63480.133333,93184.55,KPX_public_sukub_csv
2026-02-24 01:00:00,60886.65,93668.491667,KPX_public_sukub_csv
2026-02-24 02:00:00,59541.458333,94196.425,KPX_public_sukub_csv
2026-02-24 03:00:00,58602.058333,94128.466667,KPX_public_sukub_csv
2026-02-24 04:00:00,59042.85,94095.075,KPX_public_sukub_csv
2026-02-24 05:00:00,60845.108333,94172.858333,KPX_public_sukub_csv
2026-02-24 06:00:00,64559.65,94202.441667,KPX_public_sukub_csv
2026-02-24 07:00:00,70412.966667,95216.216667,KPX_public_sukub_csv
2026-02-24 08:00:00,78359.766667,94418.15,KPX_public_sukub_csv
2026-02-24 09:00:00,82519.9,93944.036364,KPX_public_sukub_csv
2026-02-24 10:00:00,83778.975,93892.575,KPX_public_sukub_csv
2026-02-24 11:00:00,83540.708333,93985.533333,KPX_public_sukub_csv
2026-02-24 12:00:00,80727.1,93669.609091,KPX_public_sukub_csv
2026-02-24 13:00:00,83156.691667,93351.691667,KPX_public_sukub_csv
2026-02-24 14:00:00,82773.691667,93291.55,KPX_public_sukub_csv
2026-02-24 15:00:00,81844.491667,93412.516667,KPX_public_sukub_csv
2026-02-24 16:00:00,80728.691667,93472.775,KPX_public_sukub_csv
2026-02-24 17:00:00,78494.9,94183.908333,KPX_public_sukub_csv
2026-02-24 18:00:00,77800.181818,94559.4,KPX_public_sukub_csv
2026-02-24 19:00:00,76498.583333,94639.875,KPX_public_sukub_csv
2026-02-24 20:00:00,73606.641667,94583.391667,KPX_public_sukub_csv
2026-02-24 21:00:00,71018.475,93748.841667,KPX_public_sukub_csv
2026-02-24 22:00:00,69887.016667,93607.683333,KPX_public_sukub_csv
2026-02-24 23:00:00,68790.3,93409.118182,KPX_public_sukub_csv
2026-02-25 00:00:00,64897.55,93417.8,KPX_public_sukub_csv
2026-02-25 01:00:00,62312.663636,93531.245455,KPX_public_sukub_csv
2026-02-25 02:00:00,60625.441667,94144.9,KPX_public_sukub_csv
2026-02-25 03:00:00,59955.375,94321.35,KPX_public_sukub_csv
2026-02-25 04:00:00,60456.258333,94492.208333,KPX_public_sukub_csv
2026-02-25 05:00:00,62287.95,94576.575,KPX_public_sukub_csv
2026-02-25 06:00:00,66005.65,94544.125,KPX_public_sukub_csv
2026-02-25 07:00:00,71641.866667,95151.983333,KPX_public_sukub_csv
2026-02-25 08:00:00,77042.125,94298.266667,KPX_public_sukub_csv
2026-02-25 09:00:00,76428.233333,95022.225,KPX_public_sukub_csv
2026-02-25 10:00:00,72127.95,95921.866667,KPX_public_sukub_csv
2026-02-25 11:00:00,66145.641667,96865.441667,KPX_public_sukub_csv
2026-02-25 12:00:00,59390.183333,97535.366667,KPX_public_sukub_csv
2026-02-25 13:00:00,60472.791667,97583.55,KPX_public_sukub_csv
2026-02-25 14:00:00,61314.883333,97287.108333,KPX_public_sukub_csv
2026-02-25 15:00:00,63095.291667,96453.225,KPX_public_sukub_csv
2026-02-25 16:00:00,66741.766667,95085.791667,KPX_public_sukub_csv
2026-02-25 17:00:00,70138.975,92497.841667,KPX_public_sukub_csv
2026-02-25 18:00:00,72707.958333,91242.333333,KPX_public_sukub_csv
2026-02-25 19:00:00,72666.5,91956.341667,KPX_public_sukub_csv
2026-02-25 20:00:00,70634.866667,92350.825,KPX_public_sukub_csv
2026-02-25 21:00:00,68627.1,91162.733333,KPX_public_sukub_csv
2026-02-25 22:00:00,67799.533333,90840.716667,KPX_public_sukub_csv
2026-02-25 23:00:00,66526.075,90953.075,KPX_public_sukub_csv
2026-02-26 00:00:00,62677.191667,89110.35,KPX_public_sukub_csv
2026-02-26 01:00:00,60116.55,88947.625,KPX_public_sukub_csv
2026-02-26 02:00:00,58802.525,89013.375,KPX_public_sukub_csv
2026-02-26 03:00:00,58109.925,88251.625,KPX_public_sukub_csv
2026-02-26 04:00:00,58559.918182,88237.609091,KPX_public_sukub_csv
2026-02-26 05:00:00,60397.233333,87993.7,KPX_public_sukub_csv
2026-02-26 06:00:00,64076.391667,88081.141667,KPX_public_sukub_csv
2026-02-26 07:00:00,69146.983333,88855.516667,KPX_public_sukub_csv
2026-02-26 08:00:00,72585.775,90881.716667,KPX_public_sukub_csv
2026-02-26 09:00:00,71321.445455,91915.118182,KPX_public_sukub_csv
2026-02-26 10:00:00,68902.658333,92316.591667,KPX_public_sukub_csv
2026-02-26 11:00:00,66505.283333,91383.841667,KPX_public_sukub_csv
2026-02-26 12:00:00,63774.825,91052.583333,KPX_public_sukub_csv
2026-02-26 13:00:00,68281.1,91691.175,KPX_public_sukub_csv
2026-02-26 14:00:00,71077.325,93221.158333,KPX_public_sukub_csv
2026-02-26 15:00:00,72672.366667,92714.566667,KPX_public_sukub_csv
2026-02-26 16:00:00,73185.918182,93459.109091,KPX_public_sukub_csv
2026-02-26 17:00:00,72639.208333,92738.008333,KPX_public_sukub_csv
2026-02-26 18:00:00,73081.058333,92812.6,KPX_public_sukub_csv
2026-02-26 19:00:00,72508.625,92905.008333,KPX_public_sukub_csv
2026-02-26 20:00:00,70173.433333,92431.575,KPX_public_sukub_csv
2026-02-26 21:00:00,67735.509091,90609.881818,KPX_public_sukub_csv
2026-02-26 22:00:00,67071.808333,90371.733333,KPX_public_sukub_csv
2026-02-26 23:00:00,65803.366667,90366.758333,KPX_public_sukub_csv
2026-02-27 00:00:00,61912.775,89448.8,KPX_public_sukub_csv
2026-02-27 01:00:00,59159.466667,88844.85,KPX_public_sukub_csv
2026-02-27 02:00:00,57694.158333,88676.566667,KPX_public_sukub_csv
2026-02-27 03:00:00,57027.141667,88904.541667,KPX_public_sukub_csv
2026-02-27 04:00:00,57493.572727,88924.709091,KPX_public_sukub_csv
2026-02-27 05:00:00,59159.433333,89160.408333,KPX_public_sukub_csv
2026-02-27 06:00:00,62657.166667,90037.866667,KPX_public_sukub_csv
2026-02-27 07:00:00,67795.358333,89964.375,KPX_public_sukub_csv
2026-02-27 08:00:00,73378.775,90326.691667,KPX_public_sukub_csv
2026-02-27 09:00:00,74127.783333,90359.891667,KPX_public_sukub_csv
2026-02-27 10:00:00,72424.658333,90841.383333,KPX_public_sukub_csv
2026-02-27 11:00:00,70479.641667,90635.533333,KPX_public_sukub_csv
2026-02-27 12:00:00,67292.666667,90594.658333,KPX_public_sukub_csv
2026-02-27 13:00:00,69958.825,91241.891667,KPX_public_sukub_csv
2026-02-27 14:00:00,69715.23,91399.19,KPX_public_sukub_csv
2026-02-27 15:00:00,67694.4,91331.866667,KPX_public_sukub_csv
2026-02-27 16:00:00,68010.783333,91209.533333,KPX_public_sukub_csv
2026-02-27 17:00:00,69338.825,90864.825,KPX_public_sukub_csv
2026-02-27 18:00:00,70461.633333,89639.175,KPX_public_sukub_csv
2026-02-27 19:00:00,70353.15,89504.4,KPX_public_sukub_csv
2026-02-27 20:00:00,68673.266667,88424.8,KPX_public_sukub_csv
2026-02-27 21:00:00,66765.375,88293.266667,KPX_public_sukub_csv
2026-02-27 22:00:00,66150.05,88285.425,KPX_public_sukub_csv
2026-02-27 23:00:00,65365.736364,88450.009091,KPX_public_sukub_csv
2026-02-28 00:00:00,61490.6,84967.545455,KPX_public_sukub_csv
2026-02-28 01:00:00,58885.266667,83464.133333,KPX_public_sukub_csv
2026-02-28 02:00:00,57308.0,83705.958333,KPX_public_sukub_csv
2026-02-28 03:00:00,56454.041667,83571.933333,KPX_public_sukub_csv
2026-02-28 04:00:00,56542.1,82673.658333,KPX_public_sukub_csv
2026-02-28 05:00:00,57518.625,82274.675,KPX_public_sukub_csv
2026-02-28 06:00:00,59069.483333,82602.691667,KPX_public_sukub_csv
2026-02-28 07:00:00,60028.383333,82895.308333,KPX_public_sukub_csv
2026-02-28 08:00:00,57728.025,82129.05,KPX_public_sukub_csv
2026-02-28 09:00:00,53571.683333,83867.966667,KPX_public_sukub_csv
2026-02-28 10:00:00,50268.891667,84752.916667,KPX_public_sukub_csv
2026-02-28 11:00:00,47203.95,83811.883333,KPX_public_sukub_csv
2026-02-28 12:00:00,44715.516667,83069.1,KPX_public_sukub_csv
2026-02-28 13:00:00,45399.075,83631.108333,KPX_public_sukub_csv
2026-02-28 14:00:00,46624.858333,84049.475,KPX_public_sukub_csv
2026-02-28 15:00:00,49251.241667,83142.666667,KPX_public_sukub_csv
2026-02-28 16:00:00,53673.233333,82253.325,KPX_public_sukub_csv
2026-02-28 17:00:00,57871.416667,82166.083333,KPX_public_sukub_csv
2026-02-28 18:00:00,61401.625,83144.725,KPX_public_sukub_csv
2026-02-28 19:00:00,62134.1,83788.675,KPX_public_sukub_csv
2026-02-28 20:00:00,61555.308333,85030.166667,KPX_public_sukub_csv
2026-02-28 21:00:00,60661.241667,85179.058333,KPX_public_sukub_csv
2026-02-28 22:00:00,60876.116667,84726.491667,KPX_public_sukub_csv
2026-02-28 23:00:00,60127.925,85133.866667,KPX_public_sukub_csv
2026-03-01 00:00:00,56723.341667,84933.725,KPX_public_sukub_csv
2026-03-01 01:00:00,54142.95,84530.775,KPX_public_sukub_csv
2026-03-01 02:00:00,52789.1,83574.733333,KPX_public_sukub_csv
2026-03-01 03:00:00,52152.233333,83117.333333,KPX_public_sukub_csv
2026-03-01 04:00:00,52338.258333,83166.941667,KPX_public_sukub_csv
2026-03-01 05:00:00,53027.058333,82975.183333,KPX_public_sukub_csv
2026-03-01 06:00:00,54153.933333,82325.216667,KPX_public_sukub_csv
2026-03-01 07:00:00,54400.333333,82452.766667,KPX_public_sukub_csv
2026-03-01 08:00:00,52278.366667,82637.091667,KPX_public_sukub_csv
2026-03-01 09:00:00,49638.025,83780.716667,KPX_public_sukub_csv
2026-03-01 10:00:00,48340.508333,84717.183333,KPX_public_sukub_csv
2026-03-01 11:00:00,46629.125,84471.975,KPX_public_sukub_csv
2026-03-01 12:00:00,47349.55,84735.591667,KPX_public_sukub_csv
2026-03-01 13:00:00,49821.616667,85825.75,KPX_public_sukub_csv
2026-03-01 14:00:00,49457.625,87262.358333,KPX_public_sukub_csv
2026-03-01 15:00:00,50442.25,87352.758333,KPX_public_sukub_csv
2026-03-01 16:00:00,54549.033333,86476.083333,KPX_public_sukub_csv
2026-03-01 17:00:00,57616.833333,87563.583333,KPX_public_sukub_csv
2026-03-01 18:00:00,60478.391667,88089.75,KPX_public_sukub_csv
2026-03-01 19:00:00,61082.816667,88372.875,KPX_public_sukub_csv
2026-03-01 20:00:00,60481.325,88182.466667,KPX_public_sukub_csv
2026-03-01 21:00:00,59424.258333,87791.7,KPX_public_sukub_csv
2026-03-01 22:00:00,58861.008333,87722.791667,KPX_public_sukub_csv
2026-03-01 23:00:00,58146.163636,87797.0,KPX_public_sukub_csv
2026-03-02 00:00:00,54940.908333,88561.258333,KPX_public_sukub_csv
2026-03-02 01:00:00,52546.725,88950.441667,KPX_public_sukub_csv
2026-03-02 02:00:00,51270.233333,89590.858333,KPX_public_sukub_csv
2026-03-02 03:00:00,50749.141667,89270.833333,KPX_public_sukub_csv
2026-03-02 04:00:00,51095.945455,89281.209091,KPX_public_sukub_csv
2026-03-02 05:00:00,52657.725,89335.208333,KPX_public_sukub_csv
2026-03-02 06:00:00,54720.666667,89462.125,KPX_public_sukub_csv
2026-03-02 07:00:00,57595.4,89877.966667,KPX_public_sukub_csv
2026-03-02 08:00:00,61475.009091,89396.718182,KPX_public_sukub_csv
2026-03-02 09:00:00,63347.591667,88999.9,KPX_public_sukub_csv
2026-03-02 10:00:00,64559.625,89285.241667,KPX_public_sukub_csv
2026-03-02 11:00:00,64395.158333,89444.433333,KPX_public_sukub_csv
2026-03-02 12:00:00,62917.941667,89482.325,KPX_public_sukub_csv
2026-03-02 13:00:00,63720.725,90160.516667,KPX_public_sukub_csv
2026-03-02 14:00:00,64388.072727,90387.890909,KPX_public_sukub_csv
2026-03-02 15:00:00,65106.709091,90138.754545,KPX_public_sukub_csv
2026-03-02 16:00:00,65814.609091,90013.590909,KPX_public_sukub_csv
2026-03-02 17:00:00,66306.783333,91332.641667,KPX_public_sukub_csv
2026-03-02 18:00:00,67222.883333,91359.516667,KPX_public_sukub_csv
2026-03-02 19:00:00,66788.65,91174.966667,KPX_public_sukub_csv
2026-03-02 20:00:00,65767.758333,90917.633333,KPX_public_sukub_csv
2026-03-02 21:00:00,64202.425,90654.375,KPX_public_sukub_csv
2026-03-02 22:00:00,63236.891667,90579.958333,KPX_public_sukub_csv
2026-03-02 23:00:00,62292.072727,90131.572727,KPX_public_sukub_csv
2026-03-03 00:00:00,58805.916667,88881.208333,KPX_public_sukub_csv
2026-03-03 01:00:00,56324.316667,88731.733333,KPX_public_sukub_csv
2026-03-03 02:00:00,54982.116667,89028.925,KPX_public_sukub_csv
2026-03-03 03:00:00,54341.133333,89025.491667,KPX_public_sukub_csv
2026-03-03 04:00:00,55059.65,88940.266667,KPX_public_sukub_csv
2026-03-03 05:00:00,57369.1,88917.15,KPX_public_sukub_csv
2026-03-03 06:00:00,61726.758333,89099.683333,KPX_public_sukub_csv
2026-03-03 07:00:00,68500.875,89519.216667,KPX_public_sukub_csv
2026-03-03 08:00:00,74239.966667,89511.35,KPX_public_sukub_csv
2026-03-03 09:00:00,73884.091667,90650.925,KPX_public_sukub_csv
2026-03-03 10:00:00,71465.05,91562.291667,KPX_public_sukub_csv
2026-03-03 11:00:00,68015.591667,92162.4,KPX_public_sukub_csv
2026-03-03 12:00:00,62721.008333,92540.583333,KPX_public_sukub_csv
2026-03-03 13:00:00,63375.316667,92762.033333,KPX_public_sukub_csv
2026-03-03 14:00:00,63974.175,92637.891667,KPX_public_sukub_csv
2026-03-03 15:00:00,65110.041667,92230.883333,KPX_public_sukub_csv
2026-03-03 16:00:00,68856.2,90785.108333,KPX_public_sukub_csv
2026-03-03 17:00:00,71405.383333,90620.991667,KPX_public_sukub_csv
2026-03-03 18:00:00,73251.475,90474.916667,KPX_public_sukub_csv
2026-03-03 19:00:00,72803.583333,90207.133333,KPX_public_sukub_csv
2026-03-03 20:00:00,70662.575,89445.058333,KPX_public_sukub_csv
2026-03-03 21:00:00,68358.6,88813.508333,KPX_public_sukub_csv
2026-03-03 22:00:00,67450.316667,88424.141667,KPX_public_sukub_csv
2026-03-03 23:00:00,66282.381818,88314.572727,KPX_public_sukub_csv
2026-03-04 00:00:00,62110.366667,87753.183333,KPX_public_sukub_csv
2026-03-04 01:00:00,59532.708333,87671.083333,KPX_public_sukub_csv
2026-03-04 02:00:00,58273.066667,87631.566667,KPX_public_sukub_csv
2026-03-04 03:00:00,57979.508333,87654.966667,KPX_public_sukub_csv
2026-03-04 04:00:00,58501.766667,87727.2,KPX_public_sukub_csv
2026-03-04 05:00:00,60357.783333,87982.925,KPX_public_sukub_csv
2026-03-04 06:00:00,64312.5,88019.483333,KPX_public_sukub_csv
2026-03-04 07:00:00,69665.241667,87853.325,KPX_public_sukub_csv
2026-03-04 08:00:00,71313.808333,89364.433333,KPX_public_sukub_csv
2026-03-04 09:00:00,68647.591667,91073.541667,KPX_public_sukub_csv
2026-03-04 10:00:00,64674.525,92181.8,KPX_public_sukub_csv
2026-03-04 11:00:00,60896.383333,92855.3,KPX_public_sukub_csv
2026-03-04 12:00:00,56224.716667,92666.108333,KPX_public_sukub_csv
2026-03-04 13:00:00,57964.991667,92720.1,KPX_public_sukub_csv
2026-03-04 14:00:00,59363.933333,92710.341667,KPX_public_sukub_csv
2026-03-04 15:00:00,62049.725,91775.683333,KPX_public_sukub_csv
2026-03-04 16:00:00,66542.741667,90289.85,KPX_public_sukub_csv
2026-03-04 17:00:00,69588.533333,89703.083333,KPX_public_sukub_csv
2026-03-04 18:00:00,72362.516667,89908.558333,KPX_public_sukub_csv
2026-03-04 19:00:00,72391.241667,90228.525,KPX_public_sukub_csv
2026-03-04 20:00:00,70424.108333,90215.783333,KPX_public_sukub_csv
2026-03-04 21:00:00,68285.591667,88989.908333,KPX_public_sukub_csv
2026-03-04 22:00:00,67597.375,88567.375,KPX_public_sukub_csv
2026-03-04 23:00:00,66138.325,88467.683333,KPX_public_sukub_csv
2026-03-05 00:00:00,62214.808333,88572.691667,KPX_public_sukub_csv
2026-03-05 01:00:00,59771.416667,88598.025,KPX_public_sukub_csv
2026-03-05 02:00:00,58421.208333,89346.508333,KPX_public_sukub_csv
2026-03-05 03:00:00,57948.216667,89880.008333,KPX_public_sukub_csv
2026-03-05 04:00:00,58330.875,89967.775,KPX_public_sukub_csv
2026-03-05 05:00:00,60327.183333,89996.066667,KPX_public_sukub_csv
2026-03-05 06:00:00,64208.708333,90118.108333,KPX_public_sukub_csv
2026-03-05 07:00:00,69345.125,90535.358333,KPX_public_sukub_csv
2026-03-05 08:00:00,72292.075,91568.866667,KPX_public_sukub_csv
2026-03-05 09:00:00,70322.066667,93063.358333,KPX_public_sukub_csv
2026-03-05 10:00:00,66184.791667,93990.5,KPX_public_sukub_csv
2026-03-05 11:00:00,62507.125,94226.958333,KPX_public_sukub_csv
2026-03-05 12:00:00,59187.216667,93679.841667,KPX_public_sukub_csv
2026-03-05 13:00:00,62206.491667,92889.683333,KPX_public_sukub_csv
2026-03-05 14:00:00,65162.058333,91221.925,KPX_public_sukub_csv
2026-03-05 15:00:00,68032.009091,90496.781818,KPX_public_sukub_csv
2026-03-05 16:00:00,71026.641667,90175.075,KPX_public_sukub_csv
2026-03-05 17:00:00,72167.441667,91242.791667,KPX_public_sukub_csv
2026-03-05 18:00:00,73298.608333,91609.033333,KPX_public_sukub_csv
2026-03-05 19:00:00,72617.458333,91473.691667,KPX_public_sukub_csv
2026-03-05 20:00:00,70291.566667,90542.558333,KPX_public_sukub_csv
2026-03-05 21:00:00,67993.783333,89662.375,KPX_public_sukub_csv
2026-03-05 22:00:00,67472.05,89475.758333,KPX_public_sukub_csv
2026-03-05 23:00:00,66374.12,89623.08,KPX_public_sukub_csv
2026-03-06 00:00:00,62208.425,89701.316667,KPX_public_sukub_csv
2026-03-06 01:00:00,59662.133333,89760.858333,KPX_public_sukub_csv
2026-03-06 02:00:00,58092.883333,89840.991667,KPX_public_sukub_csv
2026-03-06 03:00:00,57388.975,90084.333333,KPX_public_sukub_csv
2026-03-06 04:00:00,57915.966667,90290.541667,KPX_public_sukub_csv
2026-03-06 05:00:00,59712.691667,90452.008333,KPX_public_sukub_csv
2026-03-06 06:00:00,63441.041667,90283.675,KPX_public_sukub_csv
2026-03-06 07:00:00,69288.209091,90522.327273,KPX_public_sukub_csv
2026-03-06 08:00:00,75338.233333,91441.908333,KPX_public_sukub_csv
2026-03-06 09:00:00,77336.6,92090.766667,KPX_public_sukub_csv
2026-03-06 10:00:00,75248.55,92169.433333,KPX_public_sukub_csv
2026-03-06 11:00:00,72034.266667,92921.841667,KPX_public_sukub_csv
2026-03-06 12:00:00,69437.1,92927.358333,KPX_public_sukub_csv
2026-03-06 13:00:00,71293.858333,92941.458333,KPX_public_sukub_csv
2026-03-06 14:00:00,71918.216667,93193.5,KPX_public_sukub_csv
2026-03-06 15:00:00,72320.808333,92789.5,KPX_public_sukub_csv
2026-03-06 16:00:00,73685.808333,92279.758333,KPX_public_sukub_csv
2026-03-06 17:00:00,73819.691667,92706.883333,KPX_public_sukub_csv
2026-03-06 18:00:00,74293.05,92783.508333,KPX_public_sukub_csv
2026-03-06 19:00:00,73453.416667,92619.6,KPX_public_sukub_csv
2026-03-06 20:00:00,70988.683333,92283.525,KPX_public_sukub_csv
2026-03-06 21:00:00,68665.491667,91119.841667,KPX_public_sukub_csv
2026-03-06 22:00:00,67957.516667,90423.083333,KPX_public_sukub_csv
2026-03-06 23:00:00,66912.516667,88557.308333,KPX_public_sukub_csv
2026-03-07 00:00:00,63047.891667,83701.858333,KPX_public_sukub_csv
2026-03-07 01:00:00,60321.325,83346.941667,KPX_public_sukub_csv
2026-03-07 02:00:00,58672.558333,82959.725,KPX_public_sukub_csv
2026-03-07 03:00:00,58007.583333,82348.0,KPX_public_sukub_csv
2026-03-07 04:00:00,58097.841667,82365.541667,KPX_public_sukub_csv
2026-03-07 05:00:00,59066.758333,82697.808333,KPX_public_sukub_csv
2026-03-07 06:00:00,60461.558333,82570.383333,KPX_public_sukub_csv
2026-03-07 07:00:00,61249.85,82641.35,KPX_public_sukub_csv
2026-03-07 08:00:00,59079.158333,83401.208333,KPX_public_sukub_csv
2026-03-07 09:00:00,55891.875,84591.158333,KPX_public_sukub_csv
2026-03-07 10:00:00,52746.9,84864.491667,KPX_public_sukub_csv
2026-03-07 11:00:00,48088.05,85008.033333,KPX_public_sukub_csv
2026-03-07 12:00:00,44311.916667,83020.233333,KPX_public_sukub_csv
2026-03-07 13:00:00,44616.590909,83143.127273,KPX_public_sukub_csv
2026-03-07 14:00:00,45928.983333,83079.825,KPX_public_sukub_csv
2026-03-07 15:00:00,48416.475,82665.558333,KPX_public_sukub_csv
2026-03-07 16:00:00,52664.083333,81418.35,KPX_public_sukub_csv
2026-03-07 17:00:00,58989.683333,80954.558333,KPX_public_sukub_csv
2026-03-07 18:00:00,63820.45,80756.041667,KPX_public_sukub_csv
2026-03-07 19:00:00,64807.891667,80337.075,KPX_public_sukub_csv
2026-03-07 20:00:00,64135.066667,79968.191667,KPX_public_sukub_csv
2026-03-07 21:00:00,62850.5,80065.125,KPX_public_sukub_csv
2026-03-07 22:00:00,62889.818182,79586.336364,KPX_public_sukub_csv
2026-03-07 23:00:00,62374.641667,79086.983333,KPX_public_sukub_csv
2026-03-08 00:00:00,59182.641667,78953.516667,KPX_public_sukub_csv
2026-03-08 01:00:00,56628.916667,78672.483333,KPX_public_sukub_csv
2026-03-08 02:00:00,55148.925,78531.483333,KPX_public_sukub_csv
2026-03-08 03:00:00,54395.45,78468.8,KPX_public_sukub_csv
2026-03-08 04:00:00,54491.316667,78533.025,KPX_public_sukub_csv
2026-03-08 05:00:00,55320.391667,78457.691667,KPX_public_sukub_csv
2026-03-08 06:00:00,56545.491667,78151.75,KPX_public_sukub_csv
2026-03-08 07:00:00,56140.966667,77929.866667,KPX_public_sukub_csv
2026-03-08 08:00:00,51629.025,78916.416667,KPX_public_sukub_csv
2026-03-08 09:00:00,46717.975,80045.025,KPX_public_sukub_csv
2026-03-08 10:00:00,43666.416667,80148.016667,KPX_public_sukub_csv
2026-03-08 11:00:00,41179.016667,80181.8,KPX_public_sukub_csv
2026-03-08 12:00:00,39889.25,80013.916667,KPX_public_sukub_csv
2026-03-08 13:00:00,40578.35,79645.083333,KPX_public_sukub_csv
2026-03-08 14:00:00,43622.325,80488.483333,KPX_public_sukub_csv
2026-03-08 15:00:00,48075.641667,80250.75,KPX_public_sukub_csv
2026-03-08 16:00:00,52442.416667,79684.066667,KPX_public_sukub_csv
2026-03-08 17:00:00,57198.283333,80017.041667,KPX_public_sukub_csv
2026-03-08 18:00:00,61873.325,80118.941667,KPX_public_sukub_csv
2026-03-08 19:00:00,63368.575,81012.525,KPX_public_sukub_csv
2026-03-08 20:00:00,62915.009091,81051.545455,KPX_public_sukub_csv
2026-03-08 21:00:00,61744.808333,80812.075,KPX_public_sukub_csv
2026-03-08 22:00:00,60905.883333,81027.175,KPX_public_sukub_csv
2026-03-08 23:00:00,59989.6,81050.845455,KPX_public_sukub_csv
2026-03-09 00:00:00,56858.858333,80736.608333,KPX_public_sukub_csv
2026-03-09 01:00:00,54607.775,81002.166667,KPX_public_sukub_csv
2026-03-09 02:00:00,53431.05,82197.658333,KPX_public_sukub_csv
2026-03-09 03:00:00,52850.716667,83397.058333,KPX_public_sukub_csv
2026-03-09 04:00:00,53731.583333,83406.008333,KPX_public_sukub_csv
2026-03-09 05:00:00,56133.825,83235.366667,KPX_public_sukub_csv
2026-03-09 06:00:00,60916.766667,83173.008333,KPX_public_sukub_csv
2026-03-09 07:00:00,68178.691667,83741.991667,KPX_public_sukub_csv
2026-03-09 08:00:00,74629.172727,84887.363636,KPX_public_sukub_csv
2026-03-09 09:00:00,76300.95,86123.141667,KPX_public_sukub_csv
2026-03-09 10:00:00,73500.658333,86418.708333,KPX_public_sukub_csv
2026-03-09 11:00:00,68874.583333,87170.225,KPX_public_sukub_csv
2026-03-09 12:00:00,64205.266667,87882.2,KPX_public_sukub_csv
2026-03-09 13:00:00,65353.558333,88153.191667,KPX_public_sukub_csv
2026-03-09 14:00:00,65945.733333,87834.258333,KPX_public_sukub_csv
2026-03-09 15:00:00,67616.4,87257.1,KPX_public_sukub_csv
2026-03-09 16:00:00,70532.816667,86329.741667,KPX_public_sukub_csv
2026-03-09 17:00:00,72626.166667,85768.35,KPX_public_sukub_csv
2026-03-09 18:00:00,74842.008333,85539.358333,KPX_public_sukub_csv
2026-03-09 19:00:00,74480.775,85511.258333,KPX_public_sukub_csv
2026-03-09 20:00:00,71994.458333,85338.033333,KPX_public_sukub_csv
2026-03-09 21:00:00,69616.375,84413.35,KPX_public_sukub_csv
2026-03-09 22:00:00,68512.308333,83410.325,KPX_public_sukub_csv
2026-03-09 23:00:00,67249.754545,83319.763636,KPX_public_sukub_csv
2026-03-10 00:00:00,63438.541667,83268.075,KPX_public_sukub_csv
2026-03-10 01:00:00,61021.445455,83189.181818,KPX_public_sukub_csv
2026-03-10 02:00:00,59650.016667,84280.475,KPX_public_sukub_csv
2026-03-10 03:00:00,59248.266667,84820.258333,KPX_public_sukub_csv
2026-03-10 04:00:00,59741.825,84406.2,KPX_public_sukub_csv
2026-03-10 05:00:00,61790.309091,84091.627273,KPX_public_sukub_csv
2026-03-10 06:00:00,65860.325,84140.091667,KPX_public_sukub_csv
2026-03-10 07:00:00,70998.816667,84937.108333,KPX_public_sukub_csv
2026-03-10 08:00:00,73806.783333,85814.016667,KPX_public_sukub_csv
2026-03-10 09:00:00,71243.475,87713.333333,KPX_public_sukub_csv
2026-03-10 10:00:00,66509.966667,87938.908333,KPX_public_sukub_csv
2026-03-10 11:00:00,61561.325,88056.058333,KPX_public_sukub_csv
2026-03-10 12:00:00,56383.333333,88570.008333,KPX_public_sukub_csv
2026-03-10 13:00:00,57913.366667,88484.308333,KPX_public_sukub_csv
2026-03-10 14:00:00,59655.341667,89131.316667,KPX_public_sukub_csv
2026-03-10 15:00:00,62077.883333,87919.866667,KPX_public_sukub_csv
2026-03-10 16:00:00,66700.583333,86574.3,KPX_public_sukub_csv
2026-03-10 17:00:00,70682.558333,85786.866667,KPX_public_sukub_csv
2026-03-10 18:00:00,73703.191667,85106.408333,KPX_public_sukub_csv
2026-03-10 19:00:00,73784.091667,85101.025,KPX_public_sukub_csv
2026-03-10 20:00:00,71568.166667,85100.391667,KPX_public_sukub_csv
2026-03-10 21:00:00,69242.658333,84339.475,KPX_public_sukub_csv
2026-03-10 22:00:00,68106.35,83710.166667,KPX_public_sukub_csv
2026-03-10 23:00:00,66800.754545,83728.381818,KPX_public_sukub_csv
2026-03-11 00:00:00,62953.741667,83483.2,KPX_public_sukub_csv
2026-03-11 01:00:00,60403.058333,83481.341667,KPX_public_sukub_csv
2026-03-11 02:00:00,58904.141667,84325.483333,KPX_public_sukub_csv
2026-03-11 03:00:00,58410.616667,85716.241667,KPX_public_sukub_csv
2026-03-11 04:00:00,58749.3,85700.325,KPX_public_sukub_csv
2026-03-11 05:00:00,60873.916667,85701.125,KPX_public_sukub_csv
2026-03-11 06:00:00,64915.141667,85626.966667,KPX_public_sukub_csv
2026-03-11 07:00:00,69991.85,85893.366667,KPX_public_sukub_csv
2026-03-11 08:00:00,73527.65,86187.133333,KPX_public_sukub_csv
2026-03-11 09:00:00,71729.091667,87325.25,KPX_public_sukub_csv
2026-03-11 10:00:00,67674.933333,87367.641667,KPX_public_sukub_csv
2026-03-11 11:00:00,62817.191667,87481.083333,KPX_public_sukub_csv
2026-03-11 12:00:00,57973.1,88028.258333,KPX_public_sukub_csv
2026-03-11 13:00:00,59822.2,88221.05,KPX_public_sukub_csv
2026-03-11 14:00:00,61600.966667,88467.866667,KPX_public_sukub_csv
2026-03-11 15:00:00,64160.158333,87455.233333,KPX_public_sukub_csv
2026-03-11 16:00:00,67979.175,85846.675,KPX_public_sukub_csv
2026-03-11 17:00:00,70601.525,85570.15,KPX_public_sukub_csv
2026-03-11 18:00:00,73103.758333,85088.466667,KPX_public_sukub_csv
2026-03-11 19:00:00,73026.016667,85077.375,KPX_public_sukub_csv
2026-03-11 20:00:00,71040.191667,84933.591667,KPX_public_sukub_csv
2026-03-11 21:00:00,68872.554545,83780.927273,KPX_public_sukub_csv
2026-03-11 22:00:00,67591.783333,83431.891667,KPX_public_sukub_csv
2026-03-11 23:00:00,66447.645455,83471.781818,KPX_public_sukub_csv
2026-03-12 00:00:00,62560.508333,82391.933333,KPX_public_sukub_csv
2026-03-12 01:00:00,60044.575,82301.891667,KPX_public_sukub_csv
2026-03-12 02:00:00,58677.966667,82338.008333,KPX_public_sukub_csv
2026-03-12 03:00:00,58090.075,82405.616667,KPX_public_sukub_csv
2026-03-12 04:00:00,58573.925,82444.475,KPX_public_sukub_csv
2026-03-12 05:00:00,60548.083333,82218.166667,KPX_public_sukub_csv
2026-03-12 06:00:00,64483.325,81434.2,KPX_public_sukub_csv
2026-03-12 07:00:00,69592.958333,81406.433333,KPX_public_sukub_csv
2026-03-12 08:00:00,72401.616667,82932.333333,KPX_public_sukub_csv
2026-03-12 09:00:00,70346.85,85027.675,KPX_public_sukub_csv
2026-03-12 10:00:00,65930.516667,85225.825,KPX_public_sukub_csv
2026-03-12 11:00:00,61339.991667,85715.941667,KPX_public_sukub_csv
2026-03-12 12:00:00,57473.963636,86232.863636,KPX_public_sukub_csv
2026-03-12 13:00:00,60134.825,85915.95,KPX_public_sukub_csv
2026-03-12 14:00:00,62207.275,86194.258333,KPX_public_sukub_csv
2026-03-12 15:00:00,64499.391667,85589.466667,KPX_public_sukub_csv
2026-03-12 16:00:00,67703.641667,84154.325,KPX_public_sukub_csv
2026-03-12 17:00:00,70280.55,83093.683333,KPX_public_sukub_csv
2026-03-12 18:00:00,72562.991667,82459.441667,KPX_public_sukub_csv
2026-03-12 19:00:00,72494.791667,82456.683333,KPX_public_sukub_csv
2026-03-12 20:00:00,70415.108333,82297.666667,KPX_public_sukub_csv
2026-03-12 21:00:00,67983.966667,82021.408333,KPX_public_sukub_csv
2026-03-12 22:00:00,67084.766667,81874.491667,KPX_public_sukub_csv
2026-03-12 23:00:00,65796.109091,81835.436364,KPX_public_sukub_csv
2026-03-13 00:00:00,61712.683333,81837.225,KPX_public_sukub_csv
2026-03-13 01:00:00,59397.6,82114.075,KPX_public_sukub_csv
2026-03-13 02:00:00,58074.633333,82695.433333,KPX_public_sukub_csv
2026-03-13 03:00:00,57330.608333,83062.275,KPX_public_sukub_csv
2026-03-13 04:00:00,57850.016667,83156.225,KPX_public_sukub_csv
2026-03-13 05:00:00,59907.383333,83026.708333,KPX_public_sukub_csv
2026-03-13 06:00:00,63698.258333,82941.133333,KPX_public_sukub_csv
2026-03-13 07:00:00,68278.558333,83124.7,KPX_public_sukub_csv
2026-03-13 08:00:00,70191.283333,85074.1,KPX_public_sukub_csv
2026-03-13 09:00:00,67721.741667,87244.108333,KPX_public_sukub_csv
2026-03-13 10:00:00,64103.308333,88139.533333,KPX_public_sukub_csv
2026-03-13 11:00:00,60117.683333,88281.308333,KPX_public_sukub_csv
2026-03-13 12:00:00,55678.775,88595.2,KPX_public_sukub_csv
2026-03-13 13:00:00,57350.1,88819.616667,KPX_public_sukub_csv
2026-03-13 14:00:00,58415.0,88785.708333,KPX_public_sukub_csv
2026-03-13 15:00:00,60709.275,88155.466667,KPX_public_sukub_csv
2026-03-13 16:00:00,64219.7,86509.391667,KPX_public_sukub_csv
2026-03-13 17:00:00,67392.758333,85249.366667,KPX_public_sukub_csv
2026-03-13 18:00:00,70143.625,84332.225,KPX_public_sukub_csv
2026-03-13 19:00:00,70450.525,84277.716667,KPX_public_sukub_csv
2026-03-13 20:00:00,69022.0,84411.541667,KPX_public_sukub_csv
2026-03-13 21:00:00,67071.891667,84028.358333,KPX_public_sukub_csv
2026-03-13 22:00:00,66180.408333,83639.941667,KPX_public_sukub_csv
2026-03-13 23:00:00,64936.616667,81862.108333,KPX_public_sukub_csv
2026-03-14 00:00:00,61177.69,76942.55,KPX_public_sukub_csv
2026-03-14 01:00:00,58420.091667,76511.033333,KPX_public_sukub_csv
2026-03-14 02:00:00,57023.358333,76764.916667,KPX_public_sukub_csv
2026-03-14 03:00:00,56152.866667,76766.816667,KPX_public_sukub_csv
2026-03-14 04:00:00,56268.291667,76822.541667,KPX_public_sukub_csv
2026-03-14 05:00:00,57159.458333,76839.091667,KPX_public_sukub_csv
2026-03-14 06:00:00,58601.316667,76780.908333,KPX_public_sukub_csv
2026-03-14 07:00:00,58749.95,77053.233333,KPX_public_sukub_csv
2026-03-14 08:00:00,56552.816667,78496.716667,KPX_public_sukub_csv
2026-03-14 09:00:00,53133.95,79313.766667,KPX_public_sukub_csv
2026-03-14 10:00:00,50814.808333,79994.25,KPX_public_sukub_csv
2026-03-14 11:00:00,47988.7,80123.927273,KPX_public_sukub_csv
2026-03-14 12:00:00,46076.6,80146.333333,KPX_public_sukub_csv
2026-03-14 13:00:00,46675.016667,80470.408333,KPX_public_sukub_csv
2026-03-14 14:00:00,47604.958333,80359.808333,KPX_public_sukub_csv
2026-03-14 15:00:00,50929.066667,79543.65,KPX_public_sukub_csv
2026-03-14 16:00:00,55000.575,78143.808333,KPX_public_sukub_csv
2026-03-14 17:00:00,58082.908333,78155.35,KPX_public_sukub_csv
2026-03-14 18:00:00,61426.041667,77582.291667,KPX_public_sukub_csv
2026-03-14 19:00:00,62297.2,77540.108333,KPX_public_sukub_csv
2026-03-14 20:00:00,61631.291667,77570.083333,KPX_public_sukub_csv
2026-03-14 21:00:00,60504.658333,77344.775,KPX_public_sukub_csv
2026-03-14 22:00:00,60198.166667,76799.541667,KPX_public_sukub_csv
2026-03-14 23:00:00,59299.783333,76309.775,KPX_public_sukub_csv
2026-03-15 00:00:00,56071.416667,75963.208333,KPX_public_sukub_csv
2026-03-15 01:00:00,53524.916667,75992.975,KPX_public_sukub_csv
2026-03-15 02:00:00,51954.25,75066.5,KPX_public_sukub_csv
2026-03-15 03:00:00,51258.541667,75047.533333,KPX_public_sukub_csv
2026-03-15 04:00:00,51292.309091,75092.4,KPX_public_sukub_csv
2026-03-15 05:00:00,52202.025,75134.358333,KPX_public_sukub_csv
2026-03-15 06:00:00,53152.491667,75511.058333,KPX_public_sukub_csv
2026-03-15 07:00:00,53693.541667,75546.608333,KPX_public_sukub_csv
2026-03-15 08:00:00,53358.283333,75288.758333,KPX_public_sukub_csv
2026-03-15 09:00:00,53227.690909,76554.572727,KPX_public_sukub_csv
2026-03-15 10:00:00,53285.316667,76881.8,KPX_public_sukub_csv
2026-03-15 11:00:00,51366.316667,76760.458333,KPX_public_sukub_csv
2026-03-15 12:00:00,49100.141667,77385.35,KPX_public_sukub_csv
2026-03-15 13:00:00,49925.183333,77634.15,KPX_public_sukub_csv
2026-03-15 14:00:00,50405.4,77867.383333,KPX_public_sukub_csv
2026-03-15 15:00:00,51961.233333,77585.133333,KPX_public_sukub_csv
2026-03-15 16:00:00,53948.290909,77260.427273,KPX_public_sukub_csv
2026-03-15 17:00:00,56821.125,77248.491667,KPX_public_sukub_csv
2026-03-15 18:00:00,60201.858333,78046.658333,KPX_public_sukub_csv
2026-03-15 19:00:00,61593.083333,78121.5,KPX_public_sukub_csv
2026-03-15 20:00:00,61121.441667,78582.525,KPX_public_sukub_csv
2026-03-15 21:00:00,59852.566667,79046.116667,KPX_public_sukub_csv
2026-03-15 22:00:00,59116.991667,78582.2,KPX_public_sukub_csv
2026-03-15 23:00:00,58267.154545,78196.609091,KPX_public_sukub_csv
2026-03-16 00:00:00,55158.541667,80318.316667,KPX_public_sukub_csv
2026-03-16 01:00:00,52955.758333,82557.466667,KPX_public_sukub_csv
2026-03-16 02:00:00,51803.941667,83075.191667,KPX_public_sukub_csv
2026-03-16 03:00:00,51332.75,83160.241667,KPX_public_sukub_csv
2026-03-16 04:00:00,52271.041667,83173.516667,KPX_public_sukub_csv
2026-03-16 05:00:00,54726.433333,83116.791667,KPX_public_sukub_csv
2026-03-16 06:00:00,59504.908333,83020.65,KPX_public_sukub_csv
2026-03-16 07:00:00,65297.416667,83871.583333,KPX_public_sukub_csv
2026-03-16 08:00:00,68902.683333,84739.158333,KPX_public_sukub_csv
2026-03-16 09:00:00,67535.909091,85732.909091,KPX_public_sukub_csv
2026-03-16 10:00:00,63537.275,86802.5,KPX_public_sukub_csv
2026-03-16 11:00:00,59627.708333,86943.375,KPX_public_sukub_csv
2026-03-16 12:00:00,56242.283333,86480.708333,KPX_public_sukub_csv
2026-03-16 13:00:00,58674.366667,86520.375,KPX_public_sukub_csv
2026-03-16 14:00:00,61079.309091,86361.554545,KPX_public_sukub_csv
2026-03-16 15:00:00,64178.075,85197.133333,KPX_public_sukub_csv
2026-03-16 16:00:00,67327.191667,84233.908333,KPX_public_sukub_csv
2026-03-16 17:00:00,68734.766667,83999.2,KPX_public_sukub_csv
2026-03-16 18:00:00,70967.581818,83933.227273,KPX_public_sukub_csv
2026-03-16 19:00:00,71171.725,84598.316667,KPX_public_sukub_csv
2026-03-16 20:00:00,69246.866667,83910.425,KPX_public_sukub_csv
2026-03-16 21:00:00,66904.875,83235.283333,KPX_public_sukub_csv
2026-03-16 22:00:00,65909.916667,82896.358333,KPX_public_sukub_csv
2026-03-16 23:00:00,64520.81,82869.28,KPX_public_sukub_csv
2026-03-17 00:00:00,60533.858333,83029.15,KPX_public_sukub_csv
2026-03-17 01:00:00,58279.53,83070.4,KPX_public_sukub_csv
2026-03-17 02:00:00,56953.858333,82804.825,KPX_public_sukub_csv
2026-03-17 03:00:00,56557.625,82762.425,KPX_public_sukub_csv
2026-03-17 04:00:00,57145.05,82852.066667,KPX_public_sukub_csv
2026-03-17 05:00:00,59195.741667,83015.108333,KPX_public_sukub_csv
2026-03-17 06:00:00,63012.291667,83016.008333,KPX_public_sukub_csv
2026-03-17 07:00:00,67264.416667,83329.033333,KPX_public_sukub_csv
2026-03-17 08:00:00,69082.166667,84215.991667,KPX_public_sukub_csv
2026-03-17 09:00:00,66279.175,85961.3,KPX_public_sukub_csv
2026-03-17 10:00:00,62055.183333,87006.041667,KPX_public_sukub_csv
2026-03-17 11:00:00,57417.458333,87180.325,KPX_public_sukub_csv
2026-03-17 12:00:00,52945.916667,87575.066667,KPX_public_sukub_csv
2026-03-17 13:00:00,54630.866667,87773.633333,KPX_public_sukub_csv
2026-03-17 14:00:00,57104.863636,88237.727273,KPX_public_sukub_csv
2026-03-17 15:00:00,60018.536364,87549.418182,KPX_public_sukub_csv
2026-03-17 16:00:00,64482.158333,85964.941667,KPX_public_sukub_csv
2026-03-17 17:00:00,67871.841667,84813.808333,KPX_public_sukub_csv
2026-03-17 18:00:00,71021.258333,86875.725,KPX_public_sukub_csv
2026-03-17 19:00:00,71388.691667,87334.016667,KPX_public_sukub_csv
2026-03-17 20:00:00,69492.141667,86726.916667,KPX_public_sukub_csv
2026-03-17 21:00:00,67430.85,86829.05,KPX_public_sukub_csv
2026-03-17 22:00:00,66206.141667,86690.275,KPX_public_sukub_csv
2026-03-17 23:00:00,64498.916667,86626.116667,KPX_public_sukub_csv
2026-03-18 00:00:00,60453.041667,86584.333333,KPX_public_sukub_csv
2026-03-18 01:00:00,57930.5,86632.658333,KPX_public_sukub_csv
2026-03-18 02:00:00,56497.566667,86101.241667,KPX_public_sukub_csv
2026-03-18 03:00:00,55847.916667,86082.116667,KPX_public_sukub_csv
2026-03-18 04:00:00,56414.016667,86107.65,KPX_public_sukub_csv
2026-03-18 05:00:00,58465.825,86044.116667,KPX_public_sukub_csv
2026-03-18 06:00:00,62090.4,87031.508333,KPX_public_sukub_csv
2026-03-18 07:00:00,68126.475,87317.3,KPX_public_sukub_csv
2026-03-18 08:00:00,74729.275,87779.591667,KPX_public_sukub_csv
2026-03-18 09:00:00,77742.358333,87978.475,KPX_public_sukub_csv
2026-03-18 10:00:00,78372.558333,88196.9,KPX_public_sukub_csv
2026-03-18 11:00:00,77286.266667,87959.075,KPX_public_sukub_csv
2026-03-18 12:00:00,74049.35,87573.316667,KPX_public_sukub_csv
2026-03-18 13:00:00,75675.283333,87721.083333,KPX_public_sukub_csv
2026-03-18 14:00:00,74708.763636,87901.536364,KPX_public_sukub_csv
2026-03-18 15:00:00,73646.658333,89122.375,KPX_public_sukub_csv
2026-03-18 16:00:00,73809.8,88926.491667,KPX_public_sukub_csv
2026-03-18 17:00:00,72722.941667,89545.008333,KPX_public_sukub_csv
2026-03-18 18:00:00,73106.108333,88935.65,KPX_public_sukub_csv
2026-03-18 19:00:00,72731.991667,88823.283333,KPX_public_sukub_csv
2026-03-18 20:00:00,70412.925,88394.45,KPX_public_sukub_csv
2026-03-18 21:00:00,68193.3,87649.8,KPX_public_sukub_csv
2026-03-18 22:00:00,66973.15,87511.408333,KPX_public_sukub_csv
2026-03-18 23:00:00,65561.225,87565.508333,KPX_public_sukub_csv
2026-03-19 00:00:00,61657.816667,87746.783333,KPX_public_sukub_csv
2026-03-19 01:00:00,59164.083333,86588.808333,KPX_public_sukub_csv
2026-03-19 02:00:00,57692.25,85012.141667,KPX_public_sukub_csv
2026-03-19 03:00:00,57235.0,84899.566667,KPX_public_sukub_csv
2026-03-19 04:00:00,57915.1,84937.491667,KPX_public_sukub_csv
2026-03-19 05:00:00,59944.425,84873.883333,KPX_public_sukub_csv
2026-03-19 06:00:00,63622.25,84922.191667,KPX_public_sukub_csv
2026-03-19 07:00:00,67538.266667,85172.325,KPX_public_sukub_csv
2026-03-19 08:00:00,68620.7,86413.008333,KPX_public_sukub_csv
2026-03-19 09:00:00,65606.525,88338.841667,KPX_public_sukub_csv
2026-03-19 10:00:00,61214.375,89502.983333,KPX_public_sukub_csv
2026-03-19 11:00:00,56889.85,90014.241667,KPX_public_sukub_csv
2026-03-19 12:00:00,52184.854545,90273.672727,KPX_public_sukub_csv
2026-03-19 13:00:00,54198.158333,90781.116667,KPX_public_sukub_csv
2026-03-19 14:00:00,56041.341667,90897.616667,KPX_public_sukub_csv
2026-03-19 15:00:00,58661.383333,90139.758333,KPX_public_sukub_csv
2026-03-19 16:00:00,63343.591667,88404.075,KPX_public_sukub_csv
2026-03-19 17:00:00,67676.958333,87077.533333,KPX_public_sukub_csv
2026-03-19 18:00:00,71434.975,86452.591667,KPX_public_sukub_csv
2026-03-19 19:00:00,72117.825,86137.441667,KPX_public_sukub_csv
2026-03-19 20:00:00,70322.625,86289.158333,KPX_public_sukub_csv
2026-03-19 21:00:00,67706.416667,84688.991667,KPX_public_sukub_csv
2026-03-19 22:00:00,66529.336364,84139.436364,KPX_public_sukub_csv
2026-03-19 23:00:00,65044.06,84015.66,KPX_public_sukub_csv
2026-03-20 00:00:00,61046.283333,83651.891667,KPX_public_sukub_csv
2026-03-20 01:00:00,58581.816667,83614.258333,KPX_public_sukub_csv
2026-03-20 02:00:00,57145.583333,83458.591667,KPX_public_sukub_csv
2026-03-20 03:00:00,56624.066667,83358.908333,KPX_public_sukub_csv
2026-03-20 04:00:00,56938.408333,83028.991667,KPX_public_sukub_csv
2026-03-20 05:00:00,58838.716667,83440.858333,KPX_public_sukub_csv
2026-03-20 06:00:00,62498.55,83446.408333,KPX_public_sukub_csv
2026-03-20 07:00:00,66319.833333,84181.133333,KPX_public_sukub_csv
2026-03-20 08:00:00,67109.133333,85213.55,KPX_public_sukub_csv
2026-03-20 09:00:00,64287.275,87011.108333,KPX_public_sukub_csv
2026-03-20 10:00:00,60441.9,87970.766667,KPX_public_sukub_csv
2026-03-20 11:00:00,55931.783333,87539.233333,KPX_public_sukub_csv
2026-03-20 12:00:00,51804.375,87742.116667,KPX_public_sukub_csv
2026-03-20 13:00:00,52936.516667,87836.591667,KPX_public_sukub_csv
2026-03-20 14:00:00,54255.491667,87899.416667,KPX_public_sukub_csv
2026-03-20 15:00:00,56971.533333,86862.5,KPX_public_sukub_csv
2026-03-20 16:00:00,61342.191667,85406.833333,KPX_public_sukub_csv
2026-03-20 17:00:00,65078.425,85096.441667,KPX_public_sukub_csv
2026-03-20 18:00:00,68160.408333,84214.158333,KPX_public_sukub_csv
2026-03-20 19:00:00,68935.158333,84402.358333,KPX_public_sukub_csv
2026-03-20 20:00:00,67460.358333,84292.85,KPX_public_sukub_csv
2026-03-20 21:00:00,65528.927273,83937.218182,KPX_public_sukub_csv
2026-03-20 22:00:00,64841.645455,84167.881818,KPX_public_sukub_csv
2026-03-20 23:00:00,63658.927273,82440.218182,KPX_public_sukub_csv
2026-03-21 00:00:00,59827.016667,76533.608333,KPX_public_sukub_csv
2026-03-21 01:00:00,57233.216667,76044.2,KPX_public_sukub_csv
2026-03-21 02:00:00,55694.209091,77923.272727,KPX_public_sukub_csv
2026-03-21 03:00:00,54992.416667,78129.175,KPX_public_sukub_csv
2026-03-21 04:00:00,55143.766667,78246.066667,KPX_public_sukub_csv
2026-03-21 05:00:00,56151.0,77867.45,KPX_public_sukub_csv
2026-03-21 06:00:00,57426.383333,77744.716667,KPX_public_sukub_csv
2026-03-21 07:00:00,57173.883333,77982.416667,KPX_public_sukub_csv
2026-03-21 08:00:00,54455.616667,77620.425,KPX_public_sukub_csv
2026-03-21 09:00:00,50602.991667,78074.991667,KPX_public_sukub_csv
2026-03-21 10:00:00,46561.391667,77256.95,KPX_public_sukub_csv
2026-03-21 11:00:00,42695.583333,77445.175,KPX_public_sukub_csv
2026-03-21 12:00:00,40531.341667,78069.666667,KPX_public_sukub_csv
2026-03-21 13:00:00,40994.75,78277.808333,KPX_public_sukub_csv
2026-03-21 14:00:00,42106.308333,78766.208333,KPX_public_sukub_csv
2026-03-21 15:00:00,44889.15,79083.25,KPX_public_sukub_csv
2026-03-21 16:00:00,49658.966667,77713.275,KPX_public_sukub_csv
2026-03-21 17:00:00,54845.2,76375.158333,KPX_public_sukub_csv
2026-03-21 18:00:00,59284.833333,75137.0,KPX_public_sukub_csv
2026-03-21 19:00:00,61174.008333,75011.425,KPX_public_sukub_csv
2026-03-21 20:00:00,60719.875,75330.025,KPX_public_sukub_csv
2026-03-21 21:00:00,59770.027273,76045.954545,KPX_public_sukub_csv
2026-03-21 22:00:00,59607.433333,76031.216667,KPX_public_sukub_csv
2026-03-21 23:00:00,58615.941667,76005.816667,KPX_public_sukub_csv
2026-03-22 00:00:00,55103.6,76099.0,KPX_public_sukub_csv
2026-03-22 01:00:00,52805.583333,75879.591667,KPX_public_sukub_csv
2026-03-22 02:00:00,51291.066667,75494.3,KPX_public_sukub_csv
2026-03-22 03:00:00,50577.158333,75629.508333,KPX_public_sukub_csv
2026-03-22 04:00:00,50716.836364,75657.645455,KPX_public_sukub_csv
2026-03-22 05:00:00,51628.15,75641.616667,KPX_public_sukub_csv
2026-03-22 06:00:00,52513.041667,75569.983333,KPX_public_sukub_csv
2026-03-22 07:00:00,52662.35,75733.333333,KPX_public_sukub_csv
2026-03-22 08:00:00,51717.3,75004.691667,KPX_public_sukub_csv
2026-03-22 09:00:00,50144.766667,74696.933333,KPX_public_sukub_csv
2026-03-22 10:00:00,47754.191667,74481.508333,KPX_public_sukub_csv
2026-03-22 11:00:00,43594.858333,75150.366667,KPX_public_sukub_csv
2026-03-22 12:00:00,40020.241667,76595.608333,KPX_public_sukub_csv
2026-03-22 13:00:00,38584.683333,77587.975,KPX_public_sukub_csv
2026-03-22 14:00:00,38879.591667,77817.966667,KPX_public_sukub_csv
2026-03-22 15:00:00,41400.65,78655.4,KPX_public_sukub_csv
2026-03-22 16:00:00,46425.408333,78107.9,KPX_public_sukub_csv
2026-03-22 17:00:00,52579.775,78063.775,KPX_public_sukub_csv
2026-03-22 18:00:00,57689.108333,77715.058333,KPX_public_sukub_csv
2026-03-22 19:00:00,59652.641667,77973.941667,KPX_public_sukub_csv
2026-03-22 20:00:00,59357.575,78129.0,KPX_public_sukub_csv
2026-03-22 21:00:00,58355.916667,78426.225,KPX_public_sukub_csv
2026-03-22 22:00:00,57381.745455,78277.772727,KPX_public_sukub_csv
2026-03-22 23:00:00,56368.191667,78090.683333,KPX_public_sukub_csv
2026-03-23 00:00:00,53190.16,80080.34,KPX_public_sukub_csv
2026-03-23 01:00:00,51150.758333,81312.166667,KPX_public_sukub_csv
2026-03-23 02:00:00,50183.483333,81055.925,KPX_public_sukub_csv
2026-03-23 03:00:00,49855.366667,81275.641667,KPX_public_sukub_csv
2026-03-23 04:00:00,50690.041667,81041.333333,KPX_public_sukub_csv
2026-03-23 05:00:00,53145.658333,80948.65,KPX_public_sukub_csv
2026-03-23 06:00:00,57761.216667,81454.175,KPX_public_sukub_csv
2026-03-23 07:00:00,62412.4,82439.916667,KPX_public_sukub_csv
2026-03-23 08:00:00,63786.316667,83148.9,KPX_public_sukub_csv
2026-03-23 09:00:00,61446.675,84143.858333,KPX_public_sukub_csv
2026-03-23 10:00:00,57766.816667,84541.883333,KPX_public_sukub_csv
2026-03-23 11:00:00,53770.441667,83440.041667,KPX_public_sukub_csv
2026-03-23 12:00:00,49876.516667,82720.366667,KPX_public_sukub_csv
2026-03-23 13:00:00,51971.508333,83352.816667,KPX_public_sukub_csv
2026-03-23 14:00:00,54162.783333,83702.008333,KPX_public_sukub_csv
2026-03-23 15:00:00,56879.833333,83345.166667,KPX_public_sukub_csv
2026-03-23 16:00:00,61270.466667,82256.525,KPX_public_sukub_csv
2026-03-23 17:00:00,65233.416667,82283.133333,KPX_public_sukub_csv
2026-03-23 18:00:00,68743.608333,82722.883333,KPX_public_sukub_csv
2026-03-23 19:00:00,69267.658333,82530.891667,KPX_public_sukub_csv
2026-03-23 20:00:00,67351.95,82520.483333,KPX_public_sukub_csv
2026-03-23 21:00:00,65328.125,82501.4,KPX_public_sukub_csv
2026-03-23 22:00:00,64354.116667,82225.891667,KPX_public_sukub_csv
2026-03-23 23:00:00,62570.191667,82623.083333,KPX_public_sukub_csv
2026-03-24 00:00:00,58832.425,82938.833333,KPX_public_sukub_csv
2026-03-24 01:00:00,56673.408333,83124.983333,KPX_public_sukub_csv
2026-03-24 02:00:00,55485.241667,83238.333333,KPX_public_sukub_csv
2026-03-24 03:00:00,54945.308333,83359.45,KPX_public_sukub_csv
2026-03-24 04:00:00,55571.041667,83432.775,KPX_public_sukub_csv
2026-03-24 05:00:00,57511.309091,83582.336364,KPX_public_sukub_csv
2026-03-24 06:00:00,60854.841667,83710.541667,KPX_public_sukub_csv
2026-03-24 07:00:00,64105.758333,83816.983333,KPX_public_sukub_csv
2026-03-24 08:00:00,65450.683333,84282.4,KPX_public_sukub_csv
2026-03-24 09:00:00,62993.1,85427.983333,KPX_public_sukub_csv
2026-03-24 10:00:00,59042.408333,86073.108333,KPX_public_sukub_csv
2026-03-24 11:00:00,55180.708333,86487.35,KPX_public_sukub_csv
2026-03-24 12:00:00,52553.963636,86281.436364,KPX_public_sukub_csv
2026-03-24 13:00:00,55142.383333,85974.383333,KPX_public_sukub_csv
2026-03-24 14:00:00,58330.733333,85042.475,KPX_public_sukub_csv
2026-03-24 15:00:00,61737.883333,83751.866667,KPX_public_sukub_csv
2026-03-24 16:00:00,64896.25,82757.35,KPX_public_sukub_csv
2026-03-24 17:00:00,66869.383333,82537.425,KPX_public_sukub_csv
2026-03-24 18:00:00,68937.416667,82515.65,KPX_public_sukub_csv
2026-03-24 19:00:00,69393.358333,82817.708333,KPX_public_sukub_csv
2026-03-24 20:00:00,67365.725,82829.191667,KPX_public_sukub_csv
2026-03-24 21:00:00,65337.954545,82401.581818,KPX_public_sukub_csv
2026-03-24 22:00:00,64279.15,82097.975,KPX_public_sukub_csv
2026-03-24 23:00:00,62399.183333,82031.05,KPX_public_sukub_csv
2026-03-25 00:00:00,58446.35,82165.266667,KPX_public_sukub_csv
2026-03-25 01:00:00,56350.491667,82313.1,KPX_public_sukub_csv
2026-03-25 02:00:00,55120.041667,82048.708333,KPX_public_sukub_csv
2026-03-25 03:00:00,54669.45,81554.166667,KPX_public_sukub_csv
2026-03-25 04:00:00,55013.641667,81620.908333,KPX_public_sukub_csv
2026-03-25 05:00:00,56806.15,81304.583333,KPX_public_sukub_csv
2026-03-25 06:00:00,60014.133333,81556.308333,KPX_public_sukub_csv
2026-03-25 07:00:00,64261.058333,81693.808333,KPX_public_sukub_csv
2026-03-25 08:00:00,67460.833333,81897.808333,KPX_public_sukub_csv
2026-03-25 09:00:00,67436.181818,81903.963636,KPX_public_sukub_csv
2026-03-25 10:00:00,65388.833333,82216.766667,KPX_public_sukub_csv
2026-03-25 11:00:00,62222.35,83155.8,KPX_public_sukub_csv
2026-03-25 12:00:00,56379.816667,84201.083333,KPX_public_sukub_csv
2026-03-25 13:00:00,56466.3,84863.725,KPX_public_sukub_csv
2026-03-25 14:00:00,56474.354545,84791.563636,KPX_public_sukub_csv
2026-03-25 15:00:00,57939.558333,84324.658333,KPX_public_sukub_csv
2026-03-25 16:00:00,61623.15,83326.216667,KPX_public_sukub_csv
2026-03-25 17:00:00,64634.033333,82914.35,KPX_public_sukub_csv
2026-03-25 18:00:00,67795.216667,82880.583333,KPX_public_sukub_csv
2026-03-25 19:00:00,68524.733333,83018.616667,KPX_public_sukub_csv
2026-03-25 20:00:00,67166.191667,83471.916667,KPX_public_sukub_csv
2026-03-25 21:00:00,65259.066667,83327.683333,KPX_public_sukub_csv
2026-03-25 22:00:00,64483.891667,83160.716667,KPX_public_sukub_csv
2026-03-25 23:00:00,62952.6,83166.85,KPX_public_sukub_csv
2026-03-26 00:00:00,59032.772727,83238.881818,KPX_public_sukub_csv
2026-03-26 01:00:00,56602.658333,83213.675,KPX_public_sukub_csv
2026-03-26 02:00:00,55373.85,83012.425,KPX_public_sukub_csv
2026-03-26 03:00:00,54961.616667,82951.991667,KPX_public_sukub_csv
2026-03-26 04:00:00,55406.591667,83064.733333,KPX_public_sukub_csv
2026-03-26 05:00:00,57221.291667,83237.633333,KPX_public_sukub_csv
2026-03-26 06:00:00,60299.818182,83600.090909,KPX_public_sukub_csv
2026-03-26 07:00:00,63763.791667,84455.525,KPX_public_sukub_csv
2026-03-26 08:00:00,65082.183333,85073.083333,KPX_public_sukub_csv
2026-03-26 09:00:00,61881.245455,85287.345455,KPX_public_sukub_csv
2026-03-26 10:00:00,57533.783333,85205.358333,KPX_public_sukub_csv
2026-03-26 11:00:00,53293.416667,84909.433333,KPX_public_sukub_csv
2026-03-26 12:00:00,49603.025,84910.516667,KPX_public_sukub_csv
2026-03-26 13:00:00,51926.933333,85113.433333,KPX_public_sukub_csv
2026-03-26 14:00:00,54017.758333,85474.933333,KPX_public_sukub_csv
2026-03-26 15:00:00,57076.433333,84901.983333,KPX_public_sukub_csv
2026-03-26 16:00:00,61500.916667,83443.166667,KPX_public_sukub_csv
2026-03-26 17:00:00,64838.125,83160.0,KPX_public_sukub_csv
2026-03-26 18:00:00,67968.541667,82607.633333,KPX_public_sukub_csv
2026-03-26 19:00:00,68897.383333,82953.966667,KPX_public_sukub_csv
2026-03-26 20:00:00,67201.55,83906.975,KPX_public_sukub_csv
2026-03-26 21:00:00,65160.783333,84372.358333,KPX_public_sukub_csv
2026-03-26 22:00:00,64228.858333,83873.183333,KPX_public_sukub_csv
2026-03-26 23:00:00,62420.45,83908.633333,KPX_public_sukub_csv
2026-03-27 00:00:00,58560.366667,84654.091667,KPX_public_sukub_csv
2026-03-27 01:00:00,56241.525,84792.35,KPX_public_sukub_csv
2026-03-27 02:00:00,55110.15,85461.916667,KPX_public_sukub_csv
2026-03-27 03:00:00,54661.891667,85264.191667,KPX_public_sukub_csv
2026-03-27 04:00:00,55045.758333,85320.983333,KPX_public_sukub_csv
2026-03-27 05:00:00,56937.95,85374.291667,KPX_public_sukub_csv
2026-03-27 06:00:00,59942.841667,85285.741667,KPX_public_sukub_csv
2026-03-27 07:00:00,62851.091667,85697.191667,KPX_public_sukub_csv
2026-03-27 08:00:00,64029.508333,85872.85,KPX_public_sukub_csv
2026-03-27 09:00:00,61797.525,86348.025,KPX_public_sukub_csv
2026-03-27 10:00:00,58151.458333,86728.675,KPX_public_sukub_csv
2026-03-27 11:00:00,53904.033333,86280.166667,KPX_public_sukub_csv
2026-03-27 12:00:00,50327.033333,86474.491667,KPX_public_sukub_csv
2026-03-27 13:00:00,52318.516667,86861.741667,KPX_public_sukub_csv
2026-03-27 14:00:00,54256.575,86981.1,KPX_public_sukub_csv
2026-03-27 15:00:00,57128.075,86462.725,KPX_public_sukub_csv
2026-03-27 16:00:00,60841.983333,86152.916667,KPX_public_sukub_csv
2026-03-27 17:00:00,63231.308333,86542.141667,KPX_public_sukub_csv
2026-03-27 18:00:00,65933.941667,86562.566667,KPX_public_sukub_csv
2026-03-27 19:00:00,66736.541667,86908.975,KPX_public_sukub_csv
2026-03-27 20:00:00,65369.05,86954.916667,KPX_public_sukub_csv
2026-03-27 21:00:00,63625.783333,86806.441667,KPX_public_sukub_csv
2026-03-27 22:00:00,63002.875,86935.741667,KPX_public_sukub_csv
2026-03-27 23:00:00,61456.15,85851.208333,KPX_public_sukub_csv
2026-03-28 00:00:00,57668.941667,83231.183333,KPX_public_sukub_csv
2026-03-28 01:00:00,55295.3,81758.075,KPX_public_sukub_csv
2026-03-28 02:00:00,54053.541667,81755.608333,KPX_public_sukub_csv
2026-03-28 03:00:00,53369.15,82398.083333,KPX_public_sukub_csv
2026-03-28 04:00:00,53287.775,82320.766667,KPX_public_sukub_csv
2026-03-28 05:00:00,54298.166667,82401.716667,KPX_public_sukub_csv
2026-03-28 06:00:00,55332.191667,82005.441667,KPX_public_sukub_csv
2026-03-28 07:00:00,54898.275,81693.966667,KPX_public_sukub_csv
2026-03-28 08:00:00,52017.416667,80910.225,KPX_public_sukub_csv
2026-03-28 09:00:00,47732.5,80479.475,KPX_public_sukub_csv
2026-03-28 10:00:00,43980.95,81015.933333,KPX_public_sukub_csv
2026-03-28 11:00:00,41214.341667,81085.175,KPX_public_sukub_csv
2026-03-28 12:00:00,39484.475,81080.9,KPX_public_sukub_csv
2026-03-28 13:00:00,40335.775,81071.566667,KPX_public_sukub_csv
2026-03-28 14:00:00,41509.616667,81074.608333,KPX_public_sukub_csv
2026-03-28 15:00:00,44482.958333,80664.316667,KPX_public_sukub_csv
2026-03-28 16:00:00,49026.733333,79829.266667,KPX_public_sukub_csv
2026-03-28 17:00:00,53567.408333,79853.583333,KPX_public_sukub_csv
2026-03-28 18:00:00,57768.791667,79019.875,KPX_public_sukub_csv
2026-03-28 19:00:00,59567.083333,79319.4,KPX_public_sukub_csv
2026-03-28 20:00:00,59234.258333,79878.808333,KPX_public_sukub_csv
2026-03-28 21:00:00,58082.933333,79757.608333,KPX_public_sukub_csv
2026-03-28 22:00:00,57944.166667,79638.383333,KPX_public_sukub_csv
2026-03-28 23:00:00,56824.616667,79659.975,KPX_public_sukub_csv
2026-03-29 00:00:00,53597.158333,77795.5,KPX_public_sukub_csv
2026-03-29 01:00:00,51422.175,77991.6,KPX_public_sukub_csv
2026-03-29 02:00:00,50082.341667,77654.966667,KPX_public_sukub_csv
2026-03-29 03:00:00,49539.708333,77587.383333,KPX_public_sukub_csv
2026-03-29 04:00:00,49507.863636,77218.909091,KPX_public_sukub_csv
2026-03-29 05:00:00,50344.416667,76264.608333,KPX_public_sukub_csv
2026-03-29 06:00:00,51178.258333,75783.141667,KPX_public_sukub_csv
2026-03-29 07:00:00,50124.566667,76242.058333,KPX_public_sukub_csv
2026-03-29 08:00:00,46995.518182,76696.227273,KPX_public_sukub_csv
2026-03-29 09:00:00,43813.108333,77657.583333,KPX_public_sukub_csv
2026-03-29 10:00:00,41429.85,78155.05,KPX_public_sukub_csv
2026-03-29 11:00:00,39374.633333,78476.508333,KPX_public_sukub_csv
2026-03-29 12:00:00,38636.083333,77874.208333,KPX_public_sukub_csv
2026-03-29 13:00:00,39112.7,77856.3,KPX_public_sukub_csv
2026-03-29 14:00:00,41955.708333,78106.925,KPX_public_sukub_csv
2026-03-29 15:00:00,46455.0,79448.445455,KPX_public_sukub_csv
2026-03-29 16:00:00,49839.058333,79695.9,KPX_public_sukub_csv
2026-03-29 17:00:00,53215.941667,79170.075,KPX_public_sukub_csv
2026-03-29 18:00:00,56993.95,79522.391667,KPX_public_sukub_csv
2026-03-29 19:00:00,58836.583333,79572.8,KPX_public_sukub_csv
2026-03-29 20:00:00,58729.641667,79600.1,KPX_public_sukub_csv
2026-03-29 21:00:00,57623.266667,79233.291667,KPX_public_sukub_csv
2026-03-29 22:00:00,56467.925,80067.108333,KPX_public_sukub_csv
2026-03-29 23:00:00,54780.058333,80267.1,KPX_public_sukub_csv
2026-03-30 00:00:00,51805.508333,82543.908333,KPX_public_sukub_csv
2026-03-30 01:00:00,49788.925,84421.675,KPX_public_sukub_csv
2026-03-30 02:00:00,48642.616667,84703.441667,KPX_public_sukub_csv
2026-03-30 03:00:00,48352.016667,84679.4,KPX_public_sukub_csv
2026-03-30 04:00:00,49003.325,85057.266667,KPX_public_sukub_csv
2026-03-30 05:00:00,51222.65,85708.016667,KPX_public_sukub_csv
2026-03-30 06:00:00,54822.158333,85949.608333,KPX_public_sukub_csv
2026-03-30 07:00:00,60093.308333,86195.175,KPX_public_sukub_csv
2026-03-30 08:00:00,64956.941667,85707.25,KPX_public_sukub_csv
2026-03-30 09:00:00,65777.925,84611.65,KPX_public_sukub_csv
2026-03-30 10:00:00,64851.591667,84897.233333,KPX_public_sukub_csv
2026-03-30 11:00:00,63401.708333,84697.825,KPX_public_sukub_csv
2026-03-30 12:00:00,61872.683333,84436.558333,KPX_public_sukub_csv
2026-03-30 13:00:00,65499.583333,84046.491667,KPX_public_sukub_csv
2026-03-30 14:00:00,66786.6,83628.633333,KPX_public_sukub_csv
2026-03-30 15:00:00,67184.75,83478.558333,KPX_public_sukub_csv
2026-03-30 16:00:00,68308.458333,83306.758333,KPX_public_sukub_csv
2026-03-30 17:00:00,67952.758333,85454.291667,KPX_public_sukub_csv
2026-03-30 18:00:00,68427.025,85425.158333,KPX_public_sukub_csv
2026-03-30 19:00:00,68191.258333,85317.6,KPX_public_sukub_csv
2026-03-30 20:00:00,66198.033333,85432.858333,KPX_public_sukub_csv
2026-03-30 21:00:00,64100.975,85570.75,KPX_public_sukub_csv
2026-03-30 22:00:00,63187.6,85709.325,KPX_public_sukub_csv
2026-03-30 23:00:00,61540.133333,85897.8,KPX_public_sukub_csv
2026-03-31 00:00:00,57553.633333,85999.108333,KPX_public_sukub_csv
2026-03-31 01:00:00,55504.575,85901.975,KPX_public_sukub_csv
2026-03-31 02:00:00,54373.525,86130.633333,KPX_public_sukub_csv
2026-03-31 03:00:00,53962.883333,86303.566667,KPX_public_sukub_csv
2026-03-31 04:00:00,54319.833333,86394.816667,KPX_public_sukub_csv
2026-03-31 05:00:00,56039.466667,86357.6,KPX_public_sukub_csv
2026-03-31 06:00:00,59092.633333,85772.375,KPX_public_sukub_csv
2026-03-31 07:00:00,62914.275,85981.133333,KPX_public_sukub_csv
2026-03-31 08:00:00,64670.491667,86500.641667,KPX_public_sukub_csv
2026-03-31 09:00:00,62623.275,87076.1,KPX_public_sukub_csv
2026-03-31 10:00:00,60602.775,87959.025,KPX_public_sukub_csv
2026-03-31 11:00:00,58833.358333,87998.766667,KPX_public_sukub_csv
2026-03-31 12:00:00,56593.525,87506.591667,KPX_public_sukub_csv
2026-03-31 13:00:00,59601.016667,87093.591667,KPX_public_sukub_csv
2026-03-31 14:00:00,61896.483333,86951.55,KPX_public_sukub_csv
2026-03-31 15:00:00,63812.558333,86017.733333,KPX_public_sukub_csv
2026-03-31 16:00:00,65731.075,85106.025,KPX_public_sukub_csv
2026-03-31 17:00:00,66697.6,86238.275,KPX_public_sukub_csv
2026-03-31 18:00:00,68173.041667,85832.783333,KPX_public_sukub_csv
2026-03-31 19:00:00,68514.625,85661.833333,KPX_public_sukub_csv
2026-03-31 20:00:00,66835.316667,85975.141667,KPX_public_sukub_csv
2026-03-31 21:00:00,64808.941667,85428.883333,KPX_public_sukub_csv
2026-03-31 22:00:00,64015.158333,84966.85,KPX_public_sukub_csv
2026-03-31 23:00:00,62421.575,84700.508333,KPX_public_sukub_csv
2026-04-01 00:00:00,58498.275,83331.316667,KPX_public_sukub_csv
2026-04-01 01:00:00,56248.058333,83526.733333,KPX_public_sukub_csv
2026-04-01 02:00:00,55051.791667,83656.675,KPX_public_sukub_csv
2026-04-01 03:00:00,54377.4,83730.175,KPX_public_sukub_csv
2026-04-01 04:00:00,54986.241667,83778.958333,KPX_public_sukub_csv
2026-04-01 05:00:00,56526.8,83784.925,KPX_public_sukub_csv
2026-04-01 06:00:00,59404.316667,83749.258333,KPX_public_sukub_csv
2026-04-01 07:00:00,63066.054545,84257.472727,KPX_public_sukub_csv
2026-04-01 08:00:00,65445.291667,84296.758333,KPX_public_sukub_csv
2026-04-01 09:00:00,65345.366667,84703.625,KPX_public_sukub_csv
2026-04-01 10:00:00,64216.975,84416.6,KPX_public_sukub_csv
2026-04-01 11:00:00,63138.833333,84048.166667,KPX_public_sukub_csv
2026-04-01 12:00:00,62816.4,83383.6,KPX_public_sukub_csv
2026-04-01 13:00:00,65028.025,83243.025,KPX_public_sukub_csv
2026-04-01 14:00:00,65862.208333,82863.925,KPX_public_sukub_csv
2026-04-01 15:00:00,66234.6,81961.891667,KPX_public_sukub_csv
2026-04-01 16:00:00,67004.666667,81927.75,KPX_public_sukub_csv
2026-04-01 17:00:00,66883.625,83729.625,KPX_public_sukub_csv
2026-04-01 18:00:00,68418.533333,83832.775,KPX_public_sukub_csv
2026-04-01 19:00:00,69128.741667,83430.966667,KPX_public_sukub_csv
2026-04-01 20:00:00,67311.166667,83381.125,KPX_public_sukub_csv
2026-04-01 21:00:00,65386.8,83383.033333,KPX_public_sukub_csv
2026-04-01 22:00:00,64516.066667,82896.241667,KPX_public_sukub_csv
2026-04-01 23:00:00,62672.841667,82826.375,KPX_public_sukub_csv
2026-04-02 00:00:00,58916.916667,82744.7,KPX_public_sukub_csv
2026-04-02 01:00:00,56539.0,82312.827273,KPX_public_sukub_csv
2026-04-02 02:00:00,55478.7,82311.272727,KPX_public_sukub_csv
2026-04-02 03:00:00,54864.191667,82071.675,KPX_public_sukub_csv
2026-04-02 04:00:00,55535.75,81628.433333,KPX_public_sukub_csv
2026-04-02 05:00:00,57186.775,82171.416667,KPX_public_sukub_csv
2026-04-02 06:00:00,59910.9,83355.263636,KPX_public_sukub_csv
2026-04-02 07:00:00,62191.941667,83601.333333,KPX_public_sukub_csv
2026-04-02 08:00:00,62086.433333,84633.425,KPX_public_sukub_csv
2026-04-02 09:00:00,58962.333333,85670.083333,KPX_public_sukub_csv
2026-04-02 10:00:00,55508.491667,86782.875,KPX_public_sukub_csv
2026-04-02 11:00:00,51644.016667,87325.925,KPX_public_sukub_csv
2026-04-02 12:00:00,48182.316667,87291.25,KPX_public_sukub_csv
2026-04-02 13:00:00,50391.241667,87613.5,KPX_public_sukub_csv
2026-04-02 14:00:00,52447.041667,88368.1,KPX_public_sukub_csv
2026-04-02 15:00:00,55449.1,87238.883333,KPX_public_sukub_csv
2026-04-02 16:00:00,59914.766667,85394.966667,KPX_public_sukub_csv
2026-04-02 17:00:00,64078.425,85586.258333,KPX_public_sukub_csv
2026-04-02 18:00:00,67403.366667,84619.25,KPX_public_sukub_csv
2026-04-02 19:00:00,68650.790909,84458.445455,KPX_public_sukub_csv
2026-04-02 20:00:00,67261.166667,84401.266667,KPX_public_sukub_csv
2026-04-02 21:00:00,65532.291667,84159.05,KPX_public_sukub_csv
2026-04-02 22:00:00,64592.95,83900.2,KPX_public_sukub_csv
2026-04-02 23:00:00,62748.016667,83732.941667,KPX_public_sukub_csv
2026-04-03 00:00:00,58883.516667,83442.716667,KPX_public_sukub_csv
2026-04-03 01:00:00,56470.654545,83192.418182,KPX_public_sukub_csv
2026-04-03 02:00:00,55311.209091,83896.927273,KPX_public_sukub_csv
2026-04-03 03:00:00,54872.391667,84059.908333,KPX_public_sukub_csv
2026-04-03 04:00:00,55224.2,84111.908333,KPX_public_sukub_csv
2026-04-03 05:00:00,56806.641667,84106.866667,KPX_public_sukub_csv
2026-04-03 06:00:00,59434.316667,84003.5,KPX_public_sukub_csv
2026-04-03 07:00:00,61971.3,84233.933333,KPX_public_sukub_csv
2026-04-03 08:00:00,62625.883333,84535.041667,KPX_public_sukub_csv
2026-04-03 09:00:00,60464.433333,84902.425,KPX_public_sukub_csv
2026-04-03 10:00:00,57458.783333,85509.0,KPX_public_sukub_csv
2026-04-03 11:00:00,53646.725,86119.891667,KPX_public_sukub_csv
2026-04-03 12:00:00,51386.066667,85556.366667,KPX_public_sukub_csv
2026-04-03 13:00:00,54437.733333,85136.016667,KPX_public_sukub_csv
2026-04-03 14:00:00,56697.008333,84904.591667,KPX_public_sukub_csv
2026-04-03 15:00:00,60300.2,83642.333333,KPX_public_sukub_csv
2026-04-03 16:00:00,63741.225,83254.066667,KPX_public_sukub_csv
2026-04-03 17:00:00,64838.425,83773.0,KPX_public_sukub_csv
2026-04-03 18:00:00,66316.7,83827.958333,KPX_public_sukub_csv
2026-04-03 19:00:00,66819.166667,83848.158333,KPX_public_sukub_csv
2026-04-03 20:00:00,65482.391667,83763.166667,KPX_public_sukub_csv
2026-04-03 21:00:00,63668.616667,83400.991667,KPX_public_sukub_csv
2026-04-03 22:00:00,62982.708333,83154.483333,KPX_public_sukub_csv
2026-04-03 23:00:00,61179.875,82840.991667,KPX_public_sukub_csv
2026-04-04 00:00:00,57467.675,80859.716667,KPX_public_sukub_csv
2026-04-04 01:00:00,55296.016667,80739.066667,KPX_public_sukub_csv
2026-04-04 02:00:00,53993.225,80517.25,KPX_public_sukub_csv
2026-04-04 03:00:00,53056.166667,80582.133333,KPX_public_sukub_csv
2026-04-04 04:00:00,53243.333333,80758.416667,KPX_public_sukub_csv
2026-04-04 05:00:00,53805.558333,80900.283333,KPX_public_sukub_csv
2026-04-04 06:00:00,54817.1,80882.4,KPX_public_sukub_csv
2026-04-04 07:00:00,56580.5,80747.55,KPX_public_sukub_csv
2026-04-04 08:00:00,57236.275,80516.016667,KPX_public_sukub_csv
2026-04-04 09:00:00,56186.758333,80621.166667,KPX_public_sukub_csv
2026-04-04 10:00:00,53363.108333,81601.958333,KPX_public_sukub_csv
2026-04-04 11:00:00,50048.425,82408.0,KPX_public_sukub_csv
2026-04-04 12:00:00,47928.666667,83161.016667,KPX_public_sukub_csv
2026-04-04 13:00:00,49627.991667,82969.075,KPX_public_sukub_csv
2026-04-04 14:00:00,50282.0,82456.3,KPX_public_sukub_csv
2026-04-04 15:00:00,50905.375,81646.75,KPX_public_sukub_csv
2026-04-04 16:00:00,52838.425,81011.991667,KPX_public_sukub_csv
2026-04-04 17:00:00,55308.908333,82118.241667,KPX_public_sukub_csv
2026-04-04 18:00:00,58356.75,81287.633333,KPX_public_sukub_csv
2026-04-04 19:00:00,60133.125,80850.916667,KPX_public_sukub_csv
2026-04-04 20:00:00,59717.908333,80444.95,KPX_public_sukub_csv
2026-04-04 21:00:00,58545.141667,80173.258333,KPX_public_sukub_csv
2026-04-04 22:00:00,58498.291667,79706.791667,KPX_public_sukub_csv
2026-04-04 23:00:00,57102.533333,79607.716667,KPX_public_sukub_csv
2026-04-05 00:00:00,53850.633333,79344.516667,KPX_public_sukub_csv
2026-04-05 01:00:00,51480.25,79590.966667,KPX_public_sukub_csv
2026-04-05 02:00:00,50251.216667,78960.758333,KPX_public_sukub_csv
2026-04-05 03:00:00,49578.066667,78925.933333,KPX_public_sukub_csv
2026-04-05 04:00:00,49553.95,77521.633333,KPX_public_sukub_csv
2026-04-05 05:00:00,50488.275,77286.65,KPX_public_sukub_csv
2026-04-05 06:00:00,51037.875,77267.175,KPX_public_sukub_csv
2026-04-05 07:00:00,49489.375,77576.275,KPX_public_sukub_csv
2026-04-05 08:00:00,46044.666667,76504.458333,KPX_public_sukub_csv
2026-04-05 09:00:00,42631.683333,76485.25,KPX_public_sukub_csv
2026-04-05 10:00:00,39878.45,77321.583333,KPX_public_sukub_csv
2026-04-05 11:00:00,38019.325,77389.65,KPX_public_sukub_csv
2026-04-05 12:00:00,37259.008333,81666.508333,KPX_public_sukub_csv
2026-04-05 13:00:00,37521.658333,82467.358333,KPX_public_sukub_csv
2026-04-05 14:00:00,38270.925,82668.258333,KPX_public_sukub_csv
2026-04-05 15:00:00,40490.0,82174.775,KPX_public_sukub_csv
2026-04-05 16:00:00,45263.5,80956.275,KPX_public_sukub_csv
2026-04-05 17:00:00,51599.975,79407.141667,KPX_public_sukub_csv
2026-04-05 18:00:00,56722.0,78447.358333,KPX_public_sukub_csv
2026-04-05 19:00:00,58983.375,78419.391667,KPX_public_sukub_csv
2026-04-05 20:00:00,58846.6,79873.433333,KPX_public_sukub_csv
2026-04-05 21:00:00,57686.683333,80013.541667,KPX_public_sukub_csv
2026-04-05 22:00:00,56681.433333,80834.858333,KPX_public_sukub_csv
2026-04-05 23:00:00,55001.433333,80603.208333,KPX_public_sukub_csv
2026-04-06 00:00:00,51957.708333,80309.908333,KPX_public_sukub_csv
2026-04-06 01:00:00,49947.858333,80669.533333,KPX_public_sukub_csv
2026-04-06 02:00:00,48845.975,80651.375,KPX_public_sukub_csv
2026-04-06 03:00:00,48544.172727,81110.6,KPX_public_sukub_csv
2026-04-06 04:00:00,49205.408333,80885.733333,KPX_public_sukub_csv
2026-04-06 05:00:00,51222.741667,80535.616667,KPX_public_sukub_csv
2026-04-06 06:00:00,55170.308333,80534.025,KPX_public_sukub_csv
2026-04-06 07:00:00,61166.291667,81053.475,KPX_public_sukub_csv
2026-04-06 08:00:00,67037.933333,81155.85,KPX_public_sukub_csv
2026-04-06 09:00:00,69096.6,80167.941667,KPX_public_sukub_csv
2026-04-06 10:00:00,68766.563636,80303.954545,KPX_public_sukub_csv
2026-04-06 11:00:00,68015.525,80341.266667,KPX_public_sukub_csv
2026-04-06 12:00:00,64963.375,80258.825,KPX_public_sukub_csv
2026-04-06 13:00:00,67239.891667,80398.85,KPX_public_sukub_csv
2026-04-06 14:00:00,66989.641667,80280.8,KPX_public_sukub_csv
2026-04-06 15:00:00,66260.908333,80330.225,KPX_public_sukub_csv
2026-04-06 16:00:00,66336.433333,80255.85,KPX_public_sukub_csv
2026-04-06 17:00:00,66556.7,81768.658333,KPX_public_sukub_csv
2026-04-06 18:00:00,68224.566667,81564.525,KPX_public_sukub_csv
2026-04-06 19:00:00,68777.433333,81311.233333,KPX_public_sukub_csv
2026-04-06 20:00:00,67116.441667,81418.266667,KPX_public_sukub_csv
2026-04-06 21:00:00,65088.633333,81544.958333,KPX_public_sukub_csv
2026-04-06 22:00:00,64013.675,81704.025,KPX_public_sukub_csv
2026-04-06 23:00:00,62380.291667,81808.891667,KPX_public_sukub_csv
2026-04-07 00:00:00,58673.058333,81632.158333,KPX_public_sukub_csv
2026-04-07 01:00:00,56587.008333,81620.383333,KPX_public_sukub_csv
2026-04-07 02:00:00,55276.308333,80899.208333,KPX_public_sukub_csv
2026-04-07 03:00:00,54847.958333,80073.083333,KPX_public_sukub_csv
2026-04-07 04:00:00,55215.05,79708.516667,KPX_public_sukub_csv
2026-04-07 05:00:00,57174.475,79794.133333,KPX_public_sukub_csv
2026-04-07 06:00:00,60023.275,79835.05,KPX_public_sukub_csv
2026-04-07 07:00:00,61434.291667,81447.908333,KPX_public_sukub_csv
2026-04-07 08:00:00,60622.616667,82918.8,KPX_public_sukub_csv
2026-04-07 09:00:00,57763.925,83168.941667,KPX_public_sukub_csv
2026-04-07 10:00:00,54504.766667,83535.716667,KPX_public_sukub_csv
2026-04-07 11:00:00,50961.491667,83891.216667,KPX_public_sukub_csv
2026-04-07 12:00:00,47673.633333,83739.783333,KPX_public_sukub_csv
2026-04-07 13:00:00,50050.258333,83979.366667,KPX_public_sukub_csv
2026-04-07 14:00:00,52179.908333,84352.566667,KPX_public_sukub_csv
2026-04-07 15:00:00,55047.775,83440.775,KPX_public_sukub_csv
2026-04-07 16:00:00,59782.858333,82682.391667,KPX_public_sukub_csv
2026-04-07 17:00:00,64315.441667,82221.183333,KPX_public_sukub_csv
2026-04-07 18:00:00,68237.5,81456.233333,KPX_public_sukub_csv
2026-04-07 19:00:00,69489.416667,80979.608333,KPX_public_sukub_csv
2026-04-07 20:00:00,68092.833333,81327.541667,KPX_public_sukub_csv
2026-04-07 21:00:00,66124.141667,81534.65,KPX_public_sukub_csv
2026-04-07 22:00:00,65033.175,81497.516667,KPX_public_sukub_csv
2026-04-07 23:00:00,63304.583333,81520.691667,KPX_public_sukub_csv
2026-04-08 00:00:00,59624.616667,80720.675,KPX_public_sukub_csv
2026-04-08 01:00:00,57658.325,80321.791667,KPX_public_sukub_csv
2026-04-08 02:00:00,56456.716667,80367.333333,KPX_public_sukub_csv
2026-04-08 03:00:00,55936.3,79958.175,KPX_public_sukub_csv
2026-04-08 04:00:00,56448.375,79468.058333,KPX_public_sukub_csv
2026-04-08 05:00:00,58188.375,79482.916667,KPX_public_sukub_csv
2026-04-08 06:00:00,61024.75,80387.966667,KPX_public_sukub_csv
2026-04-08 07:00:00,62365.358333,81295.366667,KPX_public_sukub_csv
2026-04-08 08:00:00,61699.35,82498.083333,KPX_public_sukub_csv
2026-04-08 09:00:00,58988.458333,83402.066667,KPX_public_sukub_csv
2026-04-08 10:00:00,55628.590909,83795.354545,KPX_public_sukub_csv
2026-04-08 11:00:00,51953.016667,84288.233333,KPX_public_sukub_csv
2026-04-08 12:00:00,48518.609091,83797.963636,KPX_public_sukub_csv
2026-04-09 00:00:00,58971.075,80429.575,KPX_public_sukub_csv
2026-04-09 01:00:00,56768.575,80199.666667,KPX_public_sukub_csv
2026-04-09 02:00:00,55561.466667,80196.341667,KPX_public_sukub_csv
2026-04-09 03:00:00,55070.075,79860.058333,KPX_public_sukub_csv
2026-04-09 04:00:00,55376.05,79815.816667,KPX_public_sukub_csv
2026-04-09 05:00:00,56938.108333,79741.491667,KPX_public_sukub_csv
2026-04-09 06:00:00,59942.933333,80069.4,KPX_public_sukub_csv
2026-04-09 07:00:00,64581.425,81422.025,KPX_public_sukub_csv
2026-04-09 08:00:00,69493.341667,81796.908333,KPX_public_sukub_csv
2026-04-09 09:00:00,72551.325,81718.833333,KPX_public_sukub_csv
2026-04-09 10:00:00,72774.708333,81224.633333,KPX_public_sukub_csv
2026-04-09 11:00:00,72094.325,80942.908333,KPX_public_sukub_csv
2026-04-09 12:00:00,70477.6,80627.108333,KPX_public_sukub_csv
2026-04-09 13:00:00,73197.441667,81384.608333,KPX_public_sukub_csv
2026-04-09 14:00:00,73670.291667,81679.508333,KPX_public_sukub_csv
2026-04-09 15:00:00,73090.008333,80731.5,KPX_public_sukub_csv
2026-04-09 16:00:00,72789.516667,79878.033333,KPX_public_sukub_csv
2026-04-09 17:00:00,71290.4,79755.358333,KPX_public_sukub_csv
2026-04-09 18:00:00,70636.275,79601.491667,KPX_public_sukub_csv
2026-04-09 19:00:00,70032.218182,79352.963636,KPX_public_sukub_csv
2026-04-09 20:00:00,68045.85,79262.425,KPX_public_sukub_csv
2026-04-09 21:00:00,65750.633333,79194.033333,KPX_public_sukub_csv
2026-04-09 22:00:00,64896.791667,79117.216667,KPX_public_sukub_csv
2026-04-09 23:00:00,63165.866667,79271.8,KPX_public_sukub_csv
2026-04-10 00:00:00,59505.208333,79200.308333,KPX_public_sukub_csv
2026-04-10 01:00:00,57299.108333,79220.866667,KPX_public_sukub_csv
2026-04-10 02:00:00,55914.391667,79707.675,KPX_public_sukub_csv
2026-04-10 03:00:00,55399.633333,80273.066667,KPX_public_sukub_csv
2026-04-10 04:00:00,55693.816667,80354.975,KPX_public_sukub_csv
2026-04-10 05:00:00,57140.891667,80466.4,KPX_public_sukub_csv
2026-04-10 06:00:00,59939.854545,80464.745455,KPX_public_sukub_csv
2026-04-10 07:00:00,64631.308333,80718.908333,KPX_public_sukub_csv
2026-04-10 08:00:00,69113.3,80489.625,KPX_public_sukub_csv
2026-04-10 09:00:00,70799.95,80382.791667,KPX_public_sukub_csv
2026-04-10 10:00:00,70432.541667,80873.625,KPX_public_sukub_csv
2026-04-10 11:00:00,67933.727273,81597.218182,KPX_public_sukub_csv
2026-04-10 12:00:00,64440.516667,82168.15,KPX_public_sukub_csv
2026-04-10 13:00:00,65489.55,82385.133333,KPX_public_sukub_csv
2026-04-10 14:00:00,65220.241667,82290.716667,KPX_public_sukub_csv
2026-04-10 15:00:00,65609.391667,82432.75,KPX_public_sukub_csv
2026-04-10 16:00:00,67083.633333,81712.975,KPX_public_sukub_csv
2026-04-10 17:00:00,67341.325,82749.533333,KPX_public_sukub_csv
2026-04-10 18:00:00,68107.575,82705.875,KPX_public_sukub_csv
2026-04-10 19:00:00,68360.641667,82621.175,KPX_public_sukub_csv
2026-04-10 20:00:00,66796.45,82893.758333,KPX_public_sukub_csv
2026-04-10 21:00:00,64843.116667,83015.625,KPX_public_sukub_csv
2026-04-10 22:00:00,64320.058333,83029.708333,KPX_public_sukub_csv
2026-04-10 23:00:00,62873.133333,83003.091667,KPX_public_sukub_csv
2026-04-11 00:00:00,59117.033333,81330.233333,KPX_public_sukub_csv
2026-04-11 01:00:00,56605.625,80924.233333,KPX_public_sukub_csv
2026-04-11 02:00:00,55179.483333,80886.858333,KPX_public_sukub_csv
2026-04-11 03:00:00,54251.05,80673.841667,KPX_public_sukub_csv
2026-04-11 04:00:00,54196.733333,80403.058333,KPX_public_sukub_csv
2026-04-11 05:00:00,54860.883333,80525.958333,KPX_public_sukub_csv
2026-04-11 06:00:00,55276.775,80404.716667,KPX_public_sukub_csv
2026-04-11 07:00:00,54254.841667,80141.7,KPX_public_sukub_csv
2026-04-11 08:00:00,51700.65,80576.441667,KPX_public_sukub_csv
2026-04-11 09:00:00,49082.363636,80529.9,KPX_public_sukub_csv
2026-04-11 10:00:00,46772.408333,80193.225,KPX_public_sukub_csv
2026-04-11 11:00:00,44606.225,80023.925,KPX_public_sukub_csv
2026-04-11 12:00:00,42258.066667,80527.883333,KPX_public_sukub_csv
2026-04-11 13:00:00,42254.966667,81313.366667,KPX_public_sukub_csv
2026-04-11 14:00:00,43582.358333,81041.925,KPX_public_sukub_csv
2026-04-11 15:00:00,46576.85,79442.158333,KPX_public_sukub_csv
2026-04-11 16:00:00,50530.516667,78630.491667,KPX_public_sukub_csv
2026-04-11 17:00:00,54460.525,78924.991667,KPX_public_sukub_csv
2026-04-11 18:00:00,58139.266667,78187.175,KPX_public_sukub_csv
2026-04-11 19:00:00,60255.0,78745.118182,KPX_public_sukub_csv
2026-04-11 20:00:00,59907.958333,78668.383333,KPX_public_sukub_csv
2026-04-11 21:00:00,58935.15,78367.8,KPX_public_sukub_csv
2026-04-11 22:00:00,58778.966667,78160.583333,KPX_public_sukub_csv
2026-04-11 23:00:00,57575.425,78228.325,KPX_public_sukub_csv
2026-04-12 00:00:00,54272.183333,78335.408333,KPX_public_sukub_csv
2026-04-12 01:00:00,52008.775,78150.941667,KPX_public_sukub_csv
2026-04-12 02:00:00,50764.541667,78085.266667,KPX_public_sukub_csv
2026-04-12 03:00:00,50006.091667,78157.416667,KPX_public_sukub_csv
2026-04-12 04:00:00,50019.1,78190.825,KPX_public_sukub_csv
2026-04-12 05:00:00,50822.875,78286.733333,KPX_public_sukub_csv
2026-04-12 06:00:00,51210.091667,78383.241667,KPX_public_sukub_csv
2026-04-12 07:00:00,49303.808333,78700.941667,KPX_public_sukub_csv
2026-04-12 08:00:00,45195.425,78950.341667,KPX_public_sukub_csv
2026-04-12 09:00:00,41370.275,80087.591667,KPX_public_sukub_csv
2026-04-12 10:00:00,40804.45,79404.7,KPX_public_sukub_csv
2026-04-12 11:00:00,40111.466667,78980.475,KPX_public_sukub_csv
2026-04-12 12:00:00,40072.458333,79217.558333,KPX_public_sukub_csv
2026-04-12 13:00:00,41027.733333,79185.033333,KPX_public_sukub_csv
2026-04-12 14:00:00,43252.475,78582.5,KPX_public_sukub_csv
2026-04-12 15:00:00,46174.566667,77529.283333,KPX_public_sukub_csv
2026-04-12 16:00:00,49696.925,78849.425,KPX_public_sukub_csv
2026-04-12 17:00:00,53871.575,80669.466667,KPX_public_sukub_csv
2026-04-12 18:00:00,57547.908333,80871.333333,KPX_public_sukub_csv
2026-04-12 19:00:00,59769.766667,81289.391667,KPX_public_sukub_csv
2026-04-12 20:00:00,59542.916667,81256.641667,KPX_public_sukub_csv
2026-04-12 21:00:00,58440.891667,81192.066667,KPX_public_sukub_csv
2026-04-12 22:00:00,57158.466667,81517.275,KPX_public_sukub_csv
2026-04-12 23:00:00,55443.283333,81388.825,KPX_public_sukub_csv
2026-04-13 00:00:00,52518.4,81326.325,KPX_public_sukub_csv
2026-04-13 01:00:00,50606.125,81811.233333,KPX_public_sukub_csv
2026-04-13 02:00:00,49539.15,81595.258333,KPX_public_sukub_csv
2026-04-13 03:00:00,49251.975,81951.241667,KPX_public_sukub_csv
2026-04-13 04:00:00,49986.15,81839.233333,KPX_public_sukub_csv
2026-04-13 05:00:00,52055.608333,82283.791667,KPX_public_sukub_csv
2026-04-13 06:00:00,55401.325,82330.308333,KPX_public_sukub_csv
2026-04-13 07:00:00,58168.408333,83048.108333,KPX_public_sukub_csv
2026-04-13 08:00:00,58590.525,83821.016667,KPX_public_sukub_csv
2026-04-13 09:00:00,56900.9,85170.608333,KPX_public_sukub_csv
2026-04-13 10:00:00,54454.666667,85607.233333,KPX_public_sukub_csv
2026-04-13 11:00:00,51808.3,85592.408333,KPX_public_sukub_csv
2026-04-13 12:00:00,48971.575,85856.408333,KPX_public_sukub_csv
2026-04-13 13:00:00,51921.991667,85901.183333,KPX_public_sukub_csv
2026-04-13 14:00:00,54662.258333,85326.466667,KPX_public_sukub_csv
2026-04-13 15:00:00,57824.208333,84342.091667,KPX_public_sukub_csv
2026-04-13 16:00:00,62157.025,82608.433333,KPX_public_sukub_csv
2026-04-13 17:00:00,64932.191667,83513.95,KPX_public_sukub_csv
2026-04-13 18:00:00,67337.109091,83011.509091,KPX_public_sukub_csv
2026-04-13 19:00:00,68350.016667,82967.875,KPX_public_sukub_csv
2026-04-13 20:00:00,66746.927273,82693.209091,KPX_public_sukub_csv
2026-04-13 21:00:00,64633.633333,82339.366667,KPX_public_sukub_csv
2026-04-13 22:00:00,63507.925,82184.633333,KPX_public_sukub_csv
2026-04-13 23:00:00,61377.141667,82210.733333,KPX_public_sukub_csv
2026-04-14 00:00:00,57669.441667,81180.925,KPX_public_sukub_csv
2026-04-14 01:00:00,55700.541667,81073.025,KPX_public_sukub_csv
2026-04-14 02:00:00,54533.5,81591.909091,KPX_public_sukub_csv
2026-04-14 03:00:00,53976.0,80785.366667,KPX_public_sukub_csv
2026-04-14 04:00:00,54214.95,80784.316667,KPX_public_sukub_csv
2026-04-14 05:00:00,55498.791667,80853.816667,KPX_public_sukub_csv
2026-04-14 06:00:00,58145.483333,80956.108333,KPX_public_sukub_csv
2026-04-14 07:00:00,61057.233333,81474.316667,KPX_public_sukub_csv
2026-04-14 08:00:00,62926.366667,82530.658333,KPX_public_sukub_csv
2026-04-14 09:00:00,62865.45,83013.341667,KPX_public_sukub_csv
2026-04-14 10:00:00,62058.708333,81054.291667,KPX_public_sukub_csv
2026-04-14 11:00:00,60151.618182,80391.545455,KPX_public_sukub_csv
2026-04-14 12:00:00,57567.333333,77999.241667,KPX_public_sukub_csv
2026-04-14 13:00:00,61104.441667,77789.341667,KPX_public_sukub_csv
2026-04-14 14:00:00,62939.783333,77349.383333,KPX_public_sukub_csv
2026-04-14 15:00:00,63980.358333,77800.833333,KPX_public_sukub_csv
2026-04-14 16:00:00,64664.175,77938.508333,KPX_public_sukub_csv
2026-04-14 17:00:00,65837.175,77384.383333,KPX_public_sukub_csv
2026-04-14 18:00:00,68310.541667,80630.591667,KPX_public_sukub_csv
2026-04-14 19:00:00,69119.983333,81610.783333,KPX_public_sukub_csv
2026-04-14 20:00:00,67302.009091,81737.427273,KPX_public_sukub_csv
2026-04-14 21:00:00,65153.575,81766.525,KPX_public_sukub_csv
2026-04-14 22:00:00,63918.591667,81609.9,KPX_public_sukub_csv
2026-04-14 23:00:00,61932.908333,81546.858333,KPX_public_sukub_csv
2026-04-15 00:00:00,57935.083333,81901.216667,KPX_public_sukub_csv
2026-04-15 01:00:00,55906.991667,82103.55,KPX_public_sukub_csv
2026-04-15 02:00:00,54743.133333,82236.45,KPX_public_sukub_csv
2026-04-15 03:00:00,53979.516667,80915.175,KPX_public_sukub_csv
2026-04-15 04:00:00,54264.283333,80385.391667,KPX_public_sukub_csv
2026-04-15 05:00:00,55769.691667,80384.891667,KPX_public_sukub_csv
2026-04-15 06:00:00,58184.333333,80468.15,KPX_public_sukub_csv
2026-04-15 07:00:00,60290.708333,80007.35,KPX_public_sukub_csv
2026-04-15 08:00:00,60598.3,81354.391667,KPX_public_sukub_csv
2026-04-15 09:00:00,57683.158333,81369.6,KPX_public_sukub_csv
2026-04-15 10:00:00,54863.866667,81686.6,KPX_public_sukub_csv
2026-04-15 11:00:00,51681.816667,80158.625,KPX_public_sukub_csv
2026-04-15 12:00:00,48846.958333,79181.508333,KPX_public_sukub_csv
2026-04-15 13:00:00,51639.375,78942.458333,KPX_public_sukub_csv
2026-04-15 14:00:00,54110.15,78800.933333,KPX_public_sukub_csv
2026-04-15 15:00:00,57315.883333,79196.691667,KPX_public_sukub_csv
2026-04-15 16:00:00,61271.816667,78816.491667,KPX_public_sukub_csv
2026-04-15 17:00:00,64421.9,78629.008333,KPX_public_sukub_csv
2026-04-15 18:00:00,67257.35,79575.633333,KPX_public_sukub_csv
2026-04-15 19:00:00,68299.891667,79845.15,KPX_public_sukub_csv
2026-04-15 20:00:00,67046.8,80033.683333,KPX_public_sukub_csv
2026-04-15 21:00:00,65022.9,79798.358333,KPX_public_sukub_csv
2026-04-15 22:00:00,63729.816667,79495.833333,KPX_public_sukub_csv
2026-04-15 23:00:00,61586.841667,79456.916667,KPX_public_sukub_csv
2026-04-16 00:00:00,57862.508333,79232.933333,KPX_public_sukub_csv
2026-04-16 01:00:00,55691.716667,79375.633333,KPX_public_sukub_csv
2026-04-16 02:00:00,54415.791667,79962.475,KPX_public_sukub_csv
2026-04-16 03:00:00,53867.366667,80110.075,KPX_public_sukub_csv
2026-04-16 04:00:00,54137.65,80211.275,KPX_public_sukub_csv
2026-04-16 05:00:00,55575.75,80336.216667,KPX_public_sukub_csv
2026-04-16 06:00:00,57776.191667,80433.108333,KPX_public_sukub_csv
2026-04-16 07:00:00,58642.5,81199.833333,KPX_public_sukub_csv
2026-04-16 08:00:00,58126.883333,82854.658333,KPX_public_sukub_csv
2026-04-16 09:00:00,55800.091667,83073.933333,KPX_public_sukub_csv
2026-04-16 10:00:00,53180.775,82513.833333,KPX_public_sukub_csv
2026-04-16 11:00:00,50584.566667,82253.166667,KPX_public_sukub_csv
2026-04-16 12:00:00,47650.983333,81431.25,KPX_public_sukub_csv
2026-04-16 13:00:00,51126.866667,83074.791667,KPX_public_sukub_csv
2026-04-16 14:00:00,53745.683333,83386.8,KPX_public_sukub_csv
2026-04-16 15:00:00,56182.016667,83902.208333,KPX_public_sukub_csv
2026-04-16 16:00:00,60482.625,83184.708333,KPX_public_sukub_csv
2026-04-16 17:00:00,64077.841667,81591.016667,KPX_public_sukub_csv
2026-04-16 18:00:00,67381.741667,81968.683333,KPX_public_sukub_csv
2026-04-16 19:00:00,68431.316667,81563.566667,KPX_public_sukub_csv
2026-04-16 20:00:00,66915.941667,81580.133333,KPX_public_sukub_csv
2026-04-16 21:00:00,64860.216667,81335.625,KPX_public_sukub_csv
2026-04-16 22:00:00,63617.833333,81190.108333,KPX_public_sukub_csv
2026-04-16 23:00:00,61546.633333,81234.833333,KPX_public_sukub_csv
2026-04-17 00:00:00,57916.172727,80385.709091,KPX_public_sukub_csv
2026-04-17 01:00:00,55656.091667,80423.35,KPX_public_sukub_csv
2026-04-17 02:00:00,54477.166667,80528.116667,KPX_public_sukub_csv
2026-04-17 03:00:00,53840.65,80582.316667,KPX_public_sukub_csv
2026-04-17 04:00:00,53997.083333,80670.308333,KPX_public_sukub_csv
2026-04-17 05:00:00,55503.091667,80345.633333,KPX_public_sukub_csv
2026-04-17 06:00:00,58105.241667,80362.133333,KPX_public_sukub_csv
2026-04-17 07:00:00,61773.308333,80717.766667,KPX_public_sukub_csv
2026-04-17 08:00:00,64977.341667,81287.866667,KPX_public_sukub_csv
2026-04-17 09:00:00,66016.483333,80924.275,KPX_public_sukub_csv
2026-04-17 10:00:00,65311.241667,81235.133333,KPX_public_sukub_csv
2026-04-17 11:00:00,64420.408333,81007.508333,KPX_public_sukub_csv
2026-04-17 12:00:00,61362.833333,80915.483333,KPX_public_sukub_csv
2026-04-17 13:00:00,63585.2,80902.708333,KPX_public_sukub_csv
2026-04-17 14:00:00,64662.708333,80725.758333,KPX_public_sukub_csv
2026-04-17 15:00:00,65289.733333,80827.45,KPX_public_sukub_csv
2026-04-17 16:00:00,66273.891667,79795.3,KPX_public_sukub_csv
2026-04-17 17:00:00,65788.741667,80534.508333,KPX_public_sukub_csv
2026-04-17 18:00:00,66176.658333,80733.475,KPX_public_sukub_csv
2026-04-17 19:00:00,66663.683333,80385.016667,KPX_public_sukub_csv
2026-04-17 20:00:00,65582.083333,80309.808333,KPX_public_sukub_csv
2026-04-17 21:00:00,63722.166667,80421.466667,KPX_public_sukub_csv
2026-04-17 22:00:00,62998.833333,80464.158333,KPX_public_sukub_csv
2026-04-17 23:00:00,61247.916667,80433.816667,KPX_public_sukub_csv
2026-04-18 00:00:00,57575.472727,79365.509091,KPX_public_sukub_csv
2026-04-18 01:00:00,55251.916667,79339.166667,KPX_public_sukub_csv
2026-04-18 02:00:00,53906.0,79037.766667,KPX_public_sukub_csv
2026-04-18 03:00:00,53052.833333,78942.608333,KPX_public_sukub_csv
2026-04-18 04:00:00,52968.783333,78955.008333,KPX_public_sukub_csv
2026-04-18 05:00:00,53538.141667,77627.241667,KPX_public_sukub_csv
2026-04-18 06:00:00,53895.825,77545.008333,KPX_public_sukub_csv
2026-04-18 07:00:00,52827.841667,78100.916667,KPX_public_sukub_csv
2026-04-18 08:00:00,50388.3,78514.341667,KPX_public_sukub_csv
2026-04-18 09:00:00,48021.991667,80313.083333,KPX_public_sukub_csv
2026-04-18 10:00:00,45908.066667,79147.45,KPX_public_sukub_csv
2026-04-18 11:00:00,43827.775,79101.875,KPX_public_sukub_csv
2026-04-18 12:00:00,41875.958333,79064.65,KPX_public_sukub_csv
2026-04-18 13:00:00,43327.383333,78970.275,KPX_public_sukub_csv
2026-04-18 14:00:00,45472.066667,78547.091667,KPX_public_sukub_csv
2026-04-18 15:00:00,48910.827273,78357.490909,KPX_public_sukub_csv
2026-04-18 16:00:00,52732.308333,77782.841667,KPX_public_sukub_csv
2026-04-18 17:00:00,55693.525,78149.808333,KPX_public_sukub_csv
2026-04-18 18:00:00,58390.091667,77556.991667,KPX_public_sukub_csv
2026-04-18 19:00:00,60471.525,78110.933333,KPX_public_sukub_csv
2026-04-18 20:00:00,59896.883333,78172.683333,KPX_public_sukub_csv
2026-04-18 21:00:00,58400.05,77714.383333,KPX_public_sukub_csv
2026-04-18 22:00:00,57810.258333,77657.191667,KPX_public_sukub_csv
2026-04-18 23:00:00,56002.809091,77559.472727,KPX_public_sukub_csv
2026-04-19 00:00:00,52933.616667,78408.458333,KPX_public_sukub_csv
2026-04-19 01:00:00,50742.083333,78541.208333,KPX_public_sukub_csv
2026-04-19 02:00:00,49486.066667,78647.416667,KPX_public_sukub_csv
2026-04-19 03:00:00,48775.091667,78825.183333,KPX_public_sukub_csv
2026-04-19 04:00:00,48702.358333,78888.491667,KPX_public_sukub_csv
2026-04-19 05:00:00,49293.216667,78972.383333,KPX_public_sukub_csv
2026-04-19 06:00:00,49436.608333,78803.158333,KPX_public_sukub_csv
2026-04-19 07:00:00,48183.4,79330.983333,KPX_public_sukub_csv
2026-04-19 08:00:00,45636.233333,80089.633333,KPX_public_sukub_csv
2026-04-19 09:00:00,43340.283333,80428.141667,KPX_public_sukub_csv
2026-04-19 10:00:00,42971.291667,80565.791667,KPX_public_sukub_csv
2026-04-19 11:00:00,43331.366667,80913.55,KPX_public_sukub_csv
2026-04-19 12:00:00,43223.425,81306.816667,KPX_public_sukub_csv
2026-04-19 13:00:00,43870.458333,81203.808333,KPX_public_sukub_csv
2026-04-19 14:00:00,44611.066667,80735.933333,KPX_public_sukub_csv
2026-04-19 15:00:00,46450.475,80670.966667,KPX_public_sukub_csv
2026-04-19 16:00:00,49825.333333,80290.116667,KPX_public_sukub_csv
2026-04-19 17:00:00,53895.241667,80554.45,KPX_public_sukub_csv
2026-04-19 18:00:00,57810.458333,79854.8,KPX_public_sukub_csv
2026-04-19 19:00:00,60018.858333,79309.333333,KPX_public_sukub_csv
2026-04-19 20:00:00,59570.291667,78969.3,KPX_public_sukub_csv
2026-04-19 21:00:00,58092.166667,78808.625,KPX_public_sukub_csv
2026-04-19 22:00:00,56680.241667,78756.816667,KPX_public_sukub_csv
2026-04-19 23:00:00,54889.091667,78806.941667,KPX_public_sukub_csv
2026-04-20 00:00:00,51808.633333,79156.883333,KPX_public_sukub_csv
2026-04-20 01:00:00,49902.833333,79417.616667,KPX_public_sukub_csv
2026-04-20 02:00:00,48945.008333,80518.383333,KPX_public_sukub_csv
2026-04-20 03:00:00,48459.508333,80827.05,KPX_public_sukub_csv
2026-04-20 04:00:00,48982.708333,80917.15,KPX_public_sukub_csv
2026-04-20 05:00:00,50771.55,81114.258333,KPX_public_sukub_csv
2026-04-20 06:00:00,53656.916667,81777.108333,KPX_public_sukub_csv
2026-04-20 07:00:00,57114.8,82651.758333,KPX_public_sukub_csv
2026-04-20 08:00:00,60720.125,84048.633333,KPX_public_sukub_csv
2026-04-20 09:00:00,62635.583333,83728.391667,KPX_public_sukub_csv
2026-04-20 10:00:00,63456.891667,83757.875,KPX_public_sukub_csv
2026-04-20 11:00:00,64740.416667,83447.166667,KPX_public_sukub_csv
2026-04-20 12:00:00,63751.691667,82841.675,KPX_public_sukub_csv
2026-04-20 13:00:00,67323.541667,83932.008333,KPX_public_sukub_csv
2026-04-20 14:00:00,68827.416667,84064.391667,KPX_public_sukub_csv
2026-04-20 15:00:00,67922.125,82404.041667,KPX_public_sukub_csv
2026-04-20 16:00:00,66532.55,82856.125,KPX_public_sukub_csv
2026-04-20 17:00:00,65479.825,83810.266667,KPX_public_sukub_csv
2026-04-20 18:00:00,67203.391667,83776.283333,KPX_public_sukub_csv
2026-04-20 19:00:00,68051.041667,83687.258333,KPX_public_sukub_csv
2026-04-20 20:00:00,66398.966667,83354.316667,KPX_public_sukub_csv
2026-04-20 21:00:00,64569.483333,83134.508333,KPX_public_sukub_csv
2026-04-20 22:00:00,63400.545455,83080.081818,KPX_public_sukub_csv
2026-04-20 23:00:00,61489.233333,82716.833333,KPX_public_sukub_csv
2026-04-21 00:00:00,57973.05,82664.933333,KPX_public_sukub_csv
2026-04-21 01:00:00,56123.808333,82085.7,KPX_public_sukub_csv
2026-04-21 02:00:00,54968.836364,81659.118182,KPX_public_sukub_csv
2026-04-21 03:00:00,54460.091667,81131.216667,KPX_public_sukub_csv
2026-04-21 04:00:00,54627.658333,79904.591667,KPX_public_sukub_csv
2026-04-21 05:00:00,56009.975,79646.566667,KPX_public_sukub_csv
2026-04-21 06:00:00,57945.791667,80213.991667,KPX_public_sukub_csv
2026-04-21 07:00:00,59123.516667,81549.625,KPX_public_sukub_csv
2026-04-21 08:00:00,58545.858333,82523.791667,KPX_public_sukub_csv
2026-04-21 09:00:00,56440.166667,84095.133333,KPX_public_sukub_csv
2026-04-21 10:00:00,54389.125,84063.166667,KPX_public_sukub_csv
2026-04-21 11:00:00,52136.633333,84095.966667,KPX_public_sukub_csv
2026-04-21 12:00:00,49226.591667,82670.016667,KPX_public_sukub_csv
2026-04-21 13:00:00,52308.716667,82710.816667,KPX_public_sukub_csv
2026-04-21 14:00:00,54735.216667,82189.783333,KPX_public_sukub_csv
2026-04-21 15:00:00,57063.725,81629.283333,KPX_public_sukub_csv
2026-04-21 16:00:00,60914.725,82278.241667,KPX_public_sukub_csv
2026-04-21 17:00:00,63903.358333,82285.05,KPX_public_sukub_csv
2026-04-21 18:00:00,66951.408333,81808.358333,KPX_public_sukub_csv
2026-04-21 19:00:00,68327.091667,82338.466667,KPX_public_sukub_csv
2026-04-21 20:00:00,66905.483333,82315.341667,KPX_public_sukub_csv
2026-04-21 21:00:00,64706.108333,81910.5,KPX_public_sukub_csv
2026-04-21 22:00:00,63425.358333,81473.991667,KPX_public_sukub_csv
2026-04-21 23:00:00,61416.475,81380.9,KPX_public_sukub_csv
2026-04-22 00:00:00,57431.558333,81530.158333,KPX_public_sukub_csv
2026-04-22 01:00:00,55486.316667,81667.933333,KPX_public_sukub_csv
2026-04-22 02:00:00,54339.566667,82355.208333,KPX_public_sukub_csv
2026-04-22 03:00:00,53823.591667,82635.941667,KPX_public_sukub_csv
2026-04-22 04:00:00,54148.541667,82709.658333,KPX_public_sukub_csv
2026-04-22 05:00:00,55560.458333,82812.95,KPX_public_sukub_csv
2026-04-22 06:00:00,58100.791667,82849.4,KPX_public_sukub_csv
2026-04-22 07:00:00,62006.766667,83767.258333,KPX_public_sukub_csv
2026-04-22 08:00:00,65998.583333,83118.275,KPX_public_sukub_csv
2026-04-22 09:00:00,67443.0,81750.175,KPX_public_sukub_csv
2026-04-22 10:00:00,66773.483333,81663.241667,KPX_public_sukub_csv
2026-04-22 11:00:00,64301.308333,82336.458333,KPX_public_sukub_csv
2026-04-22 12:00:00,59783.25,83025.683333,KPX_public_sukub_csv
2026-04-22 13:00:00,60505.8,83372.041667,KPX_public_sukub_csv
2026-04-22 14:00:00,60602.858333,83271.283333,KPX_public_sukub_csv
2026-04-22 15:00:00,61384.741667,82907.858333,KPX_public_sukub_csv
2026-04-22 16:00:00,63077.266667,82309.325,KPX_public_sukub_csv
2026-04-22 17:00:00,64189.241667,83930.925,KPX_public_sukub_csv
2026-04-22 18:00:00,66360.516667,83813.125,KPX_public_sukub_csv
2026-04-22 19:00:00,67550.75,83504.1,KPX_public_sukub_csv
2026-04-22 20:00:00,66490.525,83523.7,KPX_public_sukub_csv
2026-04-22 21:00:00,64666.566667,83415.35,KPX_public_sukub_csv
2026-04-22 22:00:00,63632.358333,83295.1,KPX_public_sukub_csv
2026-04-22 23:00:00,61606.35,83428.916667,KPX_public_sukub_csv
2026-04-23 00:00:00,57781.591667,83303.641667,KPX_public_sukub_csv
2026-04-23 01:00:00,55644.5,83344.175,KPX_public_sukub_csv
2026-04-23 02:00:00,54497.875,82745.266667,KPX_public_sukub_csv
2026-04-23 03:00:00,53965.85,82748.841667,KPX_public_sukub_csv
2026-04-23 04:00:00,54012.491667,82766.625,KPX_public_sukub_csv
2026-04-23 05:00:00,55216.433333,82952.691667,KPX_public_sukub_csv
2026-04-23 06:00:00,57381.566667,83267.158333,KPX_public_sukub_csv
2026-04-23 07:00:00,60079.016667,84198.733333,KPX_public_sukub_csv
2026-04-23 08:00:00,60577.990909,85313.754545,KPX_public_sukub_csv
2026-04-23 09:00:00,59306.375,85694.808333,KPX_public_sukub_csv
2026-04-23 10:00:00,57184.633333,85105.033333,KPX_public_sukub_csv
2026-04-23 11:00:00,54441.983333,85338.525,KPX_public_sukub_csv
2026-04-23 12:00:00,51351.133333,85617.525,KPX_public_sukub_csv
2026-04-23 13:00:00,54099.191667,85447.883333,KPX_public_sukub_csv
2026-04-23 14:00:00,56455.958333,85657.575,KPX_public_sukub_csv
2026-04-23 15:00:00,58412.55,85469.666667,KPX_public_sukub_csv
2026-04-23 16:00:00,62503.325,85222.458333,KPX_public_sukub_csv
2026-04-23 17:00:00,64862.0,84166.958333,KPX_public_sukub_csv
2026-04-23 18:00:00,67116.716667,83573.7,KPX_public_sukub_csv
2026-04-23 19:00:00,68211.95,83496.7,KPX_public_sukub_csv
2026-04-23 20:00:00,67001.266667,83571.366667,KPX_public_sukub_csv
2026-04-23 21:00:00,64825.358333,83186.7,KPX_public_sukub_csv
2026-04-23 22:00:00,63741.733333,82778.483333,KPX_public_sukub_csv
2026-04-23 23:00:00,61585.141667,82454.975,KPX_public_sukub_csv
2026-04-24 00:00:00,57983.158333,81832.875,KPX_public_sukub_csv
2026-04-24 01:00:00,55985.908333,81851.95,KPX_public_sukub_csv
2026-04-24 02:00:00,54771.75,81559.583333,KPX_public_sukub_csv
2026-04-24 03:00:00,54287.458333,80790.825,KPX_public_sukub_csv
2026-04-24 04:00:00,54414.316667,80197.591667,KPX_public_sukub_csv
2026-04-24 05:00:00,55700.3,80232.083333,KPX_public_sukub_csv
2026-04-24 06:00:00,57460.333333,79989.8,KPX_public_sukub_csv
2026-04-24 07:00:00,58060.275,80904.758333,KPX_public_sukub_csv
2026-04-24 08:00:00,57161.466667,82105.025,KPX_public_sukub_csv
2026-04-24 09:00:00,55001.275,82561.516667,KPX_public_sukub_csv
2026-04-24 10:00:00,52970.933333,83277.075,KPX_public_sukub_csv
2026-04-24 11:00:00,50386.933333,82141.066667,KPX_public_sukub_csv
2026-04-24 12:00:00,47706.866667,80023.191667,KPX_public_sukub_csv
2026-04-24 13:00:00,50883.941667,80434.083333,KPX_public_sukub_csv
2026-04-24 14:00:00,53832.983333,80618.866667,KPX_public_sukub_csv
2026-04-24 15:00:00,56366.533333,80781.45,KPX_public_sukub_csv
2026-04-24 16:00:00,60020.275,79361.883333,KPX_public_sukub_csv
2026-04-24 17:00:00,62766.533333,79143.683333,KPX_public_sukub_csv
2026-04-24 18:00:00,65224.708333,79203.508333,KPX_public_sukub_csv
2026-04-24 19:00:00,66538.858333,79243.75,KPX_public_sukub_csv
2026-04-24 20:00:00,65325.366667,79315.366667,KPX_public_sukub_csv
2026-04-24 21:00:00,63242.725,79191.891667,KPX_public_sukub_csv
2026-04-24 22:00:00,62367.083333,79037.233333,KPX_public_sukub_csv
2026-04-24 23:00:00,60475.533333,79080.975,KPX_public_sukub_csv
2026-04-25 00:00:00,57207.133333,77797.683333,KPX_public_sukub_csv
2026-04-25 01:00:00,55022.133333,77818.425,KPX_public_sukub_csv
2026-04-25 02:00:00,53541.191667,77880.583333,KPX_public_sukub_csv
2026-04-25 03:00:00,52794.616667,77945.308333,KPX_public_sukub_csv
2026-04-25 04:00:00,52791.325,78060.175,KPX_public_sukub_csv
2026-04-25 05:00:00,53232.775,77250.991667,KPX_public_sukub_csv
2026-04-25 06:00:00,53087.491667,77395.616667,KPX_public_sukub_csv
2026-04-25 07:00:00,50588.433333,77724.708333,KPX_public_sukub_csv
2026-04-25 08:00:00,46647.908333,77118.483333,KPX_public_sukub_csv
2026-04-25 09:00:00,44004.041667,76324.108333,KPX_public_sukub_csv
2026-04-25 10:00:00,42476.291667,76418.308333,KPX_public_sukub_csv
2026-04-25 11:00:00,41255.208333,75472.55,KPX_public_sukub_csv
2026-04-25 12:00:00,39777.175,75307.291667,KPX_public_sukub_csv
2026-04-25 13:00:00,41230.583333,75510.941667,KPX_public_sukub_csv
2026-04-25 14:00:00,42478.55,75786.691667,KPX_public_sukub_csv
2026-04-25 15:00:00,44862.766667,75127.791667,KPX_public_sukub_csv
2026-04-25 16:00:00,48794.666667,74293.975,KPX_public_sukub_csv
2026-04-25 17:00:00,53139.758333,74902.225,KPX_public_sukub_csv
2026-04-25 18:00:00,56804.983333,74111.1,KPX_public_sukub_csv
2026-04-25 19:00:00,58828.966667,74298.483333,KPX_public_sukub_csv
2026-04-25 20:00:00,58582.133333,74766.441667,KPX_public_sukub_csv
2026-04-25 21:00:00,57414.55,74883.275,KPX_public_sukub_csv
2026-04-25 22:00:00,56966.908333,75155.275,KPX_public_sukub_csv
2026-04-25 23:00:00,55444.983333,75553.508333,KPX_public_sukub_csv
2026-04-26 00:00:00,52021.483333,75272.125,KPX_public_sukub_csv
2026-04-26 01:00:00,49916.066667,75690.55,KPX_public_sukub_csv
2026-04-26 02:00:00,48728.241667,75881.258333,KPX_public_sukub_csv
2026-04-26 03:00:00,48007.975,75859.775,KPX_public_sukub_csv
2026-04-26 04:00:00,47947.858333,75360.666667,KPX_public_sukub_csv
2026-04-26 05:00:00,48397.416667,74735.2,KPX_public_sukub_csv
2026-04-26 06:00:00,48163.05,74656.316667,KPX_public_sukub_csv
2026-04-26 07:00:00,45692.508333,75497.541667,KPX_public_sukub_csv
2026-04-26 08:00:00,41973.116667,75519.325,KPX_public_sukub_csv
2026-04-26 09:00:00,39456.025,75263.791667,KPX_public_sukub_csv
2026-04-26 10:00:00,38243.05,74924.675,KPX_public_sukub_csv
2026-04-26 11:00:00,37806.766667,74558.833333,KPX_public_sukub_csv
2026-04-26 12:00:00,38064.191667,74683.733333,KPX_public_sukub_csv
2026-04-26 13:00:00,38297.5,75081.675,KPX_public_sukub_csv
2026-04-26 14:00:00,39370.341667,75343.883333,KPX_public_sukub_csv
2026-04-26 15:00:00,41903.225,74824.658333,KPX_public_sukub_csv
2026-04-26 16:00:00,46207.916667,74436.475,KPX_public_sukub_csv
2026-04-26 17:00:00,51599.033333,74858.733333,KPX_public_sukub_csv
2026-04-26 18:00:00,56041.608333,75548.85,KPX_public_sukub_csv
2026-04-26 19:00:00,58333.358333,75415.65,KPX_public_sukub_csv
2026-04-26 20:00:00,58476.433333,75417.241667,KPX_public_sukub_csv
2026-04-26 21:00:00,56906.166667,75289.741667,KPX_public_sukub_csv
2026-04-26 22:00:00,55404.25,75659.55,KPX_public_sukub_csv
2026-04-26 23:00:00,53394.008333,75630.183333,KPX_public_sukub_csv
2026-04-27 00:00:00,50625.583333,76729.05,KPX_public_sukub_csv
2026-04-27 01:00:00,48797.558333,76442.508333,KPX_public_sukub_csv
2026-04-27 02:00:00,47789.1,77188.425,KPX_public_sukub_csv
2026-04-27 03:00:00,47411.325,77473.441667,KPX_public_sukub_csv
2026-04-27 04:00:00,48006.483333,76769.308333,KPX_public_sukub_csv
2026-04-27 05:00:00,49789.508333,76793.8,KPX_public_sukub_csv
2026-04-27 06:00:00,52504.95,76656.316667,KPX_public_sukub_csv
2026-04-27 07:00:00,55325.358333,77526.8,KPX_public_sukub_csv
2026-04-27 08:00:00,56837.491667,78558.791667,KPX_public_sukub_csv
2026-04-27 09:00:00,55916.1,79113.291667,KPX_public_sukub_csv
2026-04-27 10:00:00,53937.025,79806.933333,KPX_public_sukub_csv
2026-04-27 11:00:00,51954.125,79306.2,KPX_public_sukub_csv
2026-04-27 12:00:00,49792.583333,78436.316667,KPX_public_sukub_csv
2026-04-27 13:00:00,53623.075,80012.575,KPX_public_sukub_csv
2026-04-27 14:00:00,57607.608333,79560.983333,KPX_public_sukub_csv
2026-04-27 15:00:00,61745.9,75351.466667,KPX_public_sukub_csv
2026-04-27 16:00:00,64853.291667,75404.391667,KPX_public_sukub_csv
2026-04-27 17:00:00,65542.958333,75148.741667,KPX_public_sukub_csv
2026-04-27 18:00:00,66761.775,76287.566667,KPX_public_sukub_csv
2026-04-27 19:00:00,67149.108333,76150.108333,KPX_public_sukub_csv
2026-04-27 20:00:00,65637.116667,75880.383333,KPX_public_sukub_csv
2026-04-27 21:00:00,63451.541667,75273.891667,KPX_public_sukub_csv
2026-04-27 22:00:00,62243.95,75576.958333,KPX_public_sukub_csv
2026-04-27 23:00:00,60172.216667,75801.041667,KPX_public_sukub_csv
2026-04-28 00:00:00,56554.966667,77291.008333,KPX_public_sukub_csv
2026-04-28 01:00:00,54443.958333,77548.825,KPX_public_sukub_csv
2026-04-28 02:00:00,53404.891667,76970.425,KPX_public_sukub_csv
2026-04-28 03:00:00,52819.358333,76875.775,KPX_public_sukub_csv
2026-04-28 04:00:00,53042.791667,76232.258333,KPX_public_sukub_csv
2026-04-28 05:00:00,54212.075,76174.158333,KPX_public_sukub_csv
2026-04-28 06:00:00,56757.533333,76396.966667,KPX_public_sukub_csv
2026-04-28 07:00:00,59426.308333,77743.725,KPX_public_sukub_csv
2026-04-28 08:00:00,60707.7,78719.416667,KPX_public_sukub_csv
2026-04-28 09:00:00,60236.841667,79906.658333,KPX_public_sukub_csv
2026-04-28 10:00:00,58229.683333,80506.291667,KPX_public_sukub_csv
2026-04-28 11:00:00,55344.875,80889.758333,KPX_public_sukub_csv
2026-04-28 12:00:00,51469.958333,79696.625,KPX_public_sukub_csv
2026-04-28 13:00:00,54598.758333,80952.291667,KPX_public_sukub_csv
2026-04-28 14:00:00,57580.158333,80703.316667,KPX_public_sukub_csv
2026-04-28 15:00:00,59864.258333,80057.725,KPX_public_sukub_csv
2026-04-28 16:00:00,62911.466667,79472.816667,KPX_public_sukub_csv
2026-04-28 17:00:00,64296.6,79504.208333,KPX_public_sukub_csv
2026-04-28 18:00:00,66455.641667,79296.441667,KPX_public_sukub_csv
2026-04-28 19:00:00,67663.466667,78949.9,KPX_public_sukub_csv
2026-04-28 20:00:00,66302.583333,78777.0,KPX_public_sukub_csv
2026-04-28 21:00:00,64105.983333,78498.341667,KPX_public_sukub_csv
2026-04-28 22:00:00,62781.96,78299.82,KPX_public_sukub_csv
2026-04-28 23:00:00,60478.066667,78356.241667,KPX_public_sukub_csv
2026-04-29 00:00:00,56807.675,78899.575,KPX_public_sukub_csv
2026-04-29 01:00:00,54659.125,78897.816667,KPX_public_sukub_csv
2026-04-29 02:00:00,53602.083333,79288.725,KPX_public_sukub_csv
2026-04-29 03:00:00,52959.158333,79841.466667,KPX_public_sukub_csv
2026-04-29 04:00:00,53579.391667,79741.575,KPX_public_sukub_csv
2026-04-29 05:00:00,54585.866667,79841.925,KPX_public_sukub_csv
2026-04-29 06:00:00,56386.7,80053.45,KPX_public_sukub_csv
2026-04-29 07:00:00,57909.791667,80635.716667,KPX_public_sukub_csv
2026-04-29 08:00:00,58199.708333,81541.475,KPX_public_sukub_csv
2026-04-29 09:00:00,57560.9,81551.933333,KPX_public_sukub_csv
2026-04-29 10:00:00,56723.116667,81737.375,KPX_public_sukub_csv
2026-04-29 11:00:00,55727.925,81323.258333,KPX_public_sukub_csv
2026-04-29 12:00:00,53394.05,80524.683333,KPX_public_sukub_csv
2026-04-29 13:00:00,57015.841667,81476.25,KPX_public_sukub_csv
2026-04-29 14:00:00,58970.875,81003.975,KPX_public_sukub_csv
2026-04-29 15:00:00,60348.241667,80664.283333,KPX_public_sukub_csv
2026-04-29 16:00:00,62608.891667,80170.991667,KPX_public_sukub_csv
2026-04-29 17:00:00,63924.391667,81279.541667,KPX_public_sukub_csv
2026-04-29 18:00:00,66060.625,81440.45,KPX_public_sukub_csv
2026-04-29 19:00:00,66935.466667,81327.383333,KPX_public_sukub_csv
2026-04-29 20:00:00,65871.658333,81115.508333,KPX_public_sukub_csv
2026-04-29 21:00:00,63858.25,80867.241667,KPX_public_sukub_csv
2026-04-29 22:00:00,62803.875,80845.408333,KPX_public_sukub_csv
2026-04-29 23:00:00,60657.566667,80991.233333,KPX_public_sukub_csv
2026-04-30 00:00:00,56964.05,79879.625,KPX_public_sukub_csv
2026-04-30 01:00:00,54719.133333,78522.341667,KPX_public_sukub_csv
2026-04-30 02:00:00,53739.65,79097.708333,KPX_public_sukub_csv
2026-04-30 03:00:00,53240.291667,79610.216667,KPX_public_sukub_csv
2026-04-30 04:00:00,53549.533333,79653.258333,KPX_public_sukub_csv
2026-04-30 05:00:00,54635.291667,79215.183333,KPX_public_sukub_csv
2026-04-30 06:00:00,56744.65,79228.3,KPX_public_sukub_csv
2026-04-30 07:00:00,58284.575,79678.158333,KPX_public_sukub_csv
2026-04-30 08:00:00,58211.691667,79930.516667,KPX_public_sukub_csv
2026-04-30 09:00:00,56372.258333,80573.716667,KPX_public_sukub_csv
2026-04-30 10:00:00,54568.858333,80996.25,KPX_public_sukub_csv
2026-04-30 11:00:00,53381.083333,80403.341667,KPX_public_sukub_csv
2026-04-30 12:00:00,53006.141667,79554.85,KPX_public_sukub_csv
2026-04-30 13:00:00,57646.633333,80268.966667,KPX_public_sukub_csv
2026-04-30 14:00:00,59773.375,79801.425,KPX_public_sukub_csv
2026-04-30 15:00:00,60786.425,79580.616667,KPX_public_sukub_csv
2026-04-30 16:00:00,62621.933333,78677.541667,KPX_public_sukub_csv
2026-04-30 17:00:00,63095.991667,79657.083333,KPX_public_sukub_csv
2026-04-30 18:00:00,64497.775,80703.85,KPX_public_sukub_csv
2026-04-30 19:00:00,65173.191667,80799.958333,KPX_public_sukub_csv
2026-04-30 20:00:00,64230.141667,80813.791667,KPX_public_sukub_csv
2026-04-30 21:00:00,62562.366667,80525.1,KPX_public_sukub_csv
2026-04-30 22:00:00,61512.716667,80467.85,KPX_public_sukub_csv
2026-04-30 23:00:00,59788.875,80455.116667,KPX_public_sukub_csv
2026-05-01 00:00:00,55883.45,77721.466667,KPX_public_sukub_csv
2026-05-01 01:00:00,53660.325,77615.383333,KPX_public_sukub_csv
2026-05-01 02:00:00,52205.741667,76961.483333,KPX_public_sukub_csv
2026-05-01 03:00:00,51373.641667,76944.616667,KPX_public_sukub_csv
2026-05-01 04:00:00,50945.0,76657.583333,KPX_public_sukub_csv
2026-05-01 05:00:00,51006.216667,76703.641667,KPX_public_sukub_csv
2026-05-01 06:00:00,51178.808333,76721.266667,KPX_public_sukub_csv
2026-05-01 07:00:00,50189.966667,76729.675,KPX_public_sukub_csv
2026-05-01 08:00:00,48051.75,77279.841667,KPX_public_sukub_csv
2026-05-01 09:00:00,44879.433333,77868.5,KPX_public_sukub_csv
2026-05-01 10:00:00,41997.55,76707.275,KPX_public_sukub_csv
2026-05-01 11:00:00,39109.175,76553.441667,KPX_public_sukub_csv
2026-05-01 12:00:00,37237.558333,76510.233333,KPX_public_sukub_csv
2026-05-01 13:00:00,37729.0,76682.875,KPX_public_sukub_csv
2026-05-01 14:00:00,39160.941667,77031.916667,KPX_public_sukub_csv
2026-05-01 15:00:00,42110.241667,76970.35,KPX_public_sukub_csv
2026-05-01 16:00:00,46663.933333,76182.408333,KPX_public_sukub_csv
2026-05-01 17:00:00,51589.983333,75941.3,KPX_public_sukub_csv
2026-05-01 18:00:00,55712.075,74819.675,KPX_public_sukub_csv
2026-05-01 19:00:00,58092.754545,75433.609091,KPX_public_sukub_csv
2026-05-01 20:00:00,58487.958333,75602.125,KPX_public_sukub_csv
2026-05-01 21:00:00,57376.9,75371.383333,KPX_public_sukub_csv
2026-05-01 22:00:00,56202.841667,75127.591667,KPX_public_sukub_csv
2026-05-01 23:00:00,54502.425,75070.025,KPX_public_sukub_csv
2026-05-02 00:00:00,51568.75,74366.366667,KPX_public_sukub_csv
2026-05-02 01:00:00,49573.625,74328.791667,KPX_public_sukub_csv
2026-05-02 02:00:00,48338.066667,75003.783333,KPX_public_sukub_csv
2026-05-02 03:00:00,47753.35,75095.933333,KPX_public_sukub_csv
2026-05-02 04:00:00,47744.016667,74620.85,KPX_public_sukub_csv
2026-05-02 05:00:00,48198.933333,74136.891667,KPX_public_sukub_csv
2026-05-02 06:00:00,48099.041667,74298.208333,KPX_public_sukub_csv
2026-05-02 07:00:00,47232.916667,74885.791667,KPX_public_sukub_csv
2026-05-02 08:00:00,45794.116667,74854.225,KPX_public_sukub_csv
2026-05-02 09:00:00,44929.3,74277.875,KPX_public_sukub_csv
2026-05-02 10:00:00,44570.225,74915.958333,KPX_public_sukub_csv
2026-05-02 11:00:00,44637.783333,75093.608333,KPX_public_sukub_csv
2026-05-02 12:00:00,44130.725,74964.325,KPX_public_sukub_csv
2026-05-03 00:00:00,51477.525,77021.091667,KPX_public_sukub_csv
2026-05-03 01:00:00,49485.683333,76993.025,KPX_public_sukub_csv
2026-05-03 02:00:00,48206.575,78572.791667,KPX_public_sukub_csv
2026-05-03 03:00:00,47688.608333,79952.866667,KPX_public_sukub_csv
2026-05-03 04:00:00,47692.925,79974.691667,KPX_public_sukub_csv
2026-05-03 05:00:00,48105.041667,79999.266667,KPX_public_sukub_csv
2026-05-03 06:00:00,49226.041667,79713.35,KPX_public_sukub_csv
2026-05-03 07:00:00,50711.333333,79858.991667,KPX_public_sukub_csv
2026-05-03 08:00:00,52006.875,79133.891667,KPX_public_sukub_csv
2026-05-03 09:00:00,52893.983333,78351.116667,KPX_public_sukub_csv
2026-05-03 10:00:00,53198.575,78583.558333,KPX_public_sukub_csv
2026-05-03 11:00:00,53519.166667,78846.35,KPX_public_sukub_csv
2026-05-03 12:00:00,53250.666667,79037.316667,KPX_public_sukub_csv
2026-05-03 13:00:00,53024.058333,79374.866667,KPX_public_sukub_csv
2026-05-03 14:00:00,52103.616667,79588.858333,KPX_public_sukub_csv
2026-05-03 15:00:00,52204.516667,79548.866667,KPX_public_sukub_csv
2026-05-03 16:00:00,53700.041667,79528.3,KPX_public_sukub_csv
2026-05-03 17:00:00,55385.666667,80743.408333,KPX_public_sukub_csv
2026-05-03 18:00:00,57260.775,80288.658333,KPX_public_sukub_csv
2026-05-03 19:00:00,58422.425,79725.058333,KPX_public_sukub_csv
2026-05-03 20:00:00,58216.333333,79563.091667,KPX_public_sukub_csv
2026-05-03 21:00:00,56904.216667,79762.1,KPX_public_sukub_csv
2026-05-03 22:00:00,55942.183333,80123.8,KPX_public_sukub_csv
2026-05-03 23:00:00,54291.741667,80358.241667,KPX_public_sukub_csv
2026-05-04 00:00:00,51366.008333,79700.833333,KPX_public_sukub_csv
2026-05-04 01:00:00,49434.116667,79646.975,KPX_public_sukub_csv
2026-05-04 02:00:00,48175.3,79989.025,KPX_public_sukub_csv
2026-05-04 03:00:00,47786.841667,80124.35,KPX_public_sukub_csv
2026-05-04 04:00:00,48022.991667,80097.616667,KPX_public_sukub_csv
2026-05-04 05:00:00,49104.363636,79873.545455,KPX_public_sukub_csv
2026-05-04 06:00:00,51057.658333,79682.416667,KPX_public_sukub_csv
2026-05-04 07:00:00,51592.641667,80774.841667,KPX_public_sukub_csv
2026-05-04 08:00:00,50948.333333,81825.833333,KPX_public_sukub_csv
2026-05-04 09:00:00,48891.208333,82425.191667,KPX_public_sukub_csv
2026-05-04 10:00:00,46608.233333,83168.891667,KPX_public_sukub_csv
2026-05-04 11:00:00,44826.733333,83002.725,KPX_public_sukub_csv
2026-05-04 12:00:00,43192.35,80069.925,KPX_public_sukub_csv
2026-05-04 13:00:00,45222.266667,80749.133333,KPX_public_sukub_csv
2026-05-04 14:00:00,47307.358333,81488.9,KPX_public_sukub_csv
2026-05-04 15:00:00,49313.825,81349.783333,KPX_public_sukub_csv
2026-05-04 16:00:00,53319.4,80334.491667,KPX_public_sukub_csv
2026-05-04 17:00:00,57215.858333,80624.491667,KPX_public_sukub_csv
2026-05-04 18:00:00,60689.75,79232.666667,KPX_public_sukub_csv
2026-05-04 19:00:00,62632.766667,78053.791667,KPX_public_sukub_csv
2026-05-04 20:00:00,62149.275,77989.7,KPX_public_sukub_csv
2026-05-04 21:00:00,60647.483333,77951.533333,KPX_public_sukub_csv
2026-05-04 22:00:00,59928.5,77646.958333,KPX_public_sukub_csv
2026-05-04 23:00:00,58150.475,77807.333333,KPX_public_sukub_csv
2026-05-05 00:00:00,54754.233333,76941.05,KPX_public_sukub_csv
2026-05-05 01:00:00,52777.3,76641.816667,KPX_public_sukub_csv
2026-05-05 02:00:00,51351.466667,75791.35,KPX_public_sukub_csv
2026-05-05 03:00:00,50534.341667,75539.708333,KPX_public_sukub_csv
2026-05-05 04:00:00,50629.883333,75648.441667,KPX_public_sukub_csv
2026-05-05 05:00:00,51264.975,75773.233333,KPX_public_sukub_csv
2026-05-05 06:00:00,51381.791667,76145.233333,KPX_public_sukub_csv
2026-05-05 07:00:00,48916.75,76871.608333,KPX_public_sukub_csv
2026-05-05 08:00:00,45977.65,78161.783333,KPX_public_sukub_csv
2026-05-05 09:00:00,43414.933333,79846.075,KPX_public_sukub_csv
2026-05-05 10:00:00,41752.758333,80572.691667,KPX_public_sukub_csv
2026-05-05 11:00:00,40585.325,80403.233333,KPX_public_sukub_csv
2026-05-05 12:00:00,39508.1,80104.375,KPX_public_sukub_csv
2026-05-05 13:00:00,41422.275,80190.058333,KPX_public_sukub_csv
2026-05-05 14:00:00,42792.941667,80229.433333,KPX_public_sukub_csv
2026-05-05 15:00:00,44798.883333,79923.175,KPX_public_sukub_csv
2026-05-05 16:00:00,49082.783333,79734.675,KPX_public_sukub_csv
2026-05-05 17:00:00,54120.983333,80338.75,KPX_public_sukub_csv
2026-05-05 18:00:00,58451.158333,80258.691667,KPX_public_sukub_csv
2026-05-05 19:00:00,60842.133333,80701.966667,KPX_public_sukub_csv
2026-05-05 20:00:00,61146.566667,80723.758333,KPX_public_sukub_csv
2026-05-05 21:00:00,60155.166667,80588.166667,KPX_public_sukub_csv
2026-05-05 22:00:00,58510.333333,80429.916667,KPX_public_sukub_csv
2026-05-05 23:00:00,56473.283333,79691.475,KPX_public_sukub_csv
2026-05-06 00:00:00,53238.591667,78106.491667,KPX_public_sukub_csv
2026-05-06 01:00:00,51450.933333,78051.216667,KPX_public_sukub_csv
2026-05-06 02:00:00,50456.85,78154.675,KPX_public_sukub_csv
2026-05-06 03:00:00,50083.816667,77711.783333,KPX_public_sukub_csv
2026-05-06 04:00:00,50384.925,77248.05,KPX_public_sukub_csv
2026-05-06 05:00:00,51681.775,76945.516667,KPX_public_sukub_csv
2026-05-06 06:00:00,53886.558333,77663.675,KPX_public_sukub_csv
2026-05-06 07:00:00,54983.075,78874.566667,KPX_public_sukub_csv
2026-05-06 08:00:00,55424.975,80046.35,KPX_public_sukub_csv
2026-05-06 09:00:00,54177.141667,80339.308333,KPX_public_sukub_csv
2026-05-06 10:00:00,52434.625,81159.258333,KPX_public_sukub_csv
2026-05-06 11:00:00,50262.708333,79438.416667,KPX_public_sukub_csv
2026-05-06 12:00:00,47491.066667,78993.3,KPX_public_sukub_csv
2026-05-06 13:00:00,50710.358333,79713.991667,KPX_public_sukub_csv
2026-05-06 14:00:00,53405.3,79885.308333,KPX_public_sukub_csv
2026-05-06 15:00:00,55889.758333,80382.016667,KPX_public_sukub_csv
2026-05-06 16:00:00,60057.116667,79389.2,KPX_public_sukub_csv
2026-05-06 17:00:00,63034.508333,80270.308333,KPX_public_sukub_csv
2026-05-06 18:00:00,65948.575,79096.575,KPX_public_sukub_csv
2026-05-06 19:00:00,67116.725,78582.625,KPX_public_sukub_csv
2026-05-06 20:00:00,66123.683333,78424.591667,KPX_public_sukub_csv
2026-05-06 21:00:00,64041.175,78142.941667,KPX_public_sukub_csv
2026-05-06 22:00:00,62798.7,77912.858333,KPX_public_sukub_csv
2026-05-06 23:00:00,60792.383333,77791.191667,KPX_public_sukub_csv
2026-05-07 00:00:00,57183.033333,77413.4,KPX_public_sukub_csv
2026-05-07 01:00:00,55214.883333,77381.4,KPX_public_sukub_csv
2026-05-07 02:00:00,54139.475,76746.866667,KPX_public_sukub_csv
2026-05-07 03:00:00,53492.325,76629.358333,KPX_public_sukub_csv
2026-05-07 04:00:00,53647.783333,76594.583333,KPX_public_sukub_csv
2026-05-07 05:00:00,54554.275,76864.3,KPX_public_sukub_csv
2026-05-07 06:00:00,55937.591667,77354.466667,KPX_public_sukub_csv
2026-05-07 07:00:00,56961.208333,78453.416667,KPX_public_sukub_csv
2026-05-07 08:00:00,57831.508333,79943.75,KPX_public_sukub_csv
2026-05-07 09:00:00,57176.033333,79772.841667,KPX_public_sukub_csv
2026-05-07 10:00:00,55546.925,79428.583333,KPX_public_sukub_csv
2026-05-07 11:00:00,53676.616667,79972.216667,KPX_public_sukub_csv
2026-05-07 12:00:00,51532.075,79073.591667,KPX_public_sukub_csv
2026-05-07 13:00:00,55915.05,81804.583333,KPX_public_sukub_csv
2026-05-07 14:00:00,59608.083333,81795.383333,KPX_public_sukub_csv
2026-05-07 15:00:00,62640.683333,81548.716667,KPX_public_sukub_csv
2026-05-07 16:00:00,65686.083333,79956.108333,KPX_public_sukub_csv
2026-05-07 17:00:00,66491.591667,80001.883333,KPX_public_sukub_csv
2026-05-07 18:00:00,67968.816667,80761.416667,KPX_public_sukub_csv
2026-05-07 19:00:00,68366.633333,80775.35,KPX_public_sukub_csv
2026-05-07 20:00:00,67003.4,80862.383333,KPX_public_sukub_csv
2026-05-07 21:00:00,64762.891667,80770.416667,KPX_public_sukub_csv
2026-05-07 22:00:00,63530.666667,80583.233333,KPX_public_sukub_csv
2026-05-07 23:00:00,61403.808333,80859.116667,KPX_public_sukub_csv
2026-05-08 00:00:00,57726.091667,80894.525,KPX_public_sukub_csv
2026-05-08 01:00:00,55644.225,80747.866667,KPX_public_sukub_csv
2026-05-08 02:00:00,54417.941667,80959.725,KPX_public_sukub_csv
2026-05-08 03:00:00,53702.866667,81099.766667,KPX_public_sukub_csv
2026-05-08 04:00:00,53739.85,80261.158333,KPX_public_sukub_csv
2026-05-08 05:00:00,54846.891667,79831.041667,KPX_public_sukub_csv
2026-05-08 06:00:00,56445.675,80244.591667,KPX_public_sukub_csv
2026-05-08 07:00:00,56477.825,81774.891667,KPX_public_sukub_csv
2026-05-08 08:00:00,55554.975,83042.491667,KPX_public_sukub_csv
2026-05-08 09:00:00,53974.5,84007.625,KPX_public_sukub_csv
2026-05-08 10:00:00,51965.075,84552.975,KPX_public_sukub_csv
2026-05-08 11:00:00,49645.708333,83685.725,KPX_public_sukub_csv
2026-05-08 12:00:00,46452.091667,80403.75,KPX_public_sukub_csv
2026-05-08 13:00:00,49292.791667,80050.225,KPX_public_sukub_csv
2026-05-08 14:00:00,51555.708333,79998.0,KPX_public_sukub_csv
2026-05-08 15:00:00,54108.241667,78750.616667,KPX_public_sukub_csv
2026-05-08 16:00:00,58137.009091,77681.5,KPX_public_sukub_csv
2026-05-08 17:00:00,61007.958333,77770.541667,KPX_public_sukub_csv
2026-05-08 18:00:00,63975.683333,76187.55,KPX_public_sukub_csv
2026-05-08 19:00:00,65313.958333,75879.933333,KPX_public_sukub_csv
2026-05-08 20:00:00,64889.691667,75973.541667,KPX_public_sukub_csv
2026-05-08 21:00:00,63280.441667,75790.558333,KPX_public_sukub_csv
2026-05-08 22:00:00,62531.841667,75580.808333,KPX_public_sukub_csv
2026-05-08 23:00:00,60796.233333,75643.05,KPX_public_sukub_csv
2026-05-09 00:00:00,57102.558333,74489.775,KPX_public_sukub_csv
2026-05-09 01:00:00,55005.425,74414.866667,KPX_public_sukub_csv
2026-05-09 02:00:00,53531.4,74491.775,KPX_public_sukub_csv
2026-05-09 03:00:00,52767.483333,74601.041667,KPX_public_sukub_csv
2026-05-09 04:00:00,52617.008333,74650.391667,KPX_public_sukub_csv
2026-05-09 05:00:00,52923.166667,74663.275,KPX_public_sukub_csv
2026-05-09 06:00:00,52388.516667,74380.033333,KPX_public_sukub_csv
2026-05-09 07:00:00,49302.133333,75228.008333,KPX_public_sukub_csv
2026-05-09 08:00:00,45476.875,76493.208333,KPX_public_sukub_csv
2026-05-09 09:00:00,43083.341667,76532.65,KPX_public_sukub_csv
2026-05-09 10:00:00,41483.708333,76853.408333,KPX_public_sukub_csv
2026-05-09 11:00:00,40387.383333,76650.266667,KPX_public_sukub_csv
2026-05-09 12:00:00,39538.908333,76580.791667,KPX_public_sukub_csv
2026-05-09 13:00:00,40651.533333,76653.575,KPX_public_sukub_csv
2026-05-09 14:00:00,42033.65,76672.575,KPX_public_sukub_csv
2026-05-09 15:00:00,44483.133333,76051.458333,KPX_public_sukub_csv
2026-05-09 16:00:00,48541.183333,76041.333333,KPX_public_sukub_csv
2026-05-09 17:00:00,52755.241667,76141.308333,KPX_public_sukub_csv
2026-05-09 18:00:00,56680.783333,76240.1,KPX_public_sukub_csv
2026-05-09 19:00:00,58704.916667,76432.308333,KPX_public_sukub_csv
2026-05-09 20:00:00,59006.466667,76344.516667,KPX_public_sukub_csv
2026-05-09 21:00:00,57923.075,76284.141667,KPX_public_sukub_csv
2026-05-09 22:00:00,57220.625,75921.483333,KPX_public_sukub_csv
2026-05-09 23:00:00,55705.775,75835.1,KPX_public_sukub_csv
2026-05-10 00:00:00,52539.35,75978.625,KPX_public_sukub_csv
2026-05-10 01:00:00,50434.116667,76058.033333,KPX_public_sukub_csv
2026-05-10 02:00:00,49289.333333,75884.483333,KPX_public_sukub_csv
2026-05-10 03:00:00,48556.508333,75835.266667,KPX_public_sukub_csv
2026-05-10 04:00:00,48653.341667,75862.525,KPX_public_sukub_csv
2026-05-10 05:00:00,48817.975,74929.166667,KPX_public_sukub_csv
2026-05-10 06:00:00,48169.366667,74743.166667,KPX_public_sukub_csv
2026-05-10 07:00:00,45288.883333,75993.0,KPX_public_sukub_csv
2026-05-10 08:00:00,41739.583333,76909.916667,KPX_public_sukub_csv
2026-05-10 09:00:00,39054.733333,76206.183333,KPX_public_sukub_csv
2026-05-10 10:00:00,38509.233333,75709.341667,KPX_public_sukub_csv
2026-05-10 11:00:00,38458.716667,75384.183333,KPX_public_sukub_csv
2026-05-10 12:00:00,38791.3,75869.891667,KPX_public_sukub_csv
2026-05-10 13:00:00,39675.666667,76272.275,KPX_public_sukub_csv
2026-05-10 14:00:00,39856.583333,76402.383333,KPX_public_sukub_csv
2026-05-10 15:00:00,42147.541667,76057.108333,KPX_public_sukub_csv
2026-05-10 16:00:00,46520.566667,74697.95,KPX_public_sukub_csv
2026-05-10 17:00:00,51677.858333,75344.708333,KPX_public_sukub_csv
2026-05-10 18:00:00,56215.933333,74745.908333,KPX_public_sukub_csv
2026-05-10 19:00:00,58627.716667,74782.808333,KPX_public_sukub_csv
2026-05-10 20:00:00,58993.875,75778.783333,KPX_public_sukub_csv
2026-05-10 21:00:00,57765.125,75828.383333,KPX_public_sukub_csv
2026-05-10 22:00:00,56289.566667,76057.05,KPX_public_sukub_csv
2026-05-10 23:00:00,54246.708333,76278.525,KPX_public_sukub_csv
2026-05-11 00:00:00,51265.158333,77207.158333,KPX_public_sukub_csv
2026-05-11 01:00:00,49479.391667,77366.908333,KPX_public_sukub_csv
2026-05-11 02:00:00,48490.85,78793.916667,KPX_public_sukub_csv
2026-05-11 03:00:00,48090.558333,79334.75,KPX_public_sukub_csv
2026-05-11 04:00:00,48708.091667,78985.916667,KPX_public_sukub_csv
2026-05-11 05:00:00,50239.008333,78965.341667,KPX_public_sukub_csv
2026-05-11 06:00:00,52682.383333,79327.616667,KPX_public_sukub_csv
2026-05-11 07:00:00,55216.533333,80405.85,KPX_public_sukub_csv
2026-05-11 08:00:00,57625.625,80836.891667,KPX_public_sukub_csv
2026-05-11 09:00:00,58234.858333,80549.633333,KPX_public_sukub_csv
2026-05-11 10:00:00,58040.366667,80845.033333,KPX_public_sukub_csv
2026-05-11 11:00:00,57296.375,80880.358333,KPX_public_sukub_csv
2026-05-11 12:00:00,54957.791667,80467.375,KPX_public_sukub_csv
2026-05-11 13:00:00,58860.616667,79890.625,KPX_public_sukub_csv
2026-05-11 14:00:00,62176.216667,78992.05,KPX_public_sukub_csv
2026-05-11 15:00:00,64300.791667,78655.491667,KPX_public_sukub_csv
2026-05-11 16:00:00,66217.516667,79113.808333,KPX_public_sukub_csv
2026-05-11 17:00:00,67093.125,80952.15,KPX_public_sukub_csv
2026-05-11 18:00:00,68170.875,80867.75,KPX_public_sukub_csv
2026-05-11 19:00:00,68325.091667,80880.183333,KPX_public_sukub_csv
2026-05-11 20:00:00,67020.441667,81080.716667,KPX_public_sukub_csv
2026-05-11 21:00:00,64859.025,80495.541667,KPX_public_sukub_csv
2026-05-11 22:00:00,63493.591667,80227.941667,KPX_public_sukub_csv
2026-05-11 23:00:00,61162.466667,80294.108333,KPX_public_sukub_csv
2026-05-12 00:00:00,57545.933333,80891.883333,KPX_public_sukub_csv
2026-05-12 01:00:00,55627.333333,80993.583333,KPX_public_sukub_csv
2026-05-12 02:00:00,54483.741667,81466.4,KPX_public_sukub_csv
2026-05-12 03:00:00,53988.883333,81568.25,KPX_public_sukub_csv
2026-05-12 04:00:00,54124.041667,81494.375,KPX_public_sukub_csv
2026-05-12 05:00:00,55149.675,81515.1,KPX_public_sukub_csv
2026-05-12 06:00:00,57716.366667,81647.75,KPX_public_sukub_csv
2026-05-12 07:00:00,61739.45,82606.275,KPX_public_sukub_csv
2026-05-12 08:00:00,65926.908333,82250.433333,KPX_public_sukub_csv
2026-05-12 09:00:00,66417.625,82131.95,KPX_public_sukub_csv
2026-05-12 10:00:00,64200.866667,82229.216667,KPX_public_sukub_csv
2026-05-12 11:00:00,61086.9,82380.590909,KPX_public_sukub_csv
2026-05-12 12:00:00,58576.0,82876.6,KPX_public_sukub_csv
2026-05-12 13:00:00,62271.375,82812.45,KPX_public_sukub_csv
2026-05-12 14:00:00,63139.133333,82938.35,KPX_public_sukub_csv
2026-05-12 15:00:00,62982.541667,82303.258333,KPX_public_sukub_csv
2026-05-12 16:00:00,64392.583333,82261.333333,KPX_public_sukub_csv
2026-05-12 17:00:00,65804.3,83457.533333,KPX_public_sukub_csv
2026-05-12 18:00:00,68064.175,82735.275,KPX_public_sukub_csv
2026-05-12 19:00:00,69146.483333,82228.583333,KPX_public_sukub_csv
2026-05-12 20:00:00,68030.127273,81971.645455,KPX_public_sukub_csv
2026-05-12 21:00:00,65690.291667,81750.825,KPX_public_sukub_csv
2026-05-12 22:00:00,64278.875,81821.533333,KPX_public_sukub_csv
2026-05-12 23:00:00,61941.591667,81868.083333,KPX_public_sukub_csv
2026-05-13 00:00:00,58064.754545,81946.345455,KPX_public_sukub_csv
2026-05-13 01:00:00,56141.8,81900.825,KPX_public_sukub_csv
2026-05-13 02:00:00,54855.041667,81840.3,KPX_public_sukub_csv
2026-05-13 03:00:00,54193.758333,81389.366667,KPX_public_sukub_csv
2026-05-13 04:00:00,54442.591667,81278.941667,KPX_public_sukub_csv
2026-05-13 05:00:00,55488.266667,80875.6,KPX_public_sukub_csv
2026-05-13 06:00:00,57482.991667,80964.291667,KPX_public_sukub_csv
2026-05-13 07:00:00,59584.725,82002.241667,KPX_public_sukub_csv
2026-05-13 08:00:00,60612.291667,82986.208333,KPX_public_sukub_csv
2026-05-13 09:00:00,58419.916667,83532.583333,KPX_public_sukub_csv
2026-05-13 10:00:00,55513.233333,84728.975,KPX_public_sukub_csv
2026-05-13 11:00:00,53282.708333,85052.9,KPX_public_sukub_csv
2026-05-13 12:00:00,50527.825,85049.308333,KPX_public_sukub_csv
2026-05-13 13:00:00,54068.4,85533.266667,KPX_public_sukub_csv
2026-05-13 14:00:00,56938.183333,85789.95,KPX_public_sukub_csv
2026-05-13 15:00:00,59632.341667,85687.933333,KPX_public_sukub_csv
2026-05-13 16:00:00,63555.541667,85784.008333,KPX_public_sukub_csv
2026-05-13 17:00:00,66040.425,85129.75,KPX_public_sukub_csv
2026-05-13 18:00:00,68089.3,83293.725,KPX_public_sukub_csv
2026-05-13 19:00:00,69083.558333,81368.266667,KPX_public_sukub_csv
2026-05-13 20:00:00,68175.733333,80994.508333,KPX_public_sukub_csv
2026-05-13 21:00:00,66086.608333,80690.158333,KPX_public_sukub_csv
2026-05-13 22:00:00,64662.791667,80440.725,KPX_public_sukub_csv
2026-05-13 23:00:00,62345.783333,80392.316667,KPX_public_sukub_csv
2026-05-14 00:00:00,58561.616667,79425.008333,KPX_public_sukub_csv
2026-05-14 01:00:00,56437.533333,79334.75,KPX_public_sukub_csv
2026-05-14 02:00:00,55167.975,78926.433333,KPX_public_sukub_csv
2026-05-14 03:00:00,54458.7,78967.558333,KPX_public_sukub_csv
2026-05-14 04:00:00,54531.233333,78474.8,KPX_public_sukub_csv
2026-05-14 05:00:00,55356.441667,78441.441667,KPX_public_sukub_csv
2026-05-14 06:00:00,56994.658333,79260.508333,KPX_public_sukub_csv
2026-05-14 07:00:00,58375.325,80433.991667,KPX_public_sukub_csv
2026-05-14 08:00:00,59096.4,82071.516667,KPX_public_sukub_csv
2026-05-14 09:00:00,58452.516667,83074.541667,KPX_public_sukub_csv
2026-05-14 10:00:00,57276.333333,83777.083333,KPX_public_sukub_csv
2026-05-14 11:00:00,55475.866667,83959.375,KPX_public_sukub_csv
2026-05-14 12:00:00,53175.255556,83974.177778,KPX_public_sukub_csv
